-- Generated by Craft v2.5.2755 on Apr 22, 2016, 11:23:54 PM.

--
-- Disable foreign key checks and autocommit.
--

SET FOREIGN_KEY_CHECKS = 0;
SET SQL_MODE = "NO_AUTO_VALUE_ON_ZERO";
SET AUTOCOMMIT = 0;
SET NAMES utf8;


DROP TABLE IF EXISTS `4y2e9_assetfiles`;


--
-- Schema for table `4y2e9_assetfiles`
--
CREATE TABLE `4y2e9_assetfiles` (
  `id` int(11) NOT NULL,
  `sourceId` int(11) DEFAULT NULL,
  `folderId` int(11) NOT NULL,
  `filename` varchar(255) COLLATE utf8_unicode_ci NOT NULL,
  `kind` varchar(50) COLLATE utf8_unicode_ci NOT NULL DEFAULT 'unknown',
  `width` int(11) unsigned DEFAULT NULL,
  `height` int(11) unsigned DEFAULT NULL,
  `size` int(11) unsigned DEFAULT NULL,
  `dateModified` datetime DEFAULT NULL,
  `dateCreated` datetime NOT NULL,
  `dateUpdated` datetime NOT NULL,
  `uid` char(36) COLLATE utf8_unicode_ci NOT NULL DEFAULT '0',
  PRIMARY KEY (`id`),
  UNIQUE KEY `4y2e9_assetfiles_filename_folderId_unq_idx` (`filename`,`folderId`),
  KEY `4y2e9_assetfiles_sourceId_fk` (`sourceId`),
  KEY `4y2e9_assetfiles_folderId_fk` (`folderId`)
) ENGINE=InnoDB DEFAULT CHARSET=utf8 COLLATE=utf8_unicode_ci;

--
-- Data for table `4y2e9_assetfiles`
--

INSERT INTO `4y2e9_assetfiles` (`id`, `sourceId`, `folderId`, `filename`, `kind`, `width`, `height`, `size`, `dateModified`, `dateCreated`, `dateUpdated`, `uid`) VALUES
 ('4', '1', '1', 'stock-photo-27046268-steady-hands-for-a-delicate-procedure.jpg', 'image', '556', '370', '22529', '2015-10-03 15:07:35', '2015-10-03 15:07:35', '2015-10-03 15:07:35', '4f23e3c0-9cc3-4ed7-859f-9cba6a903db3'),
 ('21', '1', '1', 'Disk_cropped-1617373_220x165.jpg', 'image', '220', '165', '14571', '2015-10-03 23:08:36', '2015-10-03 23:08:36', '2015-10-03 23:08:36', 'ffd693ff-bd77-4603-ac5e-bd40510dee89'),
 ('33', '1', '1', 'tray.png', 'image', '700', '620', '773984', '2015-10-17 15:04:50', '2015-10-17 15:04:50', '2015-10-17 15:04:50', '670c9e7f-5540-4997-99c4-9ddd11691b3d'),
 ('40', '1', '1', 'accusolo.jpg', 'image', '443', '309', '31866', '2015-10-17 18:59:53', '2015-10-17 18:59:53', '2015-10-17 18:59:53', 'd5baa9f9-2d92-42ff-9438-55d3e0ae81ae');



DROP TABLE IF EXISTS `4y2e9_assetfolders`;


--
-- Schema for table `4y2e9_assetfolders`
--
CREATE TABLE `4y2e9_assetfolders` (
  `id` int(11) NOT NULL AUTO_INCREMENT,
  `parentId` int(11) DEFAULT NULL,
  `sourceId` int(11) DEFAULT NULL,
  `name` varchar(255) COLLATE utf8_unicode_ci NOT NULL,
  `path` varchar(255) COLLATE utf8_unicode_ci DEFAULT NULL,
  `dateCreated` datetime NOT NULL,
  `dateUpdated` datetime NOT NULL,
  `uid` char(36) COLLATE utf8_unicode_ci NOT NULL DEFAULT '0',
  PRIMARY KEY (`id`),
  UNIQUE KEY `4y2e9_assetfolders_name_parentId_sourceId_unq_idx` (`name`,`parentId`,`sourceId`),
  KEY `4y2e9_assetfolders_parentId_fk` (`parentId`),
  KEY `4y2e9_assetfolders_sourceId_fk` (`sourceId`)
) ENGINE=InnoDB AUTO_INCREMENT=2 DEFAULT CHARSET=utf8 COLLATE=utf8_unicode_ci;

--
-- Data for table `4y2e9_assetfolders`
--

INSERT INTO `4y2e9_assetfolders` (`id`, `parentId`, `sourceId`, `name`, `path`, `dateCreated`, `dateUpdated`, `uid`) VALUES
 ('1', NULL, '1', 'Uploads Folder', '', '2015-10-03 14:27:43', '2015-10-03 14:34:12', '1deef921-d76d-40e8-8313-e51161f3d1f5');



DROP TABLE IF EXISTS `4y2e9_assetindexdata`;


--
-- Schema for table `4y2e9_assetindexdata`
--
CREATE TABLE `4y2e9_assetindexdata` (
  `id` int(11) NOT NULL AUTO_INCREMENT,
  `sessionId` varchar(36) COLLATE utf8_unicode_ci NOT NULL DEFAULT '',
  `sourceId` int(11) NOT NULL,
  `offset` int(11) NOT NULL,
  `uri` varchar(255) COLLATE utf8_unicode_ci DEFAULT NULL,
  `size` int(11) DEFAULT NULL,
  `recordId` int(11) DEFAULT NULL,
  `dateCreated` datetime NOT NULL,
  `dateUpdated` datetime NOT NULL,
  `uid` char(36) COLLATE utf8_unicode_ci NOT NULL DEFAULT '0',
  PRIMARY KEY (`id`),
  UNIQUE KEY `4y2e9_assetindexdata_sessionId_sourceId_offset_unq_idx` (`sessionId`,`sourceId`,`offset`),
  KEY `4y2e9_assetindexdata_sourceId_fk` (`sourceId`)
) ENGINE=InnoDB DEFAULT CHARSET=utf8 COLLATE=utf8_unicode_ci;

DROP TABLE IF EXISTS `4y2e9_assetsources`;


--
-- Schema for table `4y2e9_assetsources`
--
CREATE TABLE `4y2e9_assetsources` (
  `id` int(11) NOT NULL AUTO_INCREMENT,
  `name` varchar(255) COLLATE utf8_unicode_ci NOT NULL,
  `handle` varchar(255) COLLATE utf8_unicode_ci NOT NULL,
  `type` varchar(150) COLLATE utf8_unicode_ci NOT NULL,
  `settings` text COLLATE utf8_unicode_ci,
  `sortOrder` tinyint(4) DEFAULT NULL,
  `fieldLayoutId` int(11) DEFAULT NULL,
  `dateCreated` datetime NOT NULL,
  `dateUpdated` datetime NOT NULL,
  `uid` char(36) COLLATE utf8_unicode_ci NOT NULL DEFAULT '0',
  PRIMARY KEY (`id`),
  UNIQUE KEY `4y2e9_assetsources_name_unq_idx` (`name`),
  UNIQUE KEY `4y2e9_assetsources_handle_unq_idx` (`handle`),
  KEY `4y2e9_assetsources_fieldLayoutId_fk` (`fieldLayoutId`)
) ENGINE=InnoDB AUTO_INCREMENT=2 DEFAULT CHARSET=utf8 COLLATE=utf8_unicode_ci;

--
-- Data for table `4y2e9_assetsources`
--

INSERT INTO `4y2e9_assetsources` (`id`, `name`, `handle`, `type`, `settings`, `sortOrder`, `fieldLayoutId`, `dateCreated`, `dateUpdated`, `uid`) VALUES
 ('1', 'Uploads Folder', 'uploadsFolder', 'Local', '{\"path\":\"uploads\\/\",\"url\":\"http:\\/\\/konnexis.dev\\/uploads\\/\"}', '1', '11', '2015-10-03 14:27:43', '2015-10-03 15:06:22', 'd66aa6e1-0477-4877-875b-f5db4ccf33cb');



DROP TABLE IF EXISTS `4y2e9_assettransformindex`;


--
-- Schema for table `4y2e9_assettransformindex`
--
CREATE TABLE `4y2e9_assettransformindex` (
  `id` int(11) NOT NULL AUTO_INCREMENT,
  `fileId` int(11) NOT NULL,
  `filename` varchar(255) COLLATE utf8_unicode_ci DEFAULT NULL,
  `format` varchar(255) COLLATE utf8_unicode_ci DEFAULT NULL,
  `location` varchar(255) COLLATE utf8_unicode_ci NOT NULL,
  `sourceId` int(11) DEFAULT NULL,
  `fileExists` tinyint(1) DEFAULT NULL,
  `inProgress` tinyint(1) DEFAULT NULL,
  `dateIndexed` datetime DEFAULT NULL,
  `dateCreated` datetime NOT NULL,
  `dateUpdated` datetime NOT NULL,
  `uid` char(36) COLLATE utf8_unicode_ci NOT NULL DEFAULT '0',
  PRIMARY KEY (`id`),
  KEY `4y2e9_assettransformindex_sourceId_fileId_location_idx` (`sourceId`,`fileId`,`location`)
) ENGINE=InnoDB AUTO_INCREMENT=9 DEFAULT CHARSET=utf8 COLLATE=utf8_unicode_ci;

DROP TABLE IF EXISTS `4y2e9_assettransforms`;


--
-- Schema for table `4y2e9_assettransforms`
--
CREATE TABLE `4y2e9_assettransforms` (
  `id` int(11) NOT NULL AUTO_INCREMENT,
  `name` varchar(255) COLLATE utf8_unicode_ci NOT NULL,
  `handle` varchar(255) COLLATE utf8_unicode_ci NOT NULL,
  `mode` enum('stretch','fit','crop') COLLATE utf8_unicode_ci NOT NULL DEFAULT 'crop',
  `position` enum('top-left','top-center','top-right','center-left','center-center','center-right','bottom-left','bottom-center','bottom-right') COLLATE utf8_unicode_ci NOT NULL DEFAULT 'center-center',
  `height` int(11) DEFAULT NULL,
  `width` int(11) DEFAULT NULL,
  `format` varchar(255) COLLATE utf8_unicode_ci DEFAULT NULL,
  `quality` int(11) DEFAULT NULL,
  `dimensionChangeTime` datetime DEFAULT NULL,
  `dateCreated` datetime NOT NULL,
  `dateUpdated` datetime NOT NULL,
  `uid` char(36) COLLATE utf8_unicode_ci NOT NULL DEFAULT '0',
  PRIMARY KEY (`id`),
  UNIQUE KEY `4y2e9_assettransforms_name_unq_idx` (`name`),
  UNIQUE KEY `4y2e9_assettransforms_handle_unq_idx` (`handle`)
) ENGINE=InnoDB AUTO_INCREMENT=4 DEFAULT CHARSET=utf8 COLLATE=utf8_unicode_ci;

--
-- Data for table `4y2e9_assettransforms`
--

INSERT INTO `4y2e9_assettransforms` (`id`, `name`, `handle`, `mode`, `position`, `height`, `width`, `format`, `quality`, `dimensionChangeTime`, `dateCreated`, `dateUpdated`, `uid`) VALUES
 ('1', 'Thumbnail', 'thumbnail', 'crop', 'center-center', '250', '250', NULL, '60', '2015-10-03 15:07:11', '2015-10-03 15:07:11', '2015-12-09 21:04:18', '66945716-e600-4a5d-829b-db87ce9b7326'),
 ('2', 'Blog Thumb', 'blogThumb', 'crop', 'center-center', '240', '440', NULL, NULL, '2015-10-03 23:12:54', '2015-10-03 23:12:54', '2015-10-03 23:12:54', '913b291a-d533-4c3e-837d-e4e4332cdfa5'),
 ('3', 'Full-Width', 'fullWidth', 'crop', 'center-center', '600', '2000', NULL, NULL, '2015-10-12 22:45:20', '2015-10-12 22:41:54', '2015-10-12 22:45:20', 'c483c0e4-b785-4b49-a166-5200d0a49922');



DROP TABLE IF EXISTS `4y2e9_categories`;


--
-- Schema for table `4y2e9_categories`
--
CREATE TABLE `4y2e9_categories` (
  `id` int(11) NOT NULL,
  `groupId` int(11) NOT NULL,
  `dateCreated` datetime NOT NULL,
  `dateUpdated` datetime NOT NULL,
  `uid` char(36) COLLATE utf8_unicode_ci NOT NULL DEFAULT '0',
  PRIMARY KEY (`id`),
  KEY `4y2e9_categories_groupId_fk` (`groupId`)
) ENGINE=InnoDB DEFAULT CHARSET=utf8 COLLATE=utf8_unicode_ci;

DROP TABLE IF EXISTS `4y2e9_categorygroups`;


--
-- Schema for table `4y2e9_categorygroups`
--
CREATE TABLE `4y2e9_categorygroups` (
  `id` int(11) NOT NULL AUTO_INCREMENT,
  `structureId` int(11) NOT NULL,
  `fieldLayoutId` int(11) DEFAULT NULL,
  `name` varchar(255) COLLATE utf8_unicode_ci NOT NULL,
  `handle` varchar(255) COLLATE utf8_unicode_ci NOT NULL,
  `hasUrls` tinyint(1) unsigned NOT NULL DEFAULT '1',
  `template` varchar(500) COLLATE utf8_unicode_ci DEFAULT NULL,
  `dateCreated` datetime NOT NULL,
  `dateUpdated` datetime NOT NULL,
  `uid` char(36) COLLATE utf8_unicode_ci NOT NULL DEFAULT '0',
  PRIMARY KEY (`id`),
  UNIQUE KEY `4y2e9_categorygroups_name_unq_idx` (`name`),
  UNIQUE KEY `4y2e9_categorygroups_handle_unq_idx` (`handle`),
  KEY `4y2e9_categorygroups_structureId_fk` (`structureId`),
  KEY `4y2e9_categorygroups_fieldLayoutId_fk` (`fieldLayoutId`)
) ENGINE=InnoDB DEFAULT CHARSET=utf8 COLLATE=utf8_unicode_ci;

DROP TABLE IF EXISTS `4y2e9_categorygroups_i18n`;


--
-- Schema for table `4y2e9_categorygroups_i18n`
--
CREATE TABLE `4y2e9_categorygroups_i18n` (
  `id` int(11) NOT NULL AUTO_INCREMENT,
  `groupId` int(11) NOT NULL,
  `locale` char(12) COLLATE utf8_unicode_ci NOT NULL,
  `urlFormat` text COLLATE utf8_unicode_ci,
  `nestedUrlFormat` text COLLATE utf8_unicode_ci,
  `dateCreated` datetime NOT NULL,
  `dateUpdated` datetime NOT NULL,
  `uid` char(36) COLLATE utf8_unicode_ci NOT NULL DEFAULT '0',
  PRIMARY KEY (`id`),
  UNIQUE KEY `4y2e9_categorygroups_i18n_groupId_locale_unq_idx` (`groupId`,`locale`),
  KEY `4y2e9_categorygroups_i18n_locale_fk` (`locale`)
) ENGINE=InnoDB DEFAULT CHARSET=utf8 COLLATE=utf8_unicode_ci;

DROP TABLE IF EXISTS `4y2e9_content`;


--
-- Schema for table `4y2e9_content`
--
CREATE TABLE `4y2e9_content` (
  `id` int(11) NOT NULL AUTO_INCREMENT,
  `elementId` int(11) NOT NULL,
  `locale` char(12) COLLATE utf8_unicode_ci NOT NULL,
  `title` varchar(255) COLLATE utf8_unicode_ci DEFAULT NULL,
  `field_body` text COLLATE utf8_unicode_ci,
  `field_tagline` varchar(140) COLLATE utf8_unicode_ci DEFAULT NULL,
  `field_taglineSubtext` text COLLATE utf8_unicode_ci,
  `field_caption` text COLLATE utf8_unicode_ci,
  `field_jobTitle` text COLLATE utf8_unicode_ci,
  `field_emailAddress` text COLLATE utf8_unicode_ci,
  `field_phoneNumber` text COLLATE utf8_unicode_ci,
  `field_address` text COLLATE utf8_unicode_ci,
  `field_twitterUrl` text COLLATE utf8_unicode_ci,
  `field_linkedinUrl` text COLLATE utf8_unicode_ci,
  `field_helpDeskUrl` text COLLATE utf8_unicode_ci,
  `dateCreated` datetime NOT NULL,
  `dateUpdated` datetime NOT NULL,
  `uid` char(36) COLLATE utf8_unicode_ci NOT NULL DEFAULT '0',
  PRIMARY KEY (`id`),
  UNIQUE KEY `4y2e9_content_elementId_locale_unq_idx` (`elementId`,`locale`),
  KEY `4y2e9_content_title_idx` (`title`),
  KEY `4y2e9_content_locale_fk` (`locale`)
) ENGINE=InnoDB AUTO_INCREMENT=26 DEFAULT CHARSET=utf8 COLLATE=utf8_unicode_ci;

--
-- Data for table `4y2e9_content`
--

INSERT INTO `4y2e9_content` (`id`, `elementId`, `locale`, `title`, `field_body`, `field_tagline`, `field_taglineSubtext`, `field_caption`, `field_jobTitle`, `field_emailAddress`, `field_phoneNumber`, `field_address`, `field_twitterUrl`, `field_linkedinUrl`, `field_helpDeskUrl`, `dateCreated`, `dateUpdated`, `uid`) VALUES
 ('1', '1', 'en_ca', NULL, NULL, NULL, NULL, NULL, NULL, NULL, NULL, NULL, NULL, NULL, NULL, '2015-09-26 20:51:47', '2015-09-26 20:51:47', '5067ca9b-e4f8-47f5-8e65-89aa43f4abbf'),
 ('2', '2', 'en_ca', 'Konnexis', '<p>It’s true, this site doesn’t have a whole lot of content yet, but don’t worry. Our web developers have just installed the CMS, and they’re setting things up for the content editors this very moment. Soon Konnexis.dev will be an oasis of fresh perspectives, sharp analyses, and astute opinions that will keep you coming back again and again.</p>', 'Global Market Leaders in Sterilization Control and Monitoring Systems', 'Advanced monitoring solutions designed for the sterilization industry, for growth, production efficiency and the long term.', NULL, NULL, NULL, NULL, NULL, NULL, NULL, NULL, '2015-09-26 20:51:48', '2015-10-17 15:29:38', '6a7e834e-4619-423d-a8fe-a60013784d76'),
 ('3', '3', 'en_ca', 'We just installed Craft!', '<p>Craft is the CMS that’s powering Konnexis.dev. It’s beautiful, powerful, flexible, and easy-to-use, and it’s made by Pixel & Tonic. We can’t wait to dive in and see what it’s capable of!</p><!--pagebreak--><p>This is even more captivating content, which you couldn’t see on the News index page because it was entered after a Page Break, and the News index template only likes to show the content on the first page.</p><p>Craft: a nice alternative to Word, if you’re making a website.</p>', NULL, NULL, NULL, NULL, NULL, NULL, NULL, NULL, NULL, NULL, '2015-09-26 20:51:49', '2015-10-03 23:14:07', '92cc1d6a-2e07-4253-b7d9-db2d9584e878'),
 ('4', '4', 'en_ca', 'Home Header', NULL, NULL, NULL, '', NULL, NULL, NULL, NULL, NULL, NULL, NULL, '2015-10-03 15:07:35', '2015-10-03 15:07:49', '83f48ce3-98d1-496a-a1b0-bbae3664ece7'),
 ('5', '5', 'en_ca', 'Medical Device Manufacturers', NULL, NULL, 'Konnexis helps you ensure that your products are efficiently and properly sterilized through integration of data management systems in Irradiator and chamber control. Our systems include product tracking, specification management, and process monitoring. We offer seamless integration with our customers’ MRP systems, providing enterprise-wide access to on-the-floor information in real time.', NULL, NULL, NULL, NULL, NULL, NULL, NULL, NULL, '2015-10-03 15:33:54', '2015-10-12 19:44:17', 'e80f4875-5b5f-4f87-a2cd-9cdbe7be10d7'),
 ('6', '6', 'en_ca', 'Sterilization Services Contractors', NULL, NULL, 'Konnexis provides competitive advantage through affordable scalability through integration of data management in Irradiator and chamber control. Our systems include product tracking, specification management, and process monitoring. We offer seamless integration with our customers’ MRP systems, providing enterprise-wide access to on-the-floor information in real time.', NULL, NULL, NULL, NULL, NULL, NULL, NULL, NULL, '2015-10-03 15:34:10', '2015-10-12 19:43:59', '1a99290f-dfdc-423b-a959-08f0490e2b06'),
 ('7', '7', 'en_ca', 'Products & Services', NULL, NULL, '', NULL, NULL, NULL, NULL, NULL, NULL, NULL, NULL, '2015-10-03 15:34:32', '2015-10-17 18:46:39', 'c4baed94-17d5-4434-844f-cbe337495423'),
 ('8', '8', 'en_ca', 'AccuSOLO', NULL, NULL, NULL, NULL, NULL, NULL, NULL, NULL, NULL, NULL, NULL, '2015-10-03 15:34:54', '2015-10-18 01:38:40', 'f319c3de-b911-4344-8577-273965a512d2'),
 ('9', '9', 'en_ca', 'konnTRACK', NULL, NULL, NULL, NULL, NULL, NULL, NULL, NULL, NULL, NULL, NULL, '2015-10-03 15:35:41', '2015-10-17 19:44:46', '5bbc0382-bb66-485e-b08d-3ab1db7425c9'),
 ('10', '10', 'en_ca', 'Consulting Services', NULL, NULL, '', NULL, NULL, NULL, NULL, NULL, NULL, NULL, NULL, '2015-10-03 15:36:12', '2015-10-17 19:44:56', 'b1424b83-24c4-44c0-a951-3cc72020a97b'),
 ('11', '11', 'en_ca', 'Sterilization Methods', NULL, NULL, NULL, NULL, NULL, NULL, NULL, NULL, NULL, NULL, NULL, '2015-10-03 15:36:28', '2015-10-03 15:36:28', '31cbe06e-1ba4-4b85-8960-dc482e780a0c'),
 ('12', '12', 'en_ca', 'Help Desk', NULL, NULL, NULL, NULL, NULL, NULL, NULL, NULL, NULL, NULL, NULL, '2015-10-03 15:36:40', '2015-10-03 15:36:40', 'c5d50888-e132-42e3-a5fc-75cd9db028c7'),
 ('13', '13', 'en_ca', 'About Us', NULL, NULL, 'Originally from Slovakia, Peter Veselovsky came to Canada to study process engineering at the University of Toronto. As an avid skier he fell in love with Canadian winters and decided to stay. While working with Nordion leading their Irradiator Control Systems group and their Radiation Therapy Controls group he realized that the level of integration into large company systems was severely lacking. Peter believed that it was possible to integrate sterilization control systems with manufacturer’s complex work flows and still have highly effective and safe systems that would meet stringent regulatory standards. With this aim, Peter formed Konnexis in 2000 and now, with his hand picked team, provides control systems and integration services for sterilization systems of all kinds around the world.', NULL, NULL, NULL, NULL, NULL, NULL, NULL, NULL, '2015-10-03 15:36:49', '2015-10-18 23:25:31', '4cc639ce-af66-4c6a-b5a6-c36f973da0c3'),
 ('14', '14', 'en_ca', 'Ron Nyegard', '<p>Konnexis continues to provide excellent consulting, system development, and end-user support services to STERIS Isomedix Services. With over a 6-year business relationship, we have used Konnexis resources for development and implementation of our ERP application, business-to-business web services, customer web portal, and various process control and monitoring systems for both gamma and ethylene oxide processing. Their system’s expertise has delivered innovative solutions to our business requirements, resulting in positive impacts on our daily operations and our overall customer satisfaction ratings.</p>', NULL, NULL, NULL, 'Director of Operations Systems Development at STERIS Isomedix Services', NULL, NULL, NULL, NULL, NULL, NULL, '2015-10-03 18:33:38', '2015-10-03 18:33:38', 'a36a794e-ec58-4b28-a9e0-5ec23c1a0d7d'),
 ('15', '15', 'en_ca', NULL, NULL, NULL, NULL, NULL, NULL, 'sales@konnexis.com', '1-613-599-7371 x223', '300 March Road, Suite 102, Kanata, ON K2K 2E2', 'https://twitter.com/Konnexis', 'http://www.linkedin.com/company/konnexis', 'http://www.google.com', '2015-10-03 18:37:49', '2016-01-04 00:27:00', 'e03dbc54-1d2e-499b-a41c-00765e8aca84'),
 ('16', '16', 'en_ca', 'Kitchen Sink', NULL, NULL, NULL, NULL, NULL, NULL, NULL, NULL, NULL, NULL, NULL, '2015-10-03 21:26:13', '2015-10-03 21:26:13', 'b3890c6d-5d5a-4672-be10-8bf87d53090f'),
 ('17', '17', 'en_ca', 'Integrated Control Systems', '<p>Konnexis’ control systems do more than simply monitor your sterilization process.  This is because our systems are fully integrated with product tracking and process monitoring!  Read <a title=\"Why Konnexis?\" href=\"http://www.konnexis.com/why-integrate/\">About Us&gt;&gt;Why Konnexis?</a> to find out about the benefits of our systems.</p>', NULL, NULL, NULL, NULL, NULL, NULL, NULL, NULL, NULL, NULL, '2015-10-03 22:39:22', '2015-10-03 23:08:41', 'e34a107e-8150-4ee7-af0d-2feeef542223'),
 ('18', '18', 'en_ca', 'test entry', '<p>Lorem ipsum dolor sit amet, consectetur adipisicing elit, sed do eiusmod tempor incididunt ut labore et dolore magna aliqua. Ut enim ad minim veniam, quis nostrud exercitation ullamco laboris nisi ut aliquip ex ea commodo consequat. Duis aute irure dolor in reprehenderit in voluptate velit esse cillum dolore eu fugiat nulla pariatur. Excepteur sint occaecat cupidatat non proident, sunt in culpa qui officia deserunt mollit anim id est laborum.</p>', NULL, NULL, NULL, NULL, NULL, NULL, NULL, NULL, NULL, NULL, '2015-10-03 22:56:20', '2015-10-03 23:13:53', '25fb6508-7ea3-434c-b441-6f3821c7397d'),
 ('19', '19', 'en_ca', 'test 2', '<p>Lorem ipsum dolor sit amet, consectetur adipisicing elit, sed do eiusmod tempor incididunt ut labore et dolore magna aliqua. Ut enim ad minim veniam, quis nostrud exercitation ullamco laboris nisi ut aliquip ex ea commodo consequat. Duis aute irure dolor in reprehenderit in voluptate velit esse cillum dolore eu fugiat nulla pariatur. Excepteur sint occaecat cupidatat non proident, sunt in culpa qui officia deserunt mollit anim id est laborum.</p>', NULL, NULL, NULL, NULL, NULL, NULL, NULL, NULL, NULL, NULL, '2015-10-03 22:56:28', '2015-10-03 23:14:30', '0ab69061-be01-48b1-894d-671860cf2463'),
 ('20', '20', 'en_ca', 'test 3', '<p>Lorem ipsum dolor sit amet, consectetur adipisicing elit, sed do eiusmod tempor incididunt ut labore et dolore magna aliqua. Ut enim ad minim veniam, quis nostrud exercitation ullamco laboris nisi ut aliquip ex ea commodo consequat. Duis aute irure dolor in reprehenderit in voluptate velit esse cillum dolore eu fugiat nulla pariatur. Excepteur sint occaecat cupidatat non proident, sunt in culpa qui officia deserunt mollit anim id est laborum.</p>', NULL, NULL, NULL, NULL, NULL, NULL, NULL, NULL, NULL, NULL, '2015-10-03 22:56:37', '2015-10-03 23:13:41', '0597f17a-b3e4-4f57-9746-62d34e8087a5'),
 ('21', '21', 'en_ca', 'Disk cropped-1617373 220x165', NULL, NULL, NULL, NULL, NULL, NULL, NULL, NULL, NULL, NULL, NULL, '2015-10-03 23:08:36', '2015-10-03 23:08:36', 'd65fdeb4-6f60-4a35-b58b-4da68b0bb406'),
 ('22', '33', 'en_ca', 'tray', NULL, NULL, NULL, NULL, NULL, NULL, NULL, NULL, NULL, NULL, NULL, '2015-10-17 15:04:50', '2015-10-17 15:04:50', '3443696c-37a4-49a7-a2d4-1c4ca101e3ef'),
 ('23', '40', 'en_ca', 'accusolo', NULL, NULL, NULL, NULL, NULL, NULL, NULL, NULL, NULL, NULL, NULL, '2015-10-17 18:59:53', '2015-10-17 18:59:53', 'b93b5380-29ff-498c-bb53-d52558e823ec'),
 ('24', '55', 'en_ca', 'Sample Man', '<p>Lorem ipsum dolor sit amet, consectetur adipisicing elit. Rerum quos voluptas est natus quia deserunt, debitis laudantium! Autem esse dolor, voluptas architecto mollitia perspiciatis, commodi minima, illum eligendi vero voluptatibus.</p>', NULL, NULL, NULL, 'Sampler', NULL, NULL, NULL, NULL, NULL, NULL, '2015-10-18 16:30:04', '2015-10-18 16:30:04', '1e312e18-0625-4031-82e4-768e38e64f23'),
 ('25', '56', 'en_ca', 'Test Lady', '<p>Rerum quos voluptas est natus quia deserunt, debitis laudantium! Autem esse dolor, voluptas architecto mollitia perspiciatis, commodi minima, illum eligendi vero voluptatibus. Lorem ipsum dolor sit amet, consectetur adipisicing elit. Rerum quos voluptas est natus quia deserunt, debitis laudantium! Autem esse dolor, voluptas architecto mollitia perspiciatis, commodi minima, illum eligendi vero voluptatibus.</p>', NULL, NULL, NULL, 'Tester', NULL, NULL, NULL, NULL, NULL, NULL, '2015-10-18 16:30:26', '2015-10-18 16:30:26', '4a62df6d-6ea0-43ef-8af2-ebd674cfd8ca');



DROP TABLE IF EXISTS `4y2e9_deprecationerrors`;


--
-- Schema for table `4y2e9_deprecationerrors`
--
CREATE TABLE `4y2e9_deprecationerrors` (
  `id` int(11) NOT NULL AUTO_INCREMENT,
  `key` varchar(255) COLLATE utf8_unicode_ci NOT NULL,
  `fingerprint` varchar(255) COLLATE utf8_unicode_ci NOT NULL,
  `lastOccurrence` datetime NOT NULL,
  `file` varchar(255) COLLATE utf8_unicode_ci NOT NULL,
  `line` smallint(6) unsigned NOT NULL,
  `class` varchar(255) COLLATE utf8_unicode_ci DEFAULT NULL,
  `method` varchar(255) COLLATE utf8_unicode_ci DEFAULT NULL,
  `template` varchar(255) COLLATE utf8_unicode_ci DEFAULT NULL,
  `templateLine` smallint(6) unsigned DEFAULT NULL,
  `message` varchar(255) COLLATE utf8_unicode_ci DEFAULT NULL,
  `traces` text COLLATE utf8_unicode_ci,
  `dateCreated` datetime NOT NULL,
  `dateUpdated` datetime NOT NULL,
  `uid` char(36) COLLATE utf8_unicode_ci NOT NULL DEFAULT '0',
  PRIMARY KEY (`id`),
  UNIQUE KEY `4y2e9_deprecationerrors_key_fingerprint_unq_idx` (`key`,`fingerprint`)
) ENGINE=InnoDB DEFAULT CHARSET=utf8 COLLATE=utf8_unicode_ci;

DROP TABLE IF EXISTS `4y2e9_elementindexsettings`;


--
-- Schema for table `4y2e9_elementindexsettings`
--
CREATE TABLE `4y2e9_elementindexsettings` (
  `id` int(11) NOT NULL AUTO_INCREMENT,
  `type` varchar(150) COLLATE utf8_unicode_ci NOT NULL,
  `settings` text COLLATE utf8_unicode_ci,
  `dateCreated` datetime NOT NULL,
  `dateUpdated` datetime NOT NULL,
  `uid` char(36) COLLATE utf8_unicode_ci NOT NULL DEFAULT '0',
  PRIMARY KEY (`id`),
  UNIQUE KEY `4y2e9_elementindexsettings_type_unq_idx` (`type`)
) ENGINE=InnoDB AUTO_INCREMENT=2 DEFAULT CHARSET=utf8 COLLATE=utf8_unicode_ci;

--
-- Data for table `4y2e9_elementindexsettings`
--

INSERT INTO `4y2e9_elementindexsettings` (`id`, `type`, `settings`, `dateCreated`, `dateUpdated`, `uid`) VALUES
 ('1', 'Entry', '{\"sourceOrder\":[[\"key\",\"*\"],[\"key\",\"singles\"],[\"key\",\"section:3\"],[\"key\",\"section:2\"],[\"key\",\"section:4\"]],\"sources\":{\"section:3\":{\"tableAttributes\":{\"1\":\"author\",\"2\":\"link\",\"3\":\"type\",\"4\":\"dateCreated\",\"5\":\"dateUpdated\",\"6\":\"expiryDate\"}},\"*\":{\"tableAttributes\":{\"1\":\"section\",\"2\":\"postDate\",\"3\":\"expiryDate\",\"4\":\"author\",\"5\":\"link\"}},\"singles\":{\"tableAttributes\":{\"1\":\"author\",\"2\":\"link\",\"3\":\"uri\"}}}}', '2015-12-09 23:17:29', '2015-12-09 23:18:57', 'b3c9dc53-dd8f-45e1-a3d4-eb71ecaed889');



DROP TABLE IF EXISTS `4y2e9_elements`;


--
-- Schema for table `4y2e9_elements`
--
CREATE TABLE `4y2e9_elements` (
  `id` int(11) NOT NULL AUTO_INCREMENT,
  `type` varchar(150) COLLATE utf8_unicode_ci NOT NULL,
  `enabled` tinyint(1) unsigned NOT NULL DEFAULT '1',
  `archived` tinyint(1) unsigned NOT NULL DEFAULT '0',
  `dateCreated` datetime NOT NULL,
  `dateUpdated` datetime NOT NULL,
  `uid` char(36) COLLATE utf8_unicode_ci NOT NULL DEFAULT '0',
  PRIMARY KEY (`id`),
  KEY `4y2e9_elements_type_idx` (`type`),
  KEY `4y2e9_elements_enabled_idx` (`enabled`),
  KEY `4y2e9_elements_archived_dateCreated_idx` (`archived`,`dateCreated`)
) ENGINE=InnoDB AUTO_INCREMENT=57 DEFAULT CHARSET=utf8 COLLATE=utf8_unicode_ci;

--
-- Data for table `4y2e9_elements`
--

INSERT INTO `4y2e9_elements` (`id`, `type`, `enabled`, `archived`, `dateCreated`, `dateUpdated`, `uid`) VALUES
 ('1', 'User', '1', '0', '2015-09-26 20:51:47', '2015-09-26 20:51:47', '169105f4-f8a0-4cc2-a21a-16a63f2347b9'),
 ('2', 'Entry', '1', '0', '2015-09-26 20:51:48', '2015-10-17 15:29:38', 'c6208b11-80be-4ef6-9b93-da62fd76503d'),
 ('3', 'Entry', '1', '0', '2015-09-26 20:51:49', '2015-10-03 23:14:07', 'be374485-eaf5-4e8c-8ae3-740257af937f'),
 ('4', 'Asset', '1', '0', '2015-10-03 15:07:35', '2015-10-03 15:07:49', '50b2f0ee-5055-44fd-8e13-78398d473969'),
 ('5', 'Entry', '1', '0', '2015-10-03 15:33:53', '2015-10-12 19:44:17', '5cd87f1c-518b-4517-8ea7-9fb556f4638d'),
 ('6', 'Entry', '1', '0', '2015-10-03 15:34:10', '2015-10-12 19:43:59', '27be46f1-8e47-414e-afb6-4f59a179d042'),
 ('7', 'Entry', '1', '0', '2015-10-03 15:34:32', '2015-10-17 18:46:39', '750365a0-f95e-47d2-a2aa-44de181e2d58'),
 ('8', 'Entry', '1', '0', '2015-10-03 15:34:54', '2015-10-18 01:38:40', '61848091-8bfb-446c-bc78-2fb58c625ecc'),
 ('9', 'Entry', '1', '0', '2015-10-03 15:35:40', '2015-10-17 19:44:46', 'c52b5d81-88de-41ec-831e-7101f84ad5af'),
 ('10', 'Entry', '1', '0', '2015-10-03 15:36:12', '2015-10-17 19:44:56', 'eeca0b7d-666f-4abc-a8dd-853e6ea5181d'),
 ('11', 'Entry', '1', '0', '2015-10-03 15:36:28', '2015-10-03 15:36:28', 'f117a849-4fb2-4d67-989d-a00a7e26a907'),
 ('12', 'Entry', '1', '0', '2015-10-03 15:36:40', '2015-10-03 15:36:40', '540ce4b6-d69d-4c1a-b9c0-a48bcbc4d65b'),
 ('13', 'Entry', '1', '0', '2015-10-03 15:36:49', '2015-10-18 23:25:31', '99996fec-0146-4dfe-ab4d-aa065ab2c987'),
 ('14', 'Entry', '1', '0', '2015-10-03 18:33:38', '2015-10-03 18:33:38', '3959d8fe-9976-40aa-9f54-b72822551319'),
 ('15', 'GlobalSet', '1', '0', '2015-10-03 18:37:49', '2016-01-04 00:27:00', 'ef4fd2d3-3fbf-49fe-9fae-2ea0cacd2ee4'),
 ('16', 'Entry', '1', '0', '2015-10-03 21:26:13', '2015-10-03 21:26:13', '216d8bc2-39fd-4c3e-a3f7-fa60f9414e05'),
 ('17', 'Entry', '1', '0', '2015-10-03 22:39:22', '2015-10-03 23:08:41', '8e8b0df7-f6c1-4f3f-a9d7-c29932e12c6a'),
 ('18', 'Entry', '1', '0', '2015-10-03 22:56:20', '2015-10-03 23:13:53', 'ab108643-1bb7-4396-94cf-f40c19aee025'),
 ('19', 'Entry', '1', '0', '2015-10-03 22:56:28', '2015-10-03 23:14:30', 'f4ee0daf-8144-434e-bcb7-cb557afc6d3f'),
 ('20', 'Entry', '1', '0', '2015-10-03 22:56:37', '2015-10-03 23:13:41', 'ecf197ed-0944-437c-ab71-c1b0cb38823d'),
 ('21', 'Asset', '1', '0', '2015-10-03 23:08:36', '2015-10-03 23:08:36', '1657db8e-b3f4-4c7e-baf7-0555a5a52364'),
 ('22', 'MatrixBlock', '1', '0', '2015-10-12 18:29:59', '2015-10-12 19:43:59', 'dd9585ac-295c-4ced-af57-21ea0fd28b27'),
 ('23', 'MatrixBlock', '1', '0', '2015-10-12 18:38:01', '2015-10-12 19:43:59', '1b0f40ac-37bf-4356-a227-a6e6bb3511a2'),
 ('24', 'MatrixBlock', '1', '0', '2015-10-12 18:47:12', '2015-10-12 19:43:59', '3223998a-4a8f-48bd-81f2-7bc0de3448e4'),
 ('25', 'MatrixBlock', '1', '0', '2015-10-12 19:42:29', '2015-10-18 23:25:31', '902afbe4-6756-41f9-9520-0070a875d515'),
 ('26', 'MatrixBlock', '1', '0', '2015-10-17 13:28:57', '2015-10-17 18:46:39', 'c90dac5d-cb9a-4988-af8b-3b265daa0c5e'),
 ('28', 'MatrixBlock', '1', '0', '2015-10-17 14:50:53', '2015-10-17 15:29:38', 'b92de393-27b2-4771-8a16-58fb32287ef1'),
 ('29', 'MatrixBlock', '1', '0', '2015-10-17 14:50:53', '2015-10-17 15:29:38', '9bf02940-710b-4297-ac4b-f3a9a13d7a25'),
 ('30', 'MatrixBlock', '1', '0', '2015-10-17 14:59:51', '2015-10-17 15:29:39', '8a5ae054-8938-419f-a270-0cd7a01b0aa6'),
 ('31', 'MatrixBlock', '1', '0', '2015-10-17 14:59:51', '2015-10-17 15:29:39', '5b7c06b3-be94-4d61-8ab8-c1884c234f95'),
 ('32', 'MatrixBlock', '1', '0', '2015-10-17 14:59:51', '2015-10-17 15:29:39', 'ac8c66e8-0585-454f-8b22-296e667853e1'),
 ('33', 'Asset', '1', '0', '2015-10-17 15:04:50', '2015-10-17 15:04:50', 'c167b5ad-c6f4-4859-bc93-e88ae74c71de'),
 ('34', 'MatrixBlock', '1', '0', '2015-10-17 15:16:14', '2015-10-17 15:29:39', '94236718-5e25-4844-bfde-1eee35dce636'),
 ('35', 'MatrixBlock', '1', '0', '2015-10-17 15:24:18', '2015-10-17 15:29:39', '3dea7359-1192-441e-baaa-b9ef4a8a0f80'),
 ('36', 'SuperTable_Block', '1', '0', '2015-10-17 15:24:18', '2015-10-17 15:29:39', 'b7b7376e-588f-4654-80bb-24501898f79a'),
 ('37', 'SuperTable_Block', '1', '0', '2015-10-17 15:24:18', '2015-10-17 15:29:39', '5ce0c230-78cc-4879-8be5-89f198d3836e'),
 ('38', 'SuperTable_Block', '1', '0', '2015-10-17 15:24:18', '2015-10-17 15:29:39', '155ed2ee-6c95-476e-8cb1-4f2523399574'),
 ('39', 'SuperTable_Block', '1', '0', '2015-10-17 15:24:18', '2015-10-17 15:29:39', 'dc50364e-ef5d-4f3c-be0d-9b4c163a3c2c'),
 ('40', 'Asset', '1', '0', '2015-10-17 18:59:53', '2015-10-17 18:59:53', '7433b631-9c68-4396-befa-a435bd6388d8'),
 ('41', 'MatrixBlock', '1', '0', '2015-10-17 18:59:58', '2015-10-18 01:38:40', '04545e4e-e910-43e6-a06b-39d8a6dd7cbf'),
 ('42', 'MatrixBlock', '1', '0', '2015-10-17 19:10:39', '2015-10-18 01:38:40', 'ff0c486a-5e0a-4ce0-9bc7-d49cfe6b78bf'),
 ('43', 'MatrixBlock', '1', '0', '2015-10-17 19:11:35', '2015-10-18 01:38:41', 'e7a9dd8b-93ff-4177-8884-2922e34f03b1'),
 ('44', 'MatrixBlock', '1', '0', '2015-10-17 19:11:35', '2015-10-18 01:38:41', '399b11de-544a-4588-8f81-9a255a21320f'),
 ('45', 'MatrixBlock', '1', '0', '2015-10-17 19:37:57', '2015-10-17 19:44:46', '5e29083a-0b0b-4e31-b321-505a0719dc22'),
 ('46', 'MatrixBlock', '1', '0', '2015-10-17 19:40:48', '2015-10-17 19:44:56', '6d790c98-491e-4e02-86c1-a05f54a04cfc'),
 ('47', 'MatrixBlock', '1', '0', '2015-10-18 02:16:12', '2015-10-18 23:25:31', '6e7b9bf0-9441-4c61-94df-835448de2b11'),
 ('48', 'SuperTable_Block', '1', '0', '2015-10-18 02:16:12', '2015-10-18 23:25:31', '90b20233-3164-4899-a9b0-3e3d6d930f2e'),
 ('49', 'SuperTable_Block', '1', '0', '2015-10-18 02:16:12', '2015-10-18 23:25:31', 'c45053e0-bbe5-4005-9636-cb8aad075e30'),
 ('50', 'SuperTable_Block', '1', '0', '2015-10-18 02:16:12', '2015-10-18 23:25:31', 'e7bc1b74-cff2-4386-8751-98c88998dc61'),
 ('51', 'SuperTable_Block', '1', '0', '2015-10-18 02:16:12', '2015-10-18 23:25:31', '4a9b84cb-1fde-4a47-ab9f-8d9c32860bcb'),
 ('52', 'MatrixBlock', '1', '0', '2015-10-18 02:35:20', '2015-10-18 23:25:31', '47d6c79d-47b1-4825-bc29-51a75bf26024'),
 ('53', 'MatrixBlock', '1', '0', '2015-10-18 02:35:20', '2015-10-18 23:25:31', 'b0ab9dd2-e4a0-4507-b0cd-21fda8383d3e'),
 ('54', 'MatrixBlock', '1', '0', '2015-10-18 02:35:20', '2015-10-18 23:25:32', '2b22d7f3-015f-47e8-9558-547b2e0f6f0f'),
 ('55', 'Entry', '1', '0', '2015-10-18 16:30:04', '2015-10-18 16:30:04', 'a387da81-19aa-46cc-9f68-054acbc9f303'),
 ('56', 'Entry', '1', '0', '2015-10-18 16:30:26', '2015-10-18 16:30:26', '6fe84365-836e-440c-b071-8c3d0189c5aa');



DROP TABLE IF EXISTS `4y2e9_elements_i18n`;


--
-- Schema for table `4y2e9_elements_i18n`
--
CREATE TABLE `4y2e9_elements_i18n` (
  `id` int(11) NOT NULL AUTO_INCREMENT,
  `elementId` int(11) NOT NULL,
  `locale` char(12) COLLATE utf8_unicode_ci NOT NULL,
  `slug` varchar(255) COLLATE utf8_unicode_ci DEFAULT NULL,
  `uri` varchar(255) COLLATE utf8_unicode_ci DEFAULT NULL,
  `enabled` tinyint(1) unsigned NOT NULL DEFAULT '1',
  `dateCreated` datetime NOT NULL,
  `dateUpdated` datetime NOT NULL,
  `uid` char(36) COLLATE utf8_unicode_ci NOT NULL DEFAULT '0',
  PRIMARY KEY (`id`),
  UNIQUE KEY `4y2e9_elements_i18n_elementId_locale_unq_idx` (`elementId`,`locale`),
  UNIQUE KEY `4y2e9_elements_i18n_uri_locale_unq_idx` (`uri`,`locale`),
  KEY `4y2e9_elements_i18n_slug_locale_idx` (`slug`,`locale`),
  KEY `4y2e9_elements_i18n_enabled_idx` (`enabled`),
  KEY `4y2e9_elements_i18n_locale_fk` (`locale`)
) ENGINE=InnoDB AUTO_INCREMENT=57 DEFAULT CHARSET=utf8 COLLATE=utf8_unicode_ci;

--
-- Data for table `4y2e9_elements_i18n`
--

INSERT INTO `4y2e9_elements_i18n` (`id`, `elementId`, `locale`, `slug`, `uri`, `enabled`, `dateCreated`, `dateUpdated`, `uid`) VALUES
 ('1', '1', 'en_ca', '', NULL, '1', '2015-09-26 20:51:47', '2015-09-26 20:51:47', 'b0a34a5c-8d37-4fc2-a3cb-96902c868a2f'),
 ('2', '2', 'en_ca', 'homepage', '__home__', '1', '2015-09-26 20:51:48', '2015-10-17 15:29:38', '65b9bf5f-40af-4ea2-a0ad-32287e69928d'),
 ('3', '3', 'en_ca', 'we-just-installed-craft', 'blog/2015/we-just-installed-craft', '1', '2015-09-26 20:51:49', '2015-10-03 23:14:07', '41dadb05-afc6-4675-bbd2-b24e0db8fc29'),
 ('4', '4', 'en_ca', 'stock-photo-27046268-steady-hands-for-a-delicate-procedure', NULL, '1', '2015-10-03 15:07:35', '2015-10-03 15:07:49', '18c7fa93-4abb-427f-8c06-9135ca99de72'),
 ('5', '5', 'en_ca', 'medical-device-manufacturers', 'medical-device-manufacturers', '1', '2015-10-03 15:33:54', '2015-10-12 19:44:17', 'd79072c9-a3bd-4679-b071-e61bfb55a885'),
 ('6', '6', 'en_ca', 'sterilization-services-contractors', 'sterilization-services-contractors', '1', '2015-10-03 15:34:10', '2015-10-12 19:43:59', '7f15f0d0-12f5-444b-8974-1874b2fdf5a8'),
 ('7', '7', 'en_ca', 'products-services', 'products-services', '1', '2015-10-03 15:34:33', '2015-10-17 18:46:39', 'cf0db5da-6622-4cbb-9c37-0fe8f07020cb'),
 ('8', '8', 'en_ca', 'accusolo', 'products-services/accusolo', '1', '2015-10-03 15:34:54', '2015-10-18 01:38:40', '5ed210d5-5e66-47dd-af40-52285288eb46'),
 ('9', '9', 'en_ca', 'konntrack', 'products-services/konntrack', '1', '2015-10-03 15:35:41', '2015-10-17 19:44:46', '30115b66-1f24-4ea1-9a35-29e963690708'),
 ('10', '10', 'en_ca', 'consulting', 'products-services/consulting', '1', '2015-10-03 15:36:12', '2015-10-17 19:44:56', 'f41041ba-2d33-4bd3-9297-2a4150948cc2'),
 ('11', '11', 'en_ca', 'sterilization-methods', 'sterilization-methods', '1', '2015-10-03 15:36:29', '2015-10-03 15:36:30', '34d86366-e1a1-4466-bef9-09cbd6736d97'),
 ('12', '12', 'en_ca', 'help-desk', 'help-desk', '1', '2015-10-03 15:36:40', '2015-10-03 15:36:42', 'c0bc2c7f-d069-4cae-85c7-1cc125ff1f5b'),
 ('13', '13', 'en_ca', 'about-us', 'about-us', '1', '2015-10-03 15:36:49', '2015-10-18 23:25:31', '4274e875-8566-4cc2-9e45-0b5d4bc36e2e'),
 ('14', '14', 'en_ca', 'ron-nyegard', NULL, '1', '2015-10-03 18:33:38', '2015-10-03 18:33:38', '3fb5bacf-ac4b-4931-978e-b064f27bbe23'),
 ('15', '15', 'en_ca', '', NULL, '1', '2015-10-03 18:37:49', '2016-01-04 00:27:00', 'dc51ea66-74d7-47cf-af76-98bc6afb6956'),
 ('16', '16', 'en_ca', 'kitchen-sink', 'kitchen-sink', '1', '2015-10-03 21:26:13', '2015-10-03 21:26:13', '91560212-f9e8-4f14-8f62-bd20e53c41e4'),
 ('17', '17', 'en_ca', 'integrated-control-systems', 'blog/2013/integrated-control-systems', '1', '2015-10-03 22:39:22', '2015-10-03 23:08:41', '67d415a8-f82e-4c88-815d-8542669f40cf'),
 ('18', '18', 'en_ca', 'test-entry', 'blog/2015/test-entry', '1', '2015-10-03 22:56:20', '2015-10-03 23:13:53', 'fd567498-d086-4ffd-be3a-b8fa6bf7db2e'),
 ('19', '19', 'en_ca', 'test-2', 'blog/2015/test-2', '1', '2015-10-03 22:56:28', '2015-10-03 23:14:30', '91e35db1-e2ac-420d-8340-d054146cf922'),
 ('20', '20', 'en_ca', 'test-3', 'blog/2015/test-3', '1', '2015-10-03 22:56:37', '2015-10-03 23:13:41', '16ffa54b-c3ee-4211-9b0b-81210856e054'),
 ('21', '21', 'en_ca', 'disk-cropped-1617373-220x165', NULL, '1', '2015-10-03 23:08:36', '2015-10-03 23:08:36', 'e873c7fd-fc50-46a5-ab6f-75418773412d'),
 ('22', '22', 'en_ca', '', NULL, '1', '2015-10-12 18:29:59', '2015-10-12 19:43:59', 'ce9cd76d-b5cb-400c-b67e-5ad18680e95b'),
 ('23', '23', 'en_ca', '', NULL, '1', '2015-10-12 18:38:01', '2015-10-12 19:43:59', 'e431228e-77b8-4fa6-b615-f6708b8e8973'),
 ('24', '24', 'en_ca', '', NULL, '1', '2015-10-12 18:47:12', '2015-10-12 19:43:59', 'e75ea237-8c5c-4be9-8e0e-e00312864d44'),
 ('25', '25', 'en_ca', '', NULL, '1', '2015-10-12 19:42:29', '2015-10-18 23:25:31', 'fc9e184d-8da9-4580-9dfe-f1e7b00ea7b9'),
 ('26', '26', 'en_ca', '', NULL, '1', '2015-10-17 13:28:57', '2015-10-17 18:46:39', '0b8ef61e-dfa2-4b8d-b417-a9bc41038756'),
 ('28', '28', 'en_ca', '', NULL, '1', '2015-10-17 14:50:53', '2015-10-17 15:29:38', '9c16b96e-ba53-4d8a-bc05-f7c4cb588ef0'),
 ('29', '29', 'en_ca', '', NULL, '1', '2015-10-17 14:50:53', '2015-10-17 15:29:39', '254b8d72-1efd-4db3-9f79-aa7c7c768e69'),
 ('30', '30', 'en_ca', '', NULL, '1', '2015-10-17 14:59:51', '2015-10-17 15:29:39', '744abfaa-2938-4001-8e4c-92395b864162'),
 ('31', '31', 'en_ca', '', NULL, '1', '2015-10-17 14:59:51', '2015-10-17 15:29:39', 'db4d82c8-07b3-424d-801c-63a219948990'),
 ('32', '32', 'en_ca', '', NULL, '1', '2015-10-17 14:59:51', '2015-10-17 15:29:39', '9f546c20-2313-468c-905c-c5f8b85716fd'),
 ('33', '33', 'en_ca', 'tray', NULL, '1', '2015-10-17 15:04:50', '2015-10-17 15:04:50', 'f4954ec8-f90f-4b1f-8435-9dfaa9a216d7'),
 ('34', '34', 'en_ca', '', NULL, '1', '2015-10-17 15:16:14', '2015-10-17 15:29:39', '4ec9c0f0-f2d5-4348-8801-3fec2caecc7c'),
 ('35', '35', 'en_ca', '', NULL, '1', '2015-10-17 15:24:18', '2015-10-17 15:29:39', 'f00e4ed3-c82d-4591-8d1a-ba238b38ddf6'),
 ('36', '36', 'en_ca', '', NULL, '1', '2015-10-17 15:24:18', '2015-10-17 15:29:39', 'f1da1df4-68d4-459d-9835-6c4a83253630'),
 ('37', '37', 'en_ca', '', NULL, '1', '2015-10-17 15:24:18', '2015-10-17 15:29:39', '9ef8616e-91ee-4a1e-bdb1-b6013891bad3'),
 ('38', '38', 'en_ca', '', NULL, '1', '2015-10-17 15:24:18', '2015-10-17 15:29:39', 'a18e7705-df40-4ae3-b3ab-1e8b12f1c794'),
 ('39', '39', 'en_ca', '', NULL, '1', '2015-10-17 15:24:18', '2015-10-17 15:29:39', 'b256ea3b-efb7-4ee4-9a4f-04c08a1b629a'),
 ('40', '40', 'en_ca', 'accusolo', NULL, '1', '2015-10-17 18:59:53', '2015-10-17 18:59:53', '3d7713cf-c38e-42c9-8f33-b991ff2862d2'),
 ('41', '41', 'en_ca', '', NULL, '1', '2015-10-17 18:59:58', '2015-10-18 01:38:40', 'd1e93c9a-c483-4d3b-94d7-99a1b08ce3f8'),
 ('42', '42', 'en_ca', '', NULL, '1', '2015-10-17 19:10:39', '2015-10-18 01:38:41', '665b2f95-1d97-42fc-8c47-d03d86b1273c'),
 ('43', '43', 'en_ca', '', NULL, '1', '2015-10-17 19:11:35', '2015-10-18 01:38:41', '3b5e214d-e6e1-4c16-abbd-67606ee9ab8c'),
 ('44', '44', 'en_ca', '', NULL, '1', '2015-10-17 19:11:35', '2015-10-18 01:38:41', 'fd6bd651-574d-429f-bba2-356f8cf1b3c4'),
 ('45', '45', 'en_ca', '', NULL, '1', '2015-10-17 19:37:57', '2015-10-17 19:44:46', '0dba54fb-8dda-4220-9484-d5d224eb6b97'),
 ('46', '46', 'en_ca', '', NULL, '1', '2015-10-17 19:40:48', '2015-10-17 19:44:56', '52029b40-b42f-4077-9ab5-c59576666e78'),
 ('47', '47', 'en_ca', '', NULL, '1', '2015-10-18 02:16:12', '2015-10-18 23:25:31', '87a8be41-ce26-4199-949d-ca9e8671835f'),
 ('48', '48', 'en_ca', '', NULL, '1', '2015-10-18 02:16:12', '2015-10-18 23:25:31', 'd315af01-2c82-498f-9b58-63e815101703'),
 ('49', '49', 'en_ca', '', NULL, '1', '2015-10-18 02:16:12', '2015-10-18 23:25:31', '4045c856-d8ea-4b33-86cb-d59473e48586'),
 ('50', '50', 'en_ca', '', NULL, '1', '2015-10-18 02:16:12', '2015-10-18 23:25:31', 'f54358c5-4c31-4e10-9222-3bc5febd00d9'),
 ('51', '51', 'en_ca', '', NULL, '1', '2015-10-18 02:16:12', '2015-10-18 23:25:31', 'a4f8ca3c-dd0a-4505-97af-7a85895b6c16'),
 ('52', '52', 'en_ca', '', NULL, '1', '2015-10-18 02:35:20', '2015-10-18 23:25:31', '3d0513a6-c7bb-477f-88dc-71171f5fb1bd'),
 ('53', '53', 'en_ca', '', NULL, '1', '2015-10-18 02:35:20', '2015-10-18 23:25:32', '18d6e249-cb79-4a5e-80ec-35e64a6be520'),
 ('54', '54', 'en_ca', '', NULL, '1', '2015-10-18 02:35:20', '2015-10-18 23:25:32', 'f268b1c5-6b29-4de1-bb70-c1d4b591df42'),
 ('55', '55', 'en_ca', 'sample-man', NULL, '1', '2015-10-18 16:30:04', '2015-10-18 16:30:04', 'aebe29bc-5d27-42a0-b906-9b93f8ba4034'),
 ('56', '56', 'en_ca', 'test-lady', NULL, '1', '2015-10-18 16:30:26', '2015-10-18 16:30:26', '2e491f35-a0e2-45d3-8e5c-fa60c24508e7');



DROP TABLE IF EXISTS `4y2e9_emailmessages`;


--
-- Schema for table `4y2e9_emailmessages`
--
CREATE TABLE `4y2e9_emailmessages` (
  `id` int(11) NOT NULL AUTO_INCREMENT,
  `key` char(150) COLLATE utf8_unicode_ci NOT NULL,
  `locale` char(12) COLLATE utf8_unicode_ci NOT NULL,
  `subject` varchar(1000) COLLATE utf8_unicode_ci NOT NULL,
  `body` text COLLATE utf8_unicode_ci NOT NULL,
  `dateCreated` datetime NOT NULL,
  `dateUpdated` datetime NOT NULL,
  `uid` char(36) COLLATE utf8_unicode_ci NOT NULL DEFAULT '0',
  PRIMARY KEY (`id`),
  UNIQUE KEY `4y2e9_emailmessages_key_locale_unq_idx` (`key`,`locale`),
  KEY `4y2e9_emailmessages_locale_fk` (`locale`)
) ENGINE=InnoDB DEFAULT CHARSET=utf8 COLLATE=utf8_unicode_ci;

DROP TABLE IF EXISTS `4y2e9_entries`;


--
-- Schema for table `4y2e9_entries`
--
CREATE TABLE `4y2e9_entries` (
  `id` int(11) NOT NULL,
  `sectionId` int(11) NOT NULL,
  `typeId` int(11) DEFAULT NULL,
  `authorId` int(11) DEFAULT NULL,
  `postDate` datetime DEFAULT NULL,
  `expiryDate` datetime DEFAULT NULL,
  `dateCreated` datetime NOT NULL,
  `dateUpdated` datetime NOT NULL,
  `uid` char(36) COLLATE utf8_unicode_ci NOT NULL DEFAULT '0',
  PRIMARY KEY (`id`),
  KEY `4y2e9_entries_sectionId_idx` (`sectionId`),
  KEY `4y2e9_entries_typeId_idx` (`typeId`),
  KEY `4y2e9_entries_postDate_idx` (`postDate`),
  KEY `4y2e9_entries_expiryDate_idx` (`expiryDate`),
  KEY `4y2e9_entries_authorId_fk` (`authorId`)
) ENGINE=InnoDB DEFAULT CHARSET=utf8 COLLATE=utf8_unicode_ci;

--
-- Data for table `4y2e9_entries`
--

INSERT INTO `4y2e9_entries` (`id`, `sectionId`, `typeId`, `authorId`, `postDate`, `expiryDate`, `dateCreated`, `dateUpdated`, `uid`) VALUES
 ('2', '1', '1', NULL, '2015-10-17 14:49:38', NULL, '2015-09-26 20:51:48', '2015-10-17 15:29:39', '3288da8f-7259-4679-a427-35d86d3ee6e5'),
 ('3', '2', '2', '1', '2015-09-26 20:51:00', NULL, '2015-09-26 20:51:49', '2015-10-03 23:14:07', 'b0b07113-16ee-420f-882c-cf827853f552'),
 ('5', '3', '3', '1', '2015-10-03 15:33:00', NULL, '2015-10-03 15:33:54', '2015-10-12 19:44:17', '4261aea8-c21e-4388-985e-3bc7d1f1a79c'),
 ('6', '3', '3', '1', '2015-10-03 15:34:00', NULL, '2015-10-03 15:34:10', '2015-10-12 19:43:59', 'ec5dd882-fccc-499f-92b5-52e3099c3cd4'),
 ('7', '3', '3', '1', '2015-10-03 15:34:00', NULL, '2015-10-03 15:34:33', '2015-10-17 18:46:39', '5b7e3856-d31e-430f-867d-30f78174f515'),
 ('8', '3', '4', '1', '2015-10-03 15:34:00', NULL, '2015-10-03 15:34:54', '2015-10-18 01:38:41', 'be40d9d3-a2a6-4cf5-aa6a-7e29dcb5db18'),
 ('9', '3', '4', '1', '2015-10-03 15:35:00', NULL, '2015-10-03 15:35:41', '2015-10-17 19:44:46', 'b2cd0528-64ce-4776-a216-afca172706e0'),
 ('10', '3', '4', '1', '2015-10-03 15:36:00', NULL, '2015-10-03 15:36:12', '2015-10-17 19:44:56', '569113c0-ae5d-4432-ab76-2086713dca1c'),
 ('11', '3', '3', '1', '2015-10-03 15:36:28', NULL, '2015-10-03 15:36:29', '2015-10-03 15:36:29', '87b33490-a29b-4d22-a11e-a64b48f38eaa'),
 ('12', '3', '3', '1', '2015-10-03 15:36:40', NULL, '2015-10-03 15:36:40', '2015-10-03 15:36:40', 'ae8a6d77-75df-44a4-9224-93767050b977'),
 ('13', '3', '3', '1', '2015-10-03 15:36:00', NULL, '2015-10-03 15:36:49', '2015-10-18 23:25:32', '3b7b4c2a-d537-4de3-bb7e-09935e74edfc'),
 ('14', '4', '5', '1', '2015-10-03 18:33:38', NULL, '2015-10-03 18:33:38', '2015-10-03 18:33:38', '0e9fefae-d795-4338-83c9-9bc080def415'),
 ('16', '5', NULL, NULL, '2015-10-03 21:26:13', NULL, '2015-10-03 21:26:13', '2015-10-03 21:26:13', '798ecbfe-fbf1-4a50-af2c-c71f05edc727'),
 ('17', '2', '2', '1', '2013-02-28 00:00:00', NULL, '2015-10-03 22:39:22', '2015-10-03 23:08:41', '87d84552-1a3c-42e2-8f50-a79cbef27149'),
 ('18', '2', '2', '1', '2015-10-03 22:56:00', NULL, '2015-10-03 22:56:20', '2015-10-03 23:13:53', '1a21c812-f07c-41cc-9556-4ea961107015'),
 ('19', '2', '2', '1', '2015-10-03 22:56:00', NULL, '2015-10-03 22:56:28', '2015-10-03 23:14:30', 'be30638c-729f-45b2-930d-742c54201835'),
 ('20', '2', '2', '1', '2015-10-03 22:56:00', NULL, '2015-10-03 22:56:37', '2015-10-03 23:13:42', '2fe06671-ac92-4298-8dd0-a5e974551255'),
 ('55', '4', '5', '1', '2015-10-18 16:30:04', NULL, '2015-10-18 16:30:04', '2015-10-18 16:30:04', '59eb26dd-265c-47b8-afcb-0aecb6f3d169'),
 ('56', '4', '5', '1', '2015-10-18 16:30:26', NULL, '2015-10-18 16:30:26', '2015-10-18 16:30:26', '5a5a3468-fffe-4fdc-912a-aa7f178eba00');



DROP TABLE IF EXISTS `4y2e9_entrydrafts`;


--
-- Schema for table `4y2e9_entrydrafts`
--
CREATE TABLE `4y2e9_entrydrafts` (
  `id` int(11) NOT NULL AUTO_INCREMENT,
  `entryId` int(11) NOT NULL,
  `sectionId` int(11) NOT NULL,
  `creatorId` int(11) NOT NULL,
  `locale` char(12) COLLATE utf8_unicode_ci NOT NULL,
  `name` varchar(255) COLLATE utf8_unicode_ci NOT NULL,
  `notes` tinytext COLLATE utf8_unicode_ci,
  `data` mediumtext COLLATE utf8_unicode_ci NOT NULL,
  `dateCreated` datetime NOT NULL,
  `dateUpdated` datetime NOT NULL,
  `uid` char(36) COLLATE utf8_unicode_ci NOT NULL DEFAULT '0',
  PRIMARY KEY (`id`),
  KEY `4y2e9_entrydrafts_entryId_locale_idx` (`entryId`,`locale`),
  KEY `4y2e9_entrydrafts_sectionId_fk` (`sectionId`),
  KEY `4y2e9_entrydrafts_creatorId_fk` (`creatorId`),
  KEY `4y2e9_entrydrafts_locale_fk` (`locale`)
) ENGINE=InnoDB DEFAULT CHARSET=utf8 COLLATE=utf8_unicode_ci;

DROP TABLE IF EXISTS `4y2e9_entrytypes`;


--
-- Schema for table `4y2e9_entrytypes`
--
CREATE TABLE `4y2e9_entrytypes` (
  `id` int(11) NOT NULL AUTO_INCREMENT,
  `sectionId` int(11) NOT NULL,
  `fieldLayoutId` int(11) DEFAULT NULL,
  `name` varchar(255) COLLATE utf8_unicode_ci NOT NULL,
  `handle` varchar(255) COLLATE utf8_unicode_ci NOT NULL,
  `hasTitleField` tinyint(1) unsigned NOT NULL DEFAULT '1',
  `titleLabel` varchar(255) COLLATE utf8_unicode_ci DEFAULT 'Title',
  `titleFormat` varchar(255) COLLATE utf8_unicode_ci DEFAULT NULL,
  `sortOrder` tinyint(4) DEFAULT NULL,
  `dateCreated` datetime NOT NULL,
  `dateUpdated` datetime NOT NULL,
  `uid` char(36) COLLATE utf8_unicode_ci NOT NULL DEFAULT '0',
  PRIMARY KEY (`id`),
  UNIQUE KEY `4y2e9_entrytypes_name_sectionId_unq_idx` (`name`,`sectionId`),
  UNIQUE KEY `4y2e9_entrytypes_handle_sectionId_unq_idx` (`handle`,`sectionId`),
  KEY `4y2e9_entrytypes_sectionId_fk` (`sectionId`),
  KEY `4y2e9_entrytypes_fieldLayoutId_fk` (`fieldLayoutId`)
) ENGINE=InnoDB AUTO_INCREMENT=7 DEFAULT CHARSET=utf8 COLLATE=utf8_unicode_ci;

--
-- Data for table `4y2e9_entrytypes`
--

INSERT INTO `4y2e9_entrytypes` (`id`, `sectionId`, `fieldLayoutId`, `name`, `handle`, `hasTitleField`, `titleLabel`, `titleFormat`, `sortOrder`, `dateCreated`, `dateUpdated`, `uid`) VALUES
 ('1', '1', '61', 'Homepage', 'homepage', '1', 'Title', NULL, NULL, '2015-09-26 20:51:48', '2015-10-17 14:48:24', 'beda6419-b32e-4df5-baea-d959b5a77a5b'),
 ('2', '2', '30', 'Blog Post', 'blogPost', '1', 'Title', NULL, NULL, '2015-09-26 20:51:49', '2015-10-03 23:07:51', '11aa2832-ac6e-44c8-a211-2ad1e6bde322'),
 ('3', '3', '31', 'Page', 'page', '1', 'Title', NULL, NULL, '2015-10-03 15:30:55', '2015-10-12 17:31:28', '4ee831b7-2a3b-4c7a-80d4-0812b01db51e'),
 ('4', '3', '104', 'Product', 'product', '1', 'Title', NULL, NULL, '2015-10-03 15:31:36', '2015-10-17 18:48:34', '06692a0a-3b60-49d3-b7c1-586a04bb5bf1'),
 ('5', '4', '23', 'Testimonial', 'testimonial', '1', 'Full Name', NULL, NULL, '2015-10-03 18:30:10', '2015-10-03 18:32:37', 'fe91ad86-53f9-4a4e-a8db-20ec35b5c5df'),
 ('6', '5', '29', 'Kitchen Sink', 'kitchenSink', '0', NULL, '{section.name|raw}', NULL, '2015-10-03 21:26:13', '2015-10-03 21:26:13', 'b025d459-1940-45c7-b799-3a7e326f45d3');



DROP TABLE IF EXISTS `4y2e9_entryversions`;


--
-- Schema for table `4y2e9_entryversions`
--
CREATE TABLE `4y2e9_entryversions` (
  `id` int(11) NOT NULL AUTO_INCREMENT,
  `entryId` int(11) NOT NULL,
  `sectionId` int(11) NOT NULL,
  `creatorId` int(11) DEFAULT NULL,
  `locale` char(12) COLLATE utf8_unicode_ci NOT NULL,
  `num` smallint(6) unsigned NOT NULL,
  `notes` tinytext COLLATE utf8_unicode_ci,
  `data` mediumtext COLLATE utf8_unicode_ci NOT NULL,
  `dateCreated` datetime NOT NULL,
  `dateUpdated` datetime NOT NULL,
  `uid` char(36) COLLATE utf8_unicode_ci NOT NULL DEFAULT '0',
  PRIMARY KEY (`id`),
  KEY `4y2e9_entryversions_entryId_locale_idx` (`entryId`,`locale`),
  KEY `4y2e9_entryversions_sectionId_fk` (`sectionId`),
  KEY `4y2e9_entryversions_creatorId_fk` (`creatorId`),
  KEY `4y2e9_entryversions_locale_fk` (`locale`)
) ENGINE=InnoDB AUTO_INCREMENT=63 DEFAULT CHARSET=utf8 COLLATE=utf8_unicode_ci;

--
-- Data for table `4y2e9_entryversions`
--

INSERT INTO `4y2e9_entryversions` (`id`, `entryId`, `sectionId`, `creatorId`, `locale`, `num`, `notes`, `data`, `dateCreated`, `dateUpdated`, `uid`) VALUES
 ('1', '2', '1', '1', 'en_ca', '1', '', '{\"typeId\":null,\"authorId\":null,\"title\":\"Welcome to Konnexis.dev!\",\"slug\":\"homepage\",\"postDate\":1443300708,\"expiryDate\":null,\"enabled\":1,\"fields\":{\"5\":[\"4\"],\"3\":\"Global Market Leaders in Sterilization Control and Monitoring Systems\",\"4\":\"Advanced monitoring solutions designed for the sterilization industry, for growth, production efficiency and the long term.\"}}', '2015-10-03 15:09:10', '2015-10-03 15:09:10', 'ec92be7b-ff18-4a34-80c6-f4f5a03b3d36'),
 ('2', '2', '1', '1', 'en_ca', '2', '', '{\"typeId\":null,\"authorId\":null,\"title\":\"Konnexis\",\"slug\":\"homepage\",\"postDate\":1443300708,\"expiryDate\":null,\"enabled\":1,\"fields\":{\"5\":[\"4\"],\"3\":\"Global Market Leaders in Sterilization Control and Monitoring Systems\",\"4\":\"Advanced monitoring solutions designed for the sterilization industry, for growth, production efficiency and the long term.\"}}', '2015-10-03 15:09:20', '2015-10-03 15:09:20', '64a8519b-fd10-49cd-ba6b-5e88e64e18fe'),
 ('3', '5', '3', '1', 'en_ca', '1', '', '{\"typeId\":\"3\",\"authorId\":\"1\",\"title\":\"Medical Device Manufacturers\",\"slug\":\"medical-device-manufacturers\",\"postDate\":1443886433,\"expiryDate\":null,\"enabled\":1,\"fields\":[]}', '2015-10-03 15:33:54', '2015-10-03 15:33:54', 'dc3b02f0-d922-4c5b-ba83-6ce88455d111'),
 ('4', '6', '3', '1', 'en_ca', '1', '', '{\"typeId\":\"3\",\"authorId\":\"1\",\"title\":\"Sterilization Services Contractors\",\"slug\":\"sterilization-services-contractors\",\"postDate\":1443886450,\"expiryDate\":null,\"enabled\":1,\"fields\":[]}', '2015-10-03 15:34:10', '2015-10-03 15:34:10', '34d2541b-ddaf-4076-8376-cc9fc50681c9'),
 ('5', '7', '3', '1', 'en_ca', '1', '', '{\"typeId\":\"3\",\"authorId\":\"1\",\"title\":\"Products & Services\",\"slug\":\"products-services\",\"postDate\":1443886472,\"expiryDate\":null,\"enabled\":1,\"fields\":[]}', '2015-10-03 15:34:33', '2015-10-03 15:34:33', '403506c1-ee34-4e16-8ca1-cae955a9503b'),
 ('6', '8', '3', '1', 'en_ca', '1', '', '{\"typeId\":\"4\",\"authorId\":\"1\",\"title\":\"AccuSOLO\",\"slug\":\"accusolo\",\"postDate\":1443886494,\"expiryDate\":null,\"enabled\":1,\"fields\":[]}', '2015-10-03 15:34:55', '2015-10-03 15:34:55', 'aa76d060-45fd-4b8f-8446-3282d6312955'),
 ('7', '9', '3', '1', 'en_ca', '1', '', '{\"typeId\":\"4\",\"authorId\":\"1\",\"title\":\"KonnTRACK\",\"slug\":\"konntrack\",\"postDate\":1443886540,\"expiryDate\":null,\"enabled\":1,\"fields\":[]}', '2015-10-03 15:35:41', '2015-10-03 15:35:41', '2fdac4ca-2cbd-4c56-9180-122eddc86853'),
 ('8', '10', '3', '1', 'en_ca', '1', '', '{\"typeId\":\"3\",\"authorId\":\"1\",\"title\":\"Consulting\",\"slug\":\"consulting\",\"postDate\":1443886572,\"expiryDate\":null,\"enabled\":1,\"fields\":[]}', '2015-10-03 15:36:12', '2015-10-03 15:36:12', 'ac1fd23a-fc9b-4cec-be6c-de3debc2a783'),
 ('9', '11', '3', '1', 'en_ca', '1', '', '{\"typeId\":\"3\",\"authorId\":\"1\",\"title\":\"Sterilization Methods\",\"slug\":\"sterilization-methods\",\"postDate\":1443886588,\"expiryDate\":null,\"enabled\":1,\"fields\":[]}', '2015-10-03 15:36:29', '2015-10-03 15:36:29', 'f0dd0d30-8592-41de-b262-387d7830b775'),
 ('10', '12', '3', '1', 'en_ca', '1', '', '{\"typeId\":\"3\",\"authorId\":\"1\",\"title\":\"Help Desk\",\"slug\":\"help-desk\",\"postDate\":1443886600,\"expiryDate\":null,\"enabled\":1,\"fields\":[]}', '2015-10-03 15:36:40', '2015-10-03 15:36:40', '53caa687-e17d-499c-8921-1fe33f0d785d'),
 ('11', '13', '3', '1', 'en_ca', '1', '', '{\"typeId\":\"3\",\"authorId\":\"1\",\"title\":\"About Us\",\"slug\":\"about-us\",\"postDate\":1443886609,\"expiryDate\":null,\"enabled\":1,\"fields\":[]}', '2015-10-03 15:36:49', '2015-10-03 15:36:49', '7214732e-2bdc-4a79-b86a-0010e4f192a7'),
 ('12', '17', '2', '1', 'en_ca', '1', '', '{\"typeId\":null,\"authorId\":\"1\",\"title\":\"Integrated Control Systems\",\"slug\":\"integrated-control-systems\",\"postDate\":1362009600,\"expiryDate\":null,\"enabled\":1,\"fields\":{\"1\":\"<p>Konnexis\\u2019 control systems do more than simply monitor your sterilization process.  This is because our systems are fully integrated with product tracking and process monitoring!  Read <a title=\\\"Why Konnexis?\\\" href=\\\"http:\\/\\/www.konnexis.com\\/why-integrate\\/\\\">About Us&gt;&gt;Why Konnexis?<\\/a> to find out about the benefits of our systems.<\\/p>\",\"2\":\"\"}}', '2015-10-03 22:39:22', '2015-10-03 22:39:22', '93c908ba-b462-4ac0-9109-e119bb208c27'),
 ('13', '18', '2', '1', 'en_ca', '1', '', '{\"typeId\":null,\"authorId\":\"1\",\"title\":\"test entry\",\"slug\":\"test-entry\",\"postDate\":1443912979,\"expiryDate\":null,\"enabled\":1,\"fields\":{\"1\":\"<p>Lorem ipsum dolor sit amet, consectetur adipisicing elit, sed do eiusmod tempor incididunt ut labore et dolore magna aliqua. Ut enim ad minim veniam, quis nostrud exercitation ullamco laboris nisi ut aliquip ex ea commodo consequat. Duis aute irure dolor in reprehenderit in voluptate velit esse cillum dolore eu fugiat nulla pariatur. Excepteur sint occaecat cupidatat non proident, sunt in culpa qui officia deserunt mollit anim id est laborum.<\\/p>\",\"2\":\"\"}}', '2015-10-03 22:56:20', '2015-10-03 22:56:20', 'e5baf41d-b086-4879-8644-7a10da9a645f'),
 ('14', '19', '2', '1', 'en_ca', '1', '', '{\"typeId\":null,\"authorId\":\"1\",\"title\":\"test 2\",\"slug\":\"test-2\",\"postDate\":1443912988,\"expiryDate\":null,\"enabled\":1,\"fields\":{\"1\":\"<p>Lorem ipsum dolor sit amet, consectetur adipisicing elit, sed do eiusmod tempor incididunt ut labore et dolore magna aliqua. Ut enim ad minim veniam, quis nostrud exercitation ullamco laboris nisi ut aliquip ex ea commodo consequat. Duis aute irure dolor in reprehenderit in voluptate velit esse cillum dolore eu fugiat nulla pariatur. Excepteur sint occaecat cupidatat non proident, sunt in culpa qui officia deserunt mollit anim id est laborum.<\\/p>\",\"2\":\"\"}}', '2015-10-03 22:56:28', '2015-10-03 22:56:28', 'd77ab6b9-943d-40f2-82b6-50a245c8a5d7'),
 ('15', '20', '2', '1', 'en_ca', '1', '', '{\"typeId\":null,\"authorId\":\"1\",\"title\":\"test 3\",\"slug\":\"test-3\",\"postDate\":1443912997,\"expiryDate\":null,\"enabled\":1,\"fields\":{\"1\":\"<p>Lorem ipsum dolor sit amet, consectetur adipisicing elit, sed do eiusmod tempor incididunt ut labore et dolore magna aliqua. Ut enim ad minim veniam, quis nostrud exercitation ullamco laboris nisi ut aliquip ex ea commodo consequat. Duis aute irure dolor in reprehenderit in voluptate velit esse cillum dolore eu fugiat nulla pariatur. Excepteur sint occaecat cupidatat non proident, sunt in culpa qui officia deserunt mollit anim id est laborum.<\\/p>\",\"2\":\"\"}}', '2015-10-03 22:56:37', '2015-10-03 22:56:37', '616b752e-6dcd-4b74-a569-e45ef0724932'),
 ('16', '17', '2', '1', 'en_ca', '2', '', '{\"typeId\":\"2\",\"authorId\":\"1\",\"title\":\"Integrated Control Systems\",\"slug\":\"integrated-control-systems\",\"postDate\":1362009600,\"expiryDate\":null,\"enabled\":1,\"fields\":{\"22\":[\"21\"],\"1\":\"<p>Konnexis\\u2019 control systems do more than simply monitor your sterilization process.  This is because our systems are fully integrated with product tracking and process monitoring!  Read <a title=\\\"Why Konnexis?\\\" href=\\\"http:\\/\\/www.konnexis.com\\/why-integrate\\/\\\">About Us&gt;&gt;Why Konnexis?<\\/a> to find out about the benefits of our systems.<\\/p>\"}}', '2015-10-03 23:08:41', '2015-10-03 23:08:41', 'd16e1fa0-9a1d-4b13-b09b-b469e02c38f1'),
 ('17', '20', '2', '1', 'en_ca', '2', '', '{\"typeId\":\"2\",\"authorId\":\"1\",\"title\":\"test 3\",\"slug\":\"test-3\",\"postDate\":1443912960,\"expiryDate\":null,\"enabled\":1,\"fields\":{\"22\":[\"4\"],\"1\":\"<p>Lorem ipsum dolor sit amet, consectetur adipisicing elit, sed do eiusmod tempor incididunt ut labore et dolore magna aliqua. Ut enim ad minim veniam, quis nostrud exercitation ullamco laboris nisi ut aliquip ex ea commodo consequat. Duis aute irure dolor in reprehenderit in voluptate velit esse cillum dolore eu fugiat nulla pariatur. Excepteur sint occaecat cupidatat non proident, sunt in culpa qui officia deserunt mollit anim id est laborum.<\\/p>\"}}', '2015-10-03 23:13:42', '2015-10-03 23:13:42', '61b1c6fe-05a1-4fa0-a84e-e8dbd20e54df'),
 ('18', '18', '2', '1', 'en_ca', '2', '', '{\"typeId\":\"2\",\"authorId\":\"1\",\"title\":\"test entry\",\"slug\":\"test-entry\",\"postDate\":1443912960,\"expiryDate\":null,\"enabled\":1,\"fields\":{\"22\":[\"4\"],\"1\":\"<p>Lorem ipsum dolor sit amet, consectetur adipisicing elit, sed do eiusmod tempor incididunt ut labore et dolore magna aliqua. Ut enim ad minim veniam, quis nostrud exercitation ullamco laboris nisi ut aliquip ex ea commodo consequat. Duis aute irure dolor in reprehenderit in voluptate velit esse cillum dolore eu fugiat nulla pariatur. Excepteur sint occaecat cupidatat non proident, sunt in culpa qui officia deserunt mollit anim id est laborum.<\\/p>\"}}', '2015-10-03 23:13:53', '2015-10-03 23:13:53', '340ed009-74c3-4516-a52b-091de8ca3cb2'),
 ('19', '3', '2', '1', 'en_ca', '1', '', '{\"typeId\":\"2\",\"authorId\":\"1\",\"title\":\"We just installed Craft!\",\"slug\":\"we-just-installed-craft\",\"postDate\":1443300660,\"expiryDate\":null,\"enabled\":1,\"fields\":{\"22\":[\"4\"],\"1\":\"<p>Craft is the CMS that\\u2019s powering Konnexis.dev. It\\u2019s beautiful, powerful, flexible, and easy-to-use, and it\\u2019s made by Pixel & Tonic. We can\\u2019t wait to dive in and see what it\\u2019s capable of!<\\/p><hr class=\\\"redactor_pagebreak\\\" style=\\\"display:none\\\" unselectable=\\\"on\\\" contenteditable=\\\"false\\\"><p>This is even more captivating content, which you couldn\\u2019t see on the News index page because it was entered after a Page Break, and the News index template only likes to show the content on the first page.<\\/p><p>Craft: a nice alternative to Word, if you\\u2019re making a website.<\\/p>\"}}', '2015-10-03 23:14:07', '2015-10-03 23:14:07', 'e82b2032-08e1-41e2-a548-e57045e0baa3'),
 ('20', '19', '2', '1', 'en_ca', '2', '', '{\"typeId\":\"2\",\"authorId\":\"1\",\"title\":\"test 2\",\"slug\":\"test-2\",\"postDate\":1443912960,\"expiryDate\":null,\"enabled\":1,\"fields\":{\"22\":[\"21\"],\"1\":\"<p>Lorem ipsum dolor sit amet, consectetur adipisicing elit, sed do eiusmod tempor incididunt ut labore et dolore magna aliqua. Ut enim ad minim veniam, quis nostrud exercitation ullamco laboris nisi ut aliquip ex ea commodo consequat. Duis aute irure dolor in reprehenderit in voluptate velit esse cillum dolore eu fugiat nulla pariatur. Excepteur sint occaecat cupidatat non proident, sunt in culpa qui officia deserunt mollit anim id est laborum.<\\/p>\"}}', '2015-10-03 23:14:31', '2015-10-03 23:14:31', '17626c3c-460b-4aa9-b077-f9ce47aad682'),
 ('21', '6', '3', '1', 'en_ca', '2', '', '{\"typeId\":\"3\",\"authorId\":\"1\",\"title\":\"Sterilization Services Contractors\",\"slug\":\"sterilization-services-contractors\",\"postDate\":1443886440,\"expiryDate\":null,\"enabled\":1,\"fields\":{\"5\":[\"4\"],\"7\":\"\",\"4\":\"This is the tagling subtext\"}}', '2015-10-12 17:31:53', '2015-10-12 17:31:53', 'db649bc8-8a90-4173-ac94-f5d28e2c897f'),
 ('22', '6', '3', '1', 'en_ca', '3', '', '{\"typeId\":\"3\",\"authorId\":\"1\",\"title\":\"Sterilization Services Contractors\",\"slug\":\"sterilization-services-contractors\",\"postDate\":1443886440,\"expiryDate\":null,\"enabled\":1,\"fields\":{\"5\":[\"4\"],\"7\":{\"new1\":{\"type\":\"twoColumnText\",\"enabled\":\"1\",\"fields\":{\"heading\":\"Sterilization Service Contractors\",\"leftColumnText\":\"<p>Lorem ipsum dolor sit amet, consectetur adipisicing elit, sed do eiusmod tempor incididunt ut labore et dolore magna aliqua. Ut enim ad minim veniam, quis nostrud exercitation ullamco laboris nisi ut aliquip ex ea commodo consequat. Duis aute irure dolor in reprehenderit in voluptate velit esse cillum dolore eu fugiat nulla pariatur. Excepteur sint occaecat cupidatat non proident, sunt in culpa qui officia deserunt mollit anim id est laborum.<\\/p>\",\"rightColumnText\":\"<p>Lorem ipsum dolor sit amet, consectetur adipisicing elit, sed do eiusmod tempor incididunt ut labore et dolore magna aliqua. Ut enim ad minim veniam, quis nostrud exercitation ullamco laboris nisi ut aliquip ex ea commodo consequat. Duis aute irure dolor in reprehenderit in voluptate velit esse cillum dolore eu fugiat nulla pariatur. Excepteur sint occaecat cupidatat non proident, sunt in culpa qui officia deserunt mollit anim id est laborum.<\\/p>\",\"backgroundColor\":\"White\"}}},\"4\":\"This is the tagline subtext\"}}', '2015-10-12 18:29:59', '2015-10-12 18:29:59', '2f90a389-68bf-44ec-b195-0fc2ce3c1ae4'),
 ('23', '6', '3', '1', 'en_ca', '4', '', '{\"typeId\":\"3\",\"authorId\":\"1\",\"title\":\"Sterilization Services Contractors\",\"slug\":\"sterilization-services-contractors\",\"postDate\":1443886440,\"expiryDate\":null,\"enabled\":1,\"fields\":{\"5\":[\"4\"],\"7\":{\"22\":{\"type\":\"twoColumnText\",\"enabled\":\"1\",\"fields\":{\"heading\":\"Sterilization Service Contractors\",\"leftColumnText\":\"<p>Lorem ipsum dolor sit amet, consectetur adipisicing elit, sed do eiusmod tempor incididunt ut labore et dolore magna aliqua. Ut enim ad minim veniam, quis nostrud exercitation ullamco laboris nisi ut aliquip ex ea commodo consequat. Duis aute irure dolor in reprehenderit in voluptate velit esse cillum dolore eu fugiat nulla pariatur. Excepteur sint occaecat cupidatat non proident, sunt in culpa qui officia deserunt mollit anim id est laborum.<\\/p>\",\"rightColumnText\":\"<p>Lorem ipsum dolor sit amet, consectetur adipisicing elit, sed do eiusmod tempor incididunt ut labore et dolore magna aliqua. Ut enim ad minim veniam, quis nostrud exercitation ullamco laboris nisi ut aliquip ex ea commodo consequat. Duis aute irure dolor in reprehenderit in voluptate velit esse cillum dolore eu fugiat nulla pariatur. Excepteur sint occaecat cupidatat non proident, sunt in culpa qui officia deserunt mollit anim id est laborum.<\\/p>\",\"backgroundColor\":\"White\"}},\"new1\":{\"type\":\"testimonialSlider\",\"enabled\":\"1\",\"fields\":{\"testimonials\":[\"14\"]}}},\"4\":\"This is the tagline subtext\"}}', '2015-10-12 18:38:01', '2015-10-12 18:38:01', '041514b0-d4a9-4cc9-ac57-0d749c8672f3'),
 ('24', '6', '3', '1', 'en_ca', '5', '', '{\"typeId\":\"3\",\"authorId\":\"1\",\"title\":\"Sterilization Services Contractors\",\"slug\":\"sterilization-services-contractors\",\"postDate\":1443886440,\"expiryDate\":null,\"enabled\":1,\"fields\":{\"5\":[\"4\"],\"7\":{\"22\":{\"type\":\"twoColumnText\",\"enabled\":\"1\",\"fields\":{\"heading\":\"Sterilization Service Contractors\",\"leftColumnText\":\"<p>Lorem ipsum dolor sit amet, consectetur adipisicing elit, sed do eiusmod tempor incididunt ut labore et dolore magna aliqua. Ut enim ad minim veniam, quis nostrud exercitation ullamco laboris nisi ut aliquip ex ea commodo consequat. Duis aute irure dolor in reprehenderit in voluptate velit esse cillum dolore eu fugiat nulla pariatur. Excepteur sint occaecat cupidatat non proident, sunt in culpa qui officia deserunt mollit anim id est laborum.\\r\\n<\\/p>\",\"rightColumnText\":\"<p>Lorem ipsum dolor sit amet, consectetur adipisicing elit, sed do eiusmod tempor incididunt ut labore et dolore magna aliqua. Ut enim ad minim veniam, quis nostrud exercitation ullamco laboris nisi ut aliquip ex ea commodo consequat. Duis aute irure dolor in reprehenderit in voluptate velit esse cillum dolore eu fugiat nulla pariatur. Excepteur sint occaecat cupidatat non proident, sunt in culpa qui officia deserunt mollit anim id est laborum.\\r\\n<\\/p>\",\"backgroundColor\":\"White\"}},\"23\":{\"type\":\"testimonialSlider\",\"enabled\":\"1\",\"fields\":{\"testimonials\":[\"14\"]}},\"new1\":{\"type\":\"callToAction\",\"enabled\":\"1\",\"fields\":{\"introHeading\":\"For more information or to request a quote\",\"ctaButtonText\":\"Contact Us\",\"ctaButtonLink\":[\"16\"]}}},\"4\":\"This is the tagline subtext\"}}', '2015-10-12 18:47:12', '2015-10-12 18:47:12', 'df0bcf33-69be-4fb3-b7d7-a32b6dffc8b6'),
 ('25', '13', '3', '1', 'en_ca', '2', '', '{\"typeId\":\"3\",\"authorId\":\"1\",\"title\":\"About Us\",\"slug\":\"about-us\",\"postDate\":1443886560,\"expiryDate\":null,\"enabled\":1,\"fields\":{\"5\":[\"4\"],\"7\":\"\",\"4\":\"Originally from Slovakia, Peter Veselovsky came to Canada to study process engineering at the University of Toronto. As an avid skier he fell in love with Canadian winters and decided to stay. While working with Nordion leading their Irradiator Control Systems group and their Radiation Therapy Controls group he realized that the level of integration into large company systems was severely lacking. Peter believed that it was possible to integrate sterilization control systems with manufacturer\\u2019s complex work flows and still have highly effective and safe systems that would meet stringent regulatory standards. With this aim, Peter formed Konnexis in 2000 and now, with his hand picked team, provides control systems and integration services for sterilization systems of all kinds around the world.\"}}', '2015-10-12 19:38:26', '2015-10-12 19:38:26', 'dab46263-3c13-4db4-ba48-72802a0e82c6'),
 ('26', '13', '3', '1', 'en_ca', '3', '', '{\"typeId\":\"3\",\"authorId\":\"1\",\"title\":\"About Us\",\"slug\":\"about-us\",\"postDate\":1443886560,\"expiryDate\":null,\"enabled\":1,\"fields\":{\"5\":[\"4\"],\"7\":{\"new1\":{\"type\":\"twoColumnText\",\"enabled\":\"1\",\"fields\":{\"heading\":\"\",\"leftColumnText\":\"<h2>Dedicated to the Sterilization Industry<\\/h2><p>Konnexis Inc. provides process control systems specifically for the sterilization industry delivering advanced and expert control and monitoring solutions for growth, production efficiency, and a future-proof system. Since 2000, Konnexis Inc. has grown to establish an international presence within the sterilization industry partnering with some of the world\\u2019s largest <a href=\\\"http:\\/\\/konnexis.dev\\/sterilization-services-contractors#entry:6\\\">contract sterilization companies<\\/a> and <a href=\\\"http:\\/\\/konnexis.dev\\/medical-device-manufacturers#entry:5\\\">medical device manufacturers<\\/a>.\\r\\n<\\/p>\",\"rightColumnText\":\"<h2>Global Market Leaders in Sterilization Control Systems<\\/h2><p>Konnexis is a global market leader of modern sterilization control systems. We have a range of proven solutions that have undergone rigorous testing to provide you with a reliable and dependable solution for any sterilization modality. Konnexis was selected as the control system for the world\\u2019s first high volume industrial sterilization x-ray facility. Our control systems are being used throughout the world which <strong>sterilize over 1 million pallets per year.<\\/strong>\\r\\n<\\/p>\",\"backgroundColor\":\"white\"}}},\"4\":\"Originally from Slovakia, Peter Veselovsky came to Canada to study process engineering at the University of Toronto. As an avid skier he fell in love with Canadian winters and decided to stay. While working with Nordion leading their Irradiator Control Systems group and their Radiation Therapy Controls group he realized that the level of integration into large company systems was severely lacking. Peter believed that it was possible to integrate sterilization control systems with manufacturer\\u2019s complex work flows and still have highly effective and safe systems that would meet stringent regulatory standards. With this aim, Peter formed Konnexis in 2000 and now, with his hand picked team, provides control systems and integration services for sterilization systems of all kinds around the world.\"}}', '2015-10-12 19:42:29', '2015-10-12 19:42:29', '400480b9-4004-4245-be31-0e999dcb4ccb'),
 ('27', '6', '3', '1', 'en_ca', '6', '', '{\"typeId\":\"3\",\"authorId\":\"1\",\"title\":\"Sterilization Services Contractors\",\"slug\":\"sterilization-services-contractors\",\"postDate\":1443886440,\"expiryDate\":null,\"enabled\":1,\"fields\":{\"5\":[\"4\"],\"7\":{\"22\":{\"type\":\"twoColumnText\",\"enabled\":\"1\",\"fields\":{\"heading\":\"Sterilization Service Contractors\",\"leftColumnText\":\"<p>Lorem ipsum dolor sit amet, consectetur adipisicing elit, sed do eiusmod tempor incididunt ut labore et dolore magna aliqua. Ut enim ad minim veniam, quis nostrud exercitation ullamco laboris nisi ut aliquip ex ea commodo consequat. Duis aute irure dolor in reprehenderit in voluptate velit esse cillum dolore eu fugiat nulla pariatur. Excepteur sint occaecat cupidatat non proident, sunt in culpa qui officia deserunt mollit anim id est laborum.\\r\\n<\\/p>\",\"rightColumnText\":\"<p>Lorem ipsum dolor sit amet, consectetur adipisicing elit, sed do eiusmod tempor incididunt ut labore et dolore magna aliqua. Ut enim ad minim veniam, quis nostrud exercitation ullamco laboris nisi ut aliquip ex ea commodo consequat. Duis aute irure dolor in reprehenderit in voluptate velit esse cillum dolore eu fugiat nulla pariatur. Excepteur sint occaecat cupidatat non proident, sunt in culpa qui officia deserunt mollit anim id est laborum.\\r\\n<\\/p>\"}},\"23\":{\"type\":\"testimonialSlider\",\"enabled\":\"1\",\"fields\":{\"testimonials\":[\"14\"]}},\"24\":{\"type\":\"callToAction\",\"enabled\":\"1\",\"fields\":{\"introHeading\":\"For more information or to request a quote\",\"ctaButtonText\":\"Contact Us\",\"ctaButtonLink\":[\"16\"],\"backgroundColor\":\"white\"}}},\"4\":\"Konnexis provides competitive advantage through affordable scalability through integration of data management in Irradiator and chamber control. Our systems include product tracking, specification management, and process monitoring. We offer seamless integration with our customers\\u2019 MRP systems, providing enterprise-wide access to on-the-floor information in real time.\"}}', '2015-10-12 19:43:59', '2015-10-12 19:43:59', '2d703f1f-cf9e-4a12-ac0b-d86cdb93735b'),
 ('28', '5', '3', '1', 'en_ca', '2', '', '{\"typeId\":\"3\",\"authorId\":\"1\",\"title\":\"Medical Device Manufacturers\",\"slug\":\"medical-device-manufacturers\",\"postDate\":1443886380,\"expiryDate\":null,\"enabled\":1,\"fields\":{\"5\":[\"4\"],\"7\":\"\",\"4\":\"Konnexis helps you ensure that your products are efficiently and properly sterilized through integration of data management systems in Irradiator and chamber control. Our systems include product tracking, specification management, and process monitoring. We offer seamless integration with our customers\\u2019 MRP systems, providing enterprise-wide access to on-the-floor information in real time.\"}}', '2015-10-12 19:44:17', '2015-10-12 19:44:17', 'ea6be8a6-ffaa-4b7f-9390-fca919de162a'),
 ('29', '7', '3', '1', 'en_ca', '2', '', '{\"typeId\":\"3\",\"authorId\":\"1\",\"title\":\"Products & Services\",\"slug\":\"products-services\",\"postDate\":1443886440,\"expiryDate\":null,\"enabled\":1,\"fields\":{\"5\":[\"4\"],\"7\":{\"new1\":{\"type\":\"productTiles\",\"enabled\":\"1\",\"fields\":{\"products\":[\"8\",\"9\",\"10\"]}}},\"4\":\"\"}}', '2015-10-17 13:28:58', '2015-10-17 13:28:58', '0d4a223d-1d2f-4aaa-ae71-4df7e91a84e9'),
 ('30', '9', '3', '1', 'en_ca', '2', '', '{\"typeId\":\"4\",\"authorId\":\"1\",\"title\":\"KONNTRACK\",\"slug\":\"konntrack\",\"postDate\":1443886500,\"expiryDate\":null,\"enabled\":1,\"fields\":[]}', '2015-10-17 13:36:58', '2015-10-17 13:36:58', 'dd6a0e95-8213-4be9-9201-fc52cb84ee17'),
 ('31', '10', '3', '1', 'en_ca', '2', '', '{\"typeId\":\"3\",\"authorId\":\"1\",\"title\":\"CONSULTING SERVICES\",\"slug\":\"consulting\",\"postDate\":1443886560,\"expiryDate\":null,\"enabled\":1,\"fields\":{\"5\":\"\",\"7\":\"\",\"4\":\"\"}}', '2015-10-17 13:37:09', '2015-10-17 13:37:09', 'ce450f93-1b09-431f-aa2f-62964e106836'),
 ('32', '7', '3', '1', 'en_ca', '3', '', '{\"typeId\":\"3\",\"authorId\":\"1\",\"title\":\"Products & Services\",\"slug\":\"products-services\",\"postDate\":1443886440,\"expiryDate\":null,\"enabled\":1,\"fields\":{\"5\":[\"4\"],\"7\":{\"26\":{\"type\":\"previewTiles\",\"enabled\":\"1\",\"fields\":{\"pages\":[\"8\",\"9\",\"10\"],\"tileType\":\"overlay\"}}},\"4\":\"\"}}', '2015-10-17 13:54:38', '2015-10-17 13:54:38', 'a2b7afa2-7126-4449-adf9-e5eb989085c7'),
 ('33', '7', '3', '1', 'en_ca', '4', '', '{\"typeId\":\"3\",\"authorId\":\"1\",\"title\":\"Products & Services\",\"slug\":\"products-services\",\"postDate\":1443886440,\"expiryDate\":null,\"enabled\":1,\"fields\":{\"5\":[\"4\"],\"7\":{\"26\":{\"type\":\"previewTiles\",\"enabled\":\"1\",\"fields\":{\"pages\":[\"8\",\"9\",\"10\"],\"tileType\":\"titleBar\"}},\"new1\":{\"type\":\"previewTiles\",\"enabled\":\"1\",\"fields\":{\"pages\":[\"5\",\"6\"],\"tileType\":\"overlay\"}}},\"4\":\"\"}}', '2015-10-17 13:58:06', '2015-10-17 13:58:06', '94536604-25f0-4205-a689-b8ca1de94dfd'),
 ('34', '2', '1', '1', 'en_ca', '3', '', '{\"typeId\":\"1\",\"authorId\":null,\"title\":\"Konnexis\",\"slug\":\"homepage\",\"postDate\":1445093378,\"expiryDate\":null,\"enabled\":1,\"fields\":{\"5\":[\"4\"],\"7\":{\"new1\":{\"type\":\"textWithPhoto\",\"enabled\":\"1\",\"fields\":{\"backgroundColor\":\"white\",\"sectionHeading\":\"Global Market Leaders\",\"textContent\":\"<p>Headquartered in Ottawa, Canada, Konnexis is a global market leader of modern sterilization control systems.  Since 2000 they have provided both Medical Device and Sterilization Contractors a range of unique and proven solutions for any sterilization modality; EtO, Gamma, X-ray, and E-Beam. Their control systems are being used throughout the world to sterilize over 1 million pallets per year.<\\/p>\",\"callToActionText\":\"\",\"callToActionLink\":\"\",\"photo\":\"\",\"photoAlignment\":\"left\"}},\"new2\":{\"type\":\"previewTiles\",\"enabled\":\"1\",\"fields\":{\"pages\":[\"5\",\"6\"],\"tileType\":\"overlay\"}}},\"3\":\"Global Market Leaders in Sterilization Control and Monitoring Systems\",\"4\":\"Advanced monitoring solutions designed for the sterilization industry, for growth, production efficiency and the long term.\"}}', '2015-10-17 14:50:54', '2015-10-17 14:50:54', '7939e5b6-5606-43c3-ae7e-037ed08bcf06'),
 ('35', '2', '1', '1', 'en_ca', '4', '', '{\"typeId\":\"1\",\"authorId\":null,\"title\":\"Konnexis\",\"slug\":\"homepage\",\"postDate\":1445093378,\"expiryDate\":null,\"enabled\":1,\"fields\":{\"5\":[\"4\"],\"7\":{\"28\":{\"type\":\"textWithPhoto\",\"enabled\":\"1\",\"fields\":{\"backgroundColor\":\"white\",\"sectionHeading\":\"Global Market Leaders\",\"textContent\":\"<p>Headquartered in Ottawa, Canada, Konnexis is a global market leader of modern sterilization control systems.  Since 2000 they have provided both Medical Device and Sterilization Contractors a range of unique and proven solutions for any sterilization modality; EtO, Gamma, X-ray, and E-Beam. Their control systems are being used throughout the world to sterilize over 1 million pallets per year.\\r\\n<\\/p>\",\"callToActionText\":\"\",\"callToActionLink\":\"\",\"photo\":\"\",\"photoAlignment\":\"left\"}},\"29\":{\"type\":\"previewTiles\",\"enabled\":\"1\",\"fields\":{\"pages\":[\"5\",\"6\"],\"tileType\":\"overlay\"}},\"new1\":{\"type\":\"oneColumnText\",\"enabled\":\"1\",\"fields\":{\"heading\":\"Products & Services\",\"columnText\":\"<p>We have a range of proven solutions that have undergone rigorous testing to provide you with a reliable and dependable solution for any sterilization modality. Our control systems are being used throughout the world which sterilize over 1 million pallets per year.\\r\\n<\\/p>\",\"backgroundColor\":\"grey\",\"centerText\":\"1\"}},\"new2\":{\"type\":\"previewTiles\",\"enabled\":\"1\",\"fields\":{\"pages\":[\"8\",\"9\",\"10\"],\"tileType\":\"titleBar\"}},\"new3\":{\"type\":\"testimonialSlider\",\"enabled\":\"1\",\"fields\":{\"testimonials\":[\"14\"]}}},\"3\":\"Global Market Leaders in Sterilization Control and Monitoring Systems\",\"4\":\"Advanced monitoring solutions designed for the sterilization industry, for growth, production efficiency and the long term.\"}}', '2015-10-17 14:59:51', '2015-10-17 14:59:51', '258e0dcc-b964-45f4-9c5b-f8194af396c6'),
 ('36', '2', '1', '1', 'en_ca', '5', '', '{\"typeId\":\"1\",\"authorId\":null,\"title\":\"Konnexis\",\"slug\":\"homepage\",\"postDate\":1445093378,\"expiryDate\":null,\"enabled\":1,\"fields\":{\"5\":[\"4\"],\"7\":{\"28\":{\"type\":\"textWithPhoto\",\"enabled\":\"1\",\"fields\":{\"backgroundColor\":\"white\",\"sectionHeading\":\"Global Market Leaders\",\"textContent\":\"<p>Headquartered in Ottawa, Canada, Konnexis is a global market leader of modern sterilization control systems.  Since 2000 they have provided both Medical Device and Sterilization Contractors a range of unique and proven solutions for any sterilization modality; EtO, Gamma, X-ray, and E-Beam. Their control systems are being used throughout the world to sterilize over 1 million pallets per year.\\r\\n<\\/p>\",\"callToActionText\":\"\",\"callToActionLink\":\"\",\"photo\":[\"33\"],\"photoAlignment\":\"right\"}},\"29\":{\"type\":\"previewTiles\",\"enabled\":\"1\",\"fields\":{\"pages\":[\"5\",\"6\"],\"tileType\":\"overlay\"}},\"30\":{\"type\":\"oneColumnText\",\"enabled\":\"1\",\"fields\":{\"heading\":\"Products & Services\",\"columnText\":\"<p>We have a range of proven solutions that have undergone rigorous testing to provide you with a reliable and dependable solution for any sterilization modality. Our control systems are being used throughout the world which sterilize over 1 million pallets per year.\\r\\n<\\/p>\",\"backgroundColor\":\"grey\",\"centerText\":\"1\"}},\"31\":{\"type\":\"previewTiles\",\"enabled\":\"1\",\"fields\":{\"pages\":[\"8\",\"9\",\"10\"],\"tileType\":\"titleBar\"}},\"32\":{\"type\":\"testimonialSlider\",\"enabled\":\"1\",\"fields\":{\"testimonials\":[\"14\"]}}},\"3\":\"Global Market Leaders in Sterilization Control and Monitoring Systems\",\"4\":\"Advanced monitoring solutions designed for the sterilization industry, for growth, production efficiency and the long term.\"}}', '2015-10-17 15:04:59', '2015-10-17 15:04:59', '53efcdd0-2899-44e2-809e-07321b424028'),
 ('37', '2', '1', '1', 'en_ca', '6', '', '{\"typeId\":\"1\",\"authorId\":null,\"title\":\"Konnexis\",\"slug\":\"homepage\",\"postDate\":1445093378,\"expiryDate\":null,\"enabled\":1,\"fields\":{\"5\":[\"4\"],\"7\":{\"28\":{\"type\":\"textWithPhoto\",\"enabled\":\"1\",\"fields\":{\"backgroundColor\":\"white\",\"sectionHeading\":\"Global Market Leaders\",\"textContent\":\"<p>Headquartered in Ottawa, Canada, Konnexis is a global market leader of modern sterilization control systems.  Since 2000 they have provided both Medical Device and Sterilization Contractors a range of unique and proven solutions for any sterilization modality; EtO, Gamma, X-ray, and E-Beam. Their control systems are being used throughout the world to sterilize over 1 million pallets per year.\\r\\n<\\/p>\",\"callToActionText\":\"About\",\"callToActionLink\":[\"13\"],\"photo\":[\"33\"],\"photoAlignment\":\"right\"}},\"29\":{\"type\":\"previewTiles\",\"enabled\":\"1\",\"fields\":{\"pages\":[\"5\",\"6\"],\"tileType\":\"overlay\"}},\"30\":{\"type\":\"oneColumnText\",\"enabled\":\"1\",\"fields\":{\"heading\":\"Products & Services\",\"columnText\":\"<p>We have a range of proven solutions that have undergone rigorous testing to provide you with a reliable and dependable solution for any sterilization modality. Our control systems are being used throughout the world which sterilize over 1 million pallets per year.\\r\\n<\\/p>\",\"backgroundColor\":\"grey\",\"centerText\":\"1\"}},\"31\":{\"type\":\"previewTiles\",\"enabled\":\"1\",\"fields\":{\"pages\":[\"8\",\"9\",\"10\"],\"tileType\":\"titleBar\"}},\"32\":{\"type\":\"testimonialSlider\",\"enabled\":\"1\",\"fields\":{\"testimonials\":[\"14\"]}}},\"3\":\"Global Market Leaders in Sterilization Control and Monitoring Systems\",\"4\":\"Advanced monitoring solutions designed for the sterilization industry, for growth, production efficiency and the long term.\"}}', '2015-10-17 15:13:26', '2015-10-17 15:13:26', '2909a601-44e4-491a-b8a6-2eaffd811242'),
 ('38', '2', '1', '1', 'en_ca', '7', '', '{\"typeId\":\"1\",\"authorId\":null,\"title\":\"Konnexis\",\"slug\":\"homepage\",\"postDate\":1445093378,\"expiryDate\":null,\"enabled\":1,\"fields\":{\"5\":[\"4\"],\"7\":{\"28\":{\"type\":\"textWithPhoto\",\"enabled\":\"1\",\"fields\":{\"backgroundColor\":\"white\",\"sectionHeading\":\"Global Market Leaders\",\"textContent\":\"<p>Headquartered in Ottawa, Canada, Konnexis is a global market leader of modern sterilization control systems.  Since 2000 they have provided both Medical Device and Sterilization Contractors a range of unique and proven solutions for any sterilization modality; EtO, Gamma, X-ray, and E-Beam. Their control systems are being used throughout the world to sterilize over 1 million pallets per year.\\r\\n<\\/p>\",\"callToActionText\":\"About\",\"callToActionLink\":[\"13\"],\"photo\":[\"33\"],\"photoAlignment\":\"right\"}},\"29\":{\"type\":\"previewTiles\",\"enabled\":\"1\",\"fields\":{\"pages\":[\"5\",\"6\"],\"tileType\":\"overlay\"}},\"30\":{\"type\":\"oneColumnText\",\"enabled\":\"1\",\"fields\":{\"heading\":\"Products & Services\",\"columnText\":\"<p>We have a range of proven solutions that have undergone rigorous testing to provide you with a reliable and dependable solution for any sterilization modality. Our control systems are being used throughout the world which sterilize over 1 million pallets per year.\\r\\n<\\/p>\",\"backgroundColor\":\"grey\",\"centerText\":\"1\"}},\"31\":{\"type\":\"previewTiles\",\"enabled\":\"1\",\"fields\":{\"pages\":[\"8\",\"9\",\"10\"],\"tileType\":\"titleBar\"}},\"32\":{\"type\":\"testimonialSlider\",\"enabled\":\"1\",\"fields\":{\"testimonials\":[\"14\"]}},\"new1\":{\"type\":\"callToAction\",\"enabled\":\"1\",\"fields\":{\"introHeading\":\"For more information or to request a quote\",\"ctaButtonText\":\"Contact Us\",\"ctaButtonLink\":[\"13\"],\"backgroundColor\":\"grey\"}}},\"3\":\"Global Market Leaders in Sterilization Control and Monitoring Systems\",\"4\":\"Advanced monitoring solutions designed for the sterilization industry, for growth, production efficiency and the long term.\"}}', '2015-10-17 15:16:14', '2015-10-17 15:16:14', 'a580221f-8868-4e4c-9a99-d36a8028e296'),
 ('39', '2', '1', '1', 'en_ca', '8', '', '{\"typeId\":\"1\",\"authorId\":null,\"title\":\"Konnexis\",\"slug\":\"homepage\",\"postDate\":1445093378,\"expiryDate\":null,\"enabled\":1,\"fields\":{\"5\":[\"4\"],\"7\":{\"28\":{\"type\":\"textWithPhoto\",\"enabled\":\"1\",\"fields\":{\"backgroundColor\":\"white\",\"sectionHeading\":\"Global Market Leaders\",\"textContent\":\"<p>Headquartered in Ottawa, Canada, Konnexis is a global market leader of modern sterilization control systems.  Since 2000 they have provided both Medical Device and Sterilization Contractors a range of unique and proven solutions for any sterilization modality; EtO, Gamma, X-ray, and E-Beam. Their control systems are being used throughout the world to sterilize over 1 million pallets per year.\\r\\n<\\/p>\",\"callToActionText\":\"About\",\"callToActionLink\":[\"13\"],\"photo\":[\"33\"],\"photoAlignment\":\"right\"}},\"29\":{\"type\":\"previewTiles\",\"enabled\":\"1\",\"fields\":{\"pages\":[\"5\",\"6\"],\"tileType\":\"overlay\"}},\"new1\":{\"type\":\"tabList\",\"enabled\":\"1\",\"fields\":{\"tabs\":{\"new1\":{\"type\":\"1\",\"fields\":{\"tabTitle\":\"Ethylene Oxide\",\"tabIcon\":\"Ethylene Oxide\",\"tabContent\":\"Konnexis is a leader in the design of control systems for ethylene oxide chambers. Konnexis takes your specifications into account and implements a control system which increases efficiency, functionality, and productivity. Integrating both flexibility and precision into your system, AccuSOLO is Konnexis\' most advanced solution for process control.\"}},\"new2\":{\"type\":\"1\",\"fields\":{\"tabTitle\":\"Gamma Irradiation\",\"tabIcon\":\"gamma\",\"tabContent\":\"Konnexis has developed a system for Gamma and E-Beam irradiators that is highly flexible in order to both suit your needs and to accommodate for the changing industry. Through seamless integration between irradiator control and product tracking, Konnexis has allowed its Gamma irradiation customers to reach unparalleled levels of productivity.\"}},\"new3\":{\"type\":\"1\",\"fields\":{\"tabTitle\":\"Electron Beam (E-Beam)\",\"tabIcon\":\"ebeam\",\"tabContent\":\"Konnexis has developed a system for Gamma and E-Beam irradiators that is highly flexible in order to both suit your needs and to accommodate for the changing industry. Through seamless integration between irradiator control and product tracking, Konnexis has allowed its Gamma irradiation customers to reach unparalleled levels of productivity.\"}},\"new4\":{\"type\":\"1\",\"fields\":{\"tabTitle\":\"X-Ray\",\"tabIcon\":\"xray\",\"tabContent\":\"Konnexis\' innovation in X-Ray sterilization has accelerated the industry and allowed the technology to advance to new heights. Through seamless integration between irradiator control and product tracking, Konnexis allows you effortless processing and reliability.\"}}}}},\"30\":{\"type\":\"oneColumnText\",\"enabled\":\"1\",\"fields\":{\"heading\":\"Products & Services\",\"columnText\":\"<p>We have a range of proven solutions that have undergone rigorous testing to provide you with a reliable and dependable solution for any sterilization modality. Our control systems are being used throughout the world which sterilize over 1 million pallets per year.\\r\\n<\\/p>\",\"backgroundColor\":\"grey\",\"centerText\":\"1\"}},\"31\":{\"type\":\"previewTiles\",\"enabled\":\"1\",\"fields\":{\"pages\":[\"8\",\"9\",\"10\"],\"tileType\":\"titleBar\"}},\"32\":{\"type\":\"testimonialSlider\",\"enabled\":\"1\",\"fields\":{\"testimonials\":[\"14\"]}},\"34\":{\"type\":\"callToAction\",\"enabled\":\"1\",\"fields\":{\"introHeading\":\"For more information or to request a quote\",\"ctaButtonText\":\"Contact Us\",\"ctaButtonLink\":[\"13\"],\"backgroundColor\":\"grey\"}}},\"3\":\"Global Market Leaders in Sterilization Control and Monitoring Systems\",\"4\":\"Advanced monitoring solutions designed for the sterilization industry, for growth, production efficiency and the long term.\"}}', '2015-10-17 15:24:18', '2015-10-17 15:24:18', 'c73f7d15-d97c-4d96-8bb2-6d6e5914ba53'),
 ('40', '2', '1', '1', 'en_ca', '9', '', '{\"typeId\":\"1\",\"authorId\":null,\"title\":\"Konnexis\",\"slug\":\"homepage\",\"postDate\":1445093378,\"expiryDate\":null,\"enabled\":1,\"fields\":{\"5\":[\"4\"],\"7\":{\"28\":{\"type\":\"textWithPhoto\",\"enabled\":\"1\",\"fields\":{\"backgroundColor\":\"white\",\"sectionHeading\":\"Global Market Leaders\",\"textContent\":\"<p>Headquartered in Ottawa, Canada, Konnexis is a global market leader of modern sterilization control systems.  Since 2000 they have provided both Medical Device and Sterilization Contractors a range of unique and proven solutions for any sterilization modality; EtO, Gamma, X-ray, and E-Beam. Their control systems are being used throughout the world to sterilize over 1 million pallets per year.\\r\\n<\\/p>\",\"callToActionText\":\"About\",\"callToActionLink\":[\"13\"],\"photo\":[\"33\"],\"photoAlignment\":\"right\"}},\"29\":{\"type\":\"previewTiles\",\"enabled\":\"1\",\"fields\":{\"pages\":[\"5\",\"6\"],\"tileType\":\"overlay\"}},\"35\":{\"type\":\"tabList\",\"enabled\":\"1\",\"fields\":{\"tabListTitle\":\"Sterilization Methods\",\"tabs\":{\"36\":{\"type\":\"1\",\"fields\":{\"tabTitle\":\"Ethylene Oxide\",\"tabIcon\":\"Ethylene Oxide\",\"tabContent\":\"Konnexis is a leader in the design of control systems for ethylene oxide chambers. Konnexis takes your specifications into account and implements a control system which increases efficiency, functionality, and productivity. Integrating both flexibility and precision into your system, AccuSOLO is Konnexis\' most advanced solution for process control.\"}},\"37\":{\"type\":\"1\",\"fields\":{\"tabTitle\":\"Gamma Irradiation\",\"tabIcon\":\"gamma\",\"tabContent\":\"Konnexis has developed a system for Gamma and E-Beam irradiators that is highly flexible in order to both suit your needs and to accommodate for the changing industry. Through seamless integration between irradiator control and product tracking, Konnexis has allowed its Gamma irradiation customers to reach unparalleled levels of productivity.\"}},\"38\":{\"type\":\"1\",\"fields\":{\"tabTitle\":\"Electron Beam (E-Beam)\",\"tabIcon\":\"ebeam\",\"tabContent\":\"Konnexis has developed a system for Gamma and E-Beam irradiators that is highly flexible in order to both suit your needs and to accommodate for the changing industry. Through seamless integration between irradiator control and product tracking, Konnexis has allowed its Gamma irradiation customers to reach unparalleled levels of productivity.\"}},\"39\":{\"type\":\"1\",\"fields\":{\"tabTitle\":\"X-Ray\",\"tabIcon\":\"xray\",\"tabContent\":\"Konnexis\' innovation in X-Ray sterilization has accelerated the industry and allowed the technology to advance to new heights. Through seamless integration between irradiator control and product tracking, Konnexis allows you effortless processing and reliability.\"}}}}},\"30\":{\"type\":\"oneColumnText\",\"enabled\":\"1\",\"fields\":{\"heading\":\"Products & Services\",\"columnText\":\"<p>We have a range of proven solutions that have undergone rigorous testing to provide you with a reliable and dependable solution for any sterilization modality. Our control systems are being used throughout the world which sterilize over 1 million pallets per year.\\r\\n<\\/p>\",\"backgroundColor\":\"grey\",\"centerText\":\"1\"}},\"31\":{\"type\":\"previewTiles\",\"enabled\":\"1\",\"fields\":{\"pages\":[\"8\",\"9\",\"10\"],\"tileType\":\"titleBar\"}},\"32\":{\"type\":\"testimonialSlider\",\"enabled\":\"1\",\"fields\":{\"testimonials\":[\"14\"]}},\"34\":{\"type\":\"callToAction\",\"enabled\":\"1\",\"fields\":{\"introHeading\":\"For more information or to request a quote\",\"ctaButtonText\":\"Contact Us\",\"ctaButtonLink\":[\"13\"],\"backgroundColor\":\"grey\"}}},\"3\":\"Global Market Leaders in Sterilization Control and Monitoring Systems\",\"4\":\"Advanced monitoring solutions designed for the sterilization industry, for growth, production efficiency and the long term.\"}}', '2015-10-17 15:25:08', '2015-10-17 15:25:08', '29db44ed-8d2e-462c-9b12-7fa91522a3e3'),
 ('41', '2', '1', '1', 'en_ca', '10', '', '{\"typeId\":\"1\",\"authorId\":null,\"title\":\"Konnexis\",\"slug\":\"homepage\",\"postDate\":1445093378,\"expiryDate\":null,\"enabled\":1,\"fields\":{\"5\":[\"4\"],\"7\":{\"28\":{\"type\":\"textWithPhoto\",\"enabled\":\"1\",\"fields\":{\"backgroundColor\":\"white\",\"sectionHeading\":\"Global Market Leaders\",\"textContent\":\"<p>Headquartered in Ottawa, Canada, Konnexis is a global market leader of modern sterilization control systems.  Since 2000 they have provided both Medical Device and Sterilization Contractors a range of unique and proven solutions for any sterilization modality; EtO, Gamma, X-ray, and E-Beam. Their control systems are being used throughout the world to sterilize over 1 million pallets per year.\\r\\n<\\/p>\",\"callToActionText\":\"About\",\"callToActionLink\":[\"13\"],\"photo\":[\"33\"],\"photoAlignment\":\"right\"}},\"29\":{\"type\":\"previewTiles\",\"enabled\":\"1\",\"fields\":{\"pages\":[\"5\",\"6\"],\"tileType\":\"overlay\"}},\"35\":{\"type\":\"tabList\",\"enabled\":\"1\",\"fields\":{\"tabListTitle\":\"Sterilization Methods\",\"tabs\":{\"36\":{\"type\":\"1\",\"fields\":{\"tabTitle\":\"Ethylene Oxide\",\"tabIcon\":\"oxide\",\"tabContent\":\"Konnexis is a leader in the design of control systems for ethylene oxide chambers. Konnexis takes your specifications into account and implements a control system which increases efficiency, functionality, and productivity. Integrating both flexibility and precision into your system, AccuSOLO is Konnexis\' most advanced solution for process control.\"}},\"37\":{\"type\":\"1\",\"fields\":{\"tabTitle\":\"Gamma Irradiation\",\"tabIcon\":\"gamma\",\"tabContent\":\"Konnexis has developed a system for Gamma and E-Beam irradiators that is highly flexible in order to both suit your needs and to accommodate for the changing industry. Through seamless integration between irradiator control and product tracking, Konnexis has allowed its Gamma irradiation customers to reach unparalleled levels of productivity.\"}},\"38\":{\"type\":\"1\",\"fields\":{\"tabTitle\":\"Electron Beam (E-Beam)\",\"tabIcon\":\"ebeam\",\"tabContent\":\"Konnexis has developed a system for Gamma and E-Beam irradiators that is highly flexible in order to both suit your needs and to accommodate for the changing industry. Through seamless integration between irradiator control and product tracking, Konnexis has allowed its Gamma irradiation customers to reach unparalleled levels of productivity.\"}},\"39\":{\"type\":\"1\",\"fields\":{\"tabTitle\":\"X-Ray\",\"tabIcon\":\"xray\",\"tabContent\":\"Konnexis\' innovation in X-Ray sterilization has accelerated the industry and allowed the technology to advance to new heights. Through seamless integration between irradiator control and product tracking, Konnexis allows you effortless processing and reliability.\"}}}}},\"30\":{\"type\":\"oneColumnText\",\"enabled\":\"1\",\"fields\":{\"heading\":\"Products & Services\",\"columnText\":\"<p>We have a range of proven solutions that have undergone rigorous testing to provide you with a reliable and dependable solution for any sterilization modality. Our control systems are being used throughout the world which sterilize over 1 million pallets per year.\\r\\n<\\/p>\",\"backgroundColor\":\"grey\",\"centerText\":\"1\"}},\"31\":{\"type\":\"previewTiles\",\"enabled\":\"1\",\"fields\":{\"pages\":[\"8\",\"9\",\"10\"],\"tileType\":\"titleBar\"}},\"32\":{\"type\":\"testimonialSlider\",\"enabled\":\"1\",\"fields\":{\"testimonials\":[\"14\"]}},\"34\":{\"type\":\"callToAction\",\"enabled\":\"1\",\"fields\":{\"introHeading\":\"For more information or to request a quote\",\"ctaButtonText\":\"Contact Us\",\"ctaButtonLink\":[\"13\"],\"backgroundColor\":\"grey\"}}},\"3\":\"Global Market Leaders in Sterilization Control and Monitoring Systems\",\"4\":\"Advanced monitoring solutions designed for the sterilization industry, for growth, production efficiency and the long term.\"}}', '2015-10-17 15:29:39', '2015-10-17 15:29:39', '3cf05717-9f8b-427f-ade4-8326510d8de0'),
 ('42', '7', '3', '1', 'en_ca', '5', '', '{\"typeId\":\"3\",\"authorId\":\"1\",\"title\":\"Products & Services\",\"slug\":\"products-services\",\"postDate\":1443886440,\"expiryDate\":null,\"enabled\":1,\"fields\":{\"5\":[\"4\"],\"7\":{\"26\":{\"type\":\"previewTiles\",\"enabled\":\"1\",\"fields\":{\"pages\":[\"8\",\"9\",\"10\"],\"tileType\":\"titleBar\"}}},\"4\":\"\"}}', '2015-10-17 18:46:39', '2015-10-17 18:46:39', '718326db-bf9c-43d5-aed0-f12e38aa899a'),
 ('43', '8', '3', '1', 'en_ca', '2', '', '{\"typeId\":\"4\",\"authorId\":\"1\",\"title\":\"AccuSOLO\",\"slug\":\"accusolo\",\"postDate\":1443886440,\"expiryDate\":null,\"enabled\":1,\"fields\":{\"5\":[\"21\"],\"7\":\"\"}}', '2015-10-17 18:49:20', '2015-10-17 18:49:20', 'ecd7953d-76b5-42e2-b84f-0242922978ce'),
 ('44', '8', '3', '1', 'en_ca', '3', '', '{\"typeId\":\"4\",\"authorId\":\"1\",\"title\":\"AccuSOLO\",\"slug\":\"accusolo\",\"postDate\":1443886440,\"expiryDate\":null,\"enabled\":1,\"fields\":{\"5\":[\"21\"],\"7\":{\"new1\":{\"type\":\"textWithPhoto\",\"enabled\":\"1\",\"fields\":{\"backgroundColor\":\"white\",\"sectionHeading\":\"AccuSOLO\",\"textContent\":\"<p>Designed for individual chamber use, AccuSOLO delivers flexibility and precision to your operations so you can process with confidence. By supporting redundant devices, AccuSOLO continues processing even when individual devices fail, saving you both time and money by delivering maximum output.<\\/p>\",\"callToActionText\":\"\",\"callToActionLink\":\"\",\"photo\":[\"40\"],\"photoAlignment\":\"left\"}}}}}', '2015-10-17 18:59:58', '2015-10-17 18:59:58', '8e1fcfb7-61e5-489a-b582-d3391a8acc63'),
 ('45', '8', '3', '1', 'en_ca', '4', '', '{\"typeId\":\"4\",\"authorId\":\"1\",\"title\":\"AccuSOLO\",\"slug\":\"accusolo\",\"postDate\":1443886440,\"expiryDate\":null,\"enabled\":1,\"fields\":{\"5\":[\"21\"],\"7\":{\"41\":{\"type\":\"textWithPhoto\",\"enabled\":\"1\",\"fields\":{\"backgroundColor\":\"white\",\"sectionHeading\":\"AccuSOLO\",\"textContent\":\"<p>Designed for individual chamber use, AccuSOLO delivers flexibility and precision to your operations so you can process with confidence. By supporting redundant devices, AccuSOLO continues processing even when individual devices fail, saving you both time and money by delivering maximum output.<\\/p>\",\"callToActionText\":\"\",\"callToActionLink\":\"\",\"photo\":[\"40\"],\"photoAlignment\":\"left\"}},\"new1\":{\"type\":\"twoColumnText\",\"enabled\":\"1\",\"fields\":{\"heading\":\"Top Features\",\"leftColumnText\":\"<p><strong>Rapid Commissioning<\\/strong><\\/p><p>Minimizes any chamber downtime by offering the shortest commissioning available in the market allowing you to get to production faster without compromising quality.<\\/p><p><strong>Unparalleled Flexibility<\\/strong><\\/p><p>Designed to be future-proof so your investment in a sterilization control system today will last for years to come. AccuSOLO is operating system agnostic and supports the different equipment necessary to run any cycle.  In addition, its flexible cycle design supports and encourages continuous innovation.<\\/p><p><strong>Cycle Simulator<\\/strong><\\/p><p>Allows you to innovate with confidence using a built-in cycle simulator for pre-testing cycle designs thereby reducing the chance of failure and helping to achieve maximum efficiency.<\\/p>\",\"rightColumnText\":\"<p><strong>Dependable<\\/strong><\\/p><p>Built by experts dedicated to the field of control systems, Konnexis offers global support with real-time response.  Over 1 million pallets are sterilized per year.<\\/p><p><strong>Multi-chamber Support<\\/strong><\\/p><p>Works across multiple chamber types and features a single centralized cycle design and management system that allows for easier process management, remote monitoring, and enabling collaborative cycle development across the enterprise.<\\/p>\",\"backgroundColor\":\"grey\"}}}}}', '2015-10-17 19:10:39', '2015-10-17 19:10:39', '138702f9-2763-462f-a35d-4a098b04470d'),
 ('46', '8', '3', '1', 'en_ca', '5', '', '{\"typeId\":\"4\",\"authorId\":\"1\",\"title\":\"AccuSOLO\",\"slug\":\"accusolo\",\"postDate\":1443886440,\"expiryDate\":null,\"enabled\":1,\"fields\":{\"5\":[\"21\"],\"7\":{\"41\":{\"type\":\"textWithPhoto\",\"enabled\":\"1\",\"fields\":{\"backgroundColor\":\"white\",\"sectionHeading\":\"AccuSOLO\",\"textContent\":\"<p>Designed for individual chamber use, AccuSOLO delivers flexibility and precision to your operations so you can process with confidence. By supporting redundant devices, AccuSOLO continues processing even when individual devices fail, saving you both time and money by delivering maximum output.<\\/p>\",\"callToActionText\":\"\",\"callToActionLink\":\"\",\"photo\":[\"40\"],\"photoAlignment\":\"left\"}},\"42\":{\"type\":\"twoColumnText\",\"enabled\":\"1\",\"fields\":{\"heading\":\"Top Features\",\"leftColumnText\":\"<p><strong>Rapid Commissioning<\\/strong><\\/p><p>Minimizes any chamber downtime by offering the shortest commissioning available in the market allowing you to get to production faster without compromising quality.<\\/p><p><strong>Unparalleled Flexibility<\\/strong><\\/p><p>Designed to be future-proof so your investment in a sterilization control system today will last for years to come. AccuSOLO is operating system agnostic and supports the different equipment necessary to run any cycle.  In addition, its flexible cycle design supports and encourages continuous innovation.<\\/p><p><strong>Cycle Simulator<\\/strong><\\/p><p>Allows you to innovate with confidence using a built-in cycle simulator for pre-testing cycle designs thereby reducing the chance of failure and helping to achieve maximum efficiency.<\\/p>\",\"rightColumnText\":\"<p><strong>Dependable<\\/strong><\\/p><p>Built by experts dedicated to the field of control systems, Konnexis offers global support with real-time response.  Over 1 million pallets are sterilized per year.<\\/p><p><strong>Multi-chamber Support<\\/strong><\\/p><p>Works across multiple chamber types and features a single centralized cycle design and management system that allows for easier process management, remote monitoring, and enabling collaborative cycle development across the enterprise.<\\/p>\",\"backgroundColor\":\"grey\"}},\"new1\":{\"type\":\"testimonialSlider\",\"enabled\":\"1\",\"fields\":{\"testimonials\":[\"14\"]}},\"new2\":{\"type\":\"callToAction\",\"enabled\":\"1\",\"fields\":{\"introHeading\":\"For more information or to request a quote\",\"ctaButtonText\":\"\",\"ctaButtonLink\":\"\",\"backgroundColor\":\"grey\"}}}}}', '2015-10-17 19:11:35', '2015-10-17 19:11:35', 'd61675b8-38dd-437f-b22b-a0da6a88396a'),
 ('47', '10', '3', '1', 'en_ca', '3', '', '{\"typeId\":\"4\",\"authorId\":\"1\",\"title\":\"CONSULTING SERVICES\",\"slug\":\"consulting\",\"postDate\":1443886560,\"expiryDate\":null,\"enabled\":1,\"fields\":{\"5\":\"\",\"7\":\"\"}}', '2015-10-17 19:19:31', '2015-10-17 19:19:31', '9bb9e590-d8f2-4525-a0df-ba0acbd6e8f3'),
 ('48', '9', '3', '1', 'en_ca', '3', '', '{\"typeId\":\"4\",\"authorId\":\"1\",\"title\":\"KONNTRACK\",\"slug\":\"konntrack\",\"postDate\":1443886500,\"expiryDate\":null,\"enabled\":1,\"fields\":{\"5\":\"\",\"7\":{\"new1\":{\"type\":\"oneColumnText\",\"enabled\":\"1\",\"fields\":{\"heading\":\"konnTRACK\",\"columnText\":\"<p>konnTRACK seamlessly integrates your sterilization machine with process control and inventory tracking. Developed with vision, this software operates with X-Ray, Gamma and E-Beam technologies.  By advancing plant efficiency, minimizing downtown, and with unparalleled reliability in scheduling, konnTRACK is definitive in increasing production. <\\/p>\",\"backgroundColor\":\"white\",\"centerText\":\"\"}}}}}', '2015-10-17 19:37:58', '2015-10-17 19:37:58', '44e90ff5-639b-4d19-9d39-412a1f4cd62a'),
 ('49', '9', '3', '1', 'en_ca', '4', '', '{\"typeId\":\"4\",\"authorId\":\"1\",\"title\":\"KONNTRACK\",\"slug\":\"konntrack\",\"postDate\":1443886500,\"expiryDate\":null,\"enabled\":1,\"fields\":{\"5\":[\"4\"],\"7\":{\"45\":{\"type\":\"oneColumnText\",\"enabled\":\"1\",\"fields\":{\"heading\":\"konnTRACK\",\"columnText\":\"<p>konnTRACK seamlessly integrates your sterilization machine with process control and inventory tracking. Developed with vision, this software operates with X-Ray, Gamma and E-Beam technologies.  By advancing plant efficiency, minimizing downtown, and with unparalleled reliability in scheduling, konnTRACK is definitive in increasing production. <\\/p>\",\"backgroundColor\":\"white\",\"centerText\":\"\"}}}}}', '2015-10-17 19:38:22', '2015-10-17 19:38:22', '5d27f7d4-92a1-43de-96b2-0be920f90855'),
 ('50', '10', '3', '1', 'en_ca', '4', '', '{\"typeId\":\"4\",\"authorId\":\"1\",\"title\":\"CONSULTING SERVICES\",\"slug\":\"consulting\",\"postDate\":1443886560,\"expiryDate\":null,\"enabled\":1,\"fields\":{\"5\":[\"4\"],\"7\":{\"new1\":{\"type\":\"oneColumnText\",\"enabled\":\"1\",\"fields\":{\"heading\":\"Consulting Services\",\"columnText\":\"<p>Lorem ipsum dolor sit amet, consectetur adipisicing elit. Recusandae soluta cum voluptas quam consequuntur sapiente vitae sit ab, voluptate ex vero voluptatum aperiam sed consectetur nesciunt sequi eius voluptates? Ex.<\\/p>\",\"backgroundColor\":\"white\",\"centerText\":\"\"}}}}}', '2015-10-17 19:40:48', '2015-10-17 19:40:48', 'eb03c634-b420-4873-91f8-889e36d72b7f'),
 ('51', '9', '3', '1', 'en_ca', '5', '', '{\"typeId\":\"4\",\"authorId\":\"1\",\"title\":\"konnTRACK\",\"slug\":\"konntrack\",\"postDate\":1443886500,\"expiryDate\":null,\"enabled\":1,\"fields\":{\"5\":[\"4\"],\"7\":{\"45\":{\"type\":\"oneColumnText\",\"enabled\":\"1\",\"fields\":{\"heading\":\"konnTRACK\",\"columnText\":\"<p>konnTRACK seamlessly integrates your sterilization machine with process control and inventory tracking. Developed with vision, this software operates with X-Ray, Gamma and E-Beam technologies.  By advancing plant efficiency, minimizing downtown, and with unparalleled reliability in scheduling, konnTRACK is definitive in increasing production. <\\/p>\",\"backgroundColor\":\"white\",\"centerText\":\"\"}}}}}', '2015-10-17 19:44:46', '2015-10-17 19:44:46', '28b70a7d-9b08-4d9f-8635-dfb9a9741b37'),
 ('52', '10', '3', '1', 'en_ca', '5', '', '{\"typeId\":\"4\",\"authorId\":\"1\",\"title\":\"Consulting Services\",\"slug\":\"consulting\",\"postDate\":1443886560,\"expiryDate\":null,\"enabled\":1,\"fields\":{\"5\":[\"4\"],\"7\":{\"46\":{\"type\":\"oneColumnText\",\"enabled\":\"1\",\"fields\":{\"heading\":\"Consulting Services\",\"columnText\":\"<p>Lorem ipsum dolor sit amet, consectetur adipisicing elit. Recusandae soluta cum voluptas quam consequuntur sapiente vitae sit ab, voluptate ex vero voluptatum aperiam sed consectetur nesciunt sequi eius voluptates? Ex.<\\/p>\",\"backgroundColor\":\"white\",\"centerText\":\"\"}}}}}', '2015-10-17 19:44:56', '2015-10-17 19:44:56', 'f3b29ac8-754d-4312-aade-bde11a21d647'),
 ('53', '8', '3', '1', 'en_ca', '6', '', '{\"typeId\":\"4\",\"authorId\":\"1\",\"title\":\"AccuSOLO\",\"slug\":\"accusolo\",\"postDate\":1443886440,\"expiryDate\":null,\"enabled\":1,\"fields\":{\"5\":[\"21\"],\"7\":{\"41\":{\"type\":\"textWithPhoto\",\"enabled\":\"1\",\"fields\":{\"backgroundColor\":\"white\",\"sectionHeading\":\"AccuSOLO\",\"textContent\":\"<p>Designed for individual chamber use, AccuSOLO delivers flexibility and precision to your operations so you can process with confidence. By supporting redundant devices, AccuSOLO continues processing even when individual devices fail, saving you both time and money by delivering maximum output.<\\/p>\",\"callToActionText\":\"\",\"callToActionLink\":\"\",\"photo\":[\"40\"],\"photoAlignment\":\"drop-left\"}},\"42\":{\"type\":\"twoColumnText\",\"enabled\":\"1\",\"fields\":{\"heading\":\"Top Features\",\"leftColumnText\":\"<p><strong>Rapid Commissioning<\\/strong><\\/p><p>Minimizes any chamber downtime by offering the shortest commissioning available in the market allowing you to get to production faster without compromising quality.<\\/p><p><strong>Unparalleled Flexibility<\\/strong><\\/p><p>Designed to be future-proof so your investment in a sterilization control system today will last for years to come. AccuSOLO is operating system agnostic and supports the different equipment necessary to run any cycle.  In addition, its flexible cycle design supports and encourages continuous innovation.<\\/p><p><strong>Cycle Simulator<\\/strong><\\/p><p>Allows you to innovate with confidence using a built-in cycle simulator for pre-testing cycle designs thereby reducing the chance of failure and helping to achieve maximum efficiency.<\\/p>\",\"rightColumnText\":\"<p><strong>Dependable<\\/strong><\\/p><p>Built by experts dedicated to the field of control systems, Konnexis offers global support with real-time response.  Over 1 million pallets are sterilized per year.<\\/p><p><strong>Multi-chamber Support<\\/strong><\\/p><p>Works across multiple chamber types and features a single centralized cycle design and management system that allows for easier process management, remote monitoring, and enabling collaborative cycle development across the enterprise.<\\/p>\",\"backgroundColor\":\"grey\"}},\"43\":{\"type\":\"testimonialSlider\",\"enabled\":\"1\",\"fields\":{\"testimonials\":[\"14\"]}},\"44\":{\"type\":\"callToAction\",\"enabled\":\"1\",\"fields\":{\"introHeading\":\"For more information or to request a quote\",\"ctaButtonText\":\"\",\"ctaButtonLink\":\"\",\"backgroundColor\":\"grey\"}}}}}', '2015-10-18 01:25:27', '2015-10-18 01:25:27', '9dc6adfb-1010-49fd-9519-3472029bd3fd'),
 ('54', '8', '3', '1', 'en_ca', '7', '', '{\"typeId\":\"4\",\"authorId\":\"1\",\"title\":\"AccuSOLO\",\"slug\":\"accusolo\",\"postDate\":1443886440,\"expiryDate\":null,\"enabled\":1,\"fields\":{\"5\":[\"21\"],\"7\":{\"41\":{\"type\":\"textWithPhoto\",\"enabled\":\"1\",\"fields\":{\"backgroundColor\":\"white\",\"sectionHeading\":\"AccuSOLO\",\"textContent\":\"<p>Designed for individual chamber use, AccuSOLO delivers flexibility and precision to your operations so you can process with confidence. By supporting redundant devices, AccuSOLO continues processing even when individual devices fail, saving you both time and money by delivering maximum output.\\r\\n<\\/p>\",\"callToActionText\":\"\",\"callToActionLink\":\"\",\"photo\":[\"40\"],\"photoAlignment\":\"drop-right\"}},\"42\":{\"type\":\"twoColumnText\",\"enabled\":\"1\",\"fields\":{\"heading\":\"Top Features\",\"leftColumnText\":\"<p><strong>Rapid Commissioning<\\/strong>\\r\\n<\\/p><p>Minimizes any chamber downtime by offering the shortest commissioning available in the market allowing you to get to production faster without compromising quality.\\r\\n<\\/p><p><strong>Unparalleled Flexibility<\\/strong>\\r\\n<\\/p><p>Designed to be future-proof so your investment in a sterilization control system today will last for years to come. AccuSOLO is operating system agnostic and supports the different equipment necessary to run any cycle.  In addition, its flexible cycle design supports and encourages continuous innovation.\\r\\n<\\/p><p><strong>Cycle Simulator<\\/strong>\\r\\n<\\/p><p>Allows you to innovate with confidence using a built-in cycle simulator for pre-testing cycle designs thereby reducing the chance of failure and helping to achieve maximum efficiency.\\r\\n<\\/p>\",\"rightColumnText\":\"<p><strong>Dependable<\\/strong>\\r\\n<\\/p><p>Built by experts dedicated to the field of control systems, Konnexis offers global support with real-time response.  Over 1 million pallets are sterilized per year.\\r\\n<\\/p><p><strong>Multi-chamber Support<\\/strong>\\r\\n<\\/p><p>Works across multiple chamber types and features a single centralized cycle design and management system that allows for easier process management, remote monitoring, and enabling collaborative cycle development across the enterprise.\\r\\n<\\/p>\",\"backgroundColor\":\"grey\"}},\"43\":{\"type\":\"testimonialSlider\",\"enabled\":\"1\",\"fields\":{\"testimonials\":[\"14\"]}},\"44\":{\"type\":\"callToAction\",\"enabled\":\"1\",\"fields\":{\"introHeading\":\"For more information or to request a quote\",\"ctaButtonText\":\"\",\"ctaButtonLink\":\"\",\"backgroundColor\":\"grey\"}}}}}', '2015-10-18 01:35:52', '2015-10-18 01:35:52', '9a185aea-bfaf-4826-b16e-6234ec536e87'),
 ('55', '8', '3', '1', 'en_ca', '8', '', '{\"typeId\":\"4\",\"authorId\":\"1\",\"title\":\"AccuSOLO\",\"slug\":\"accusolo\",\"postDate\":1443886440,\"expiryDate\":null,\"enabled\":1,\"fields\":{\"5\":[\"21\"],\"7\":{\"41\":{\"type\":\"textWithPhoto\",\"enabled\":\"1\",\"fields\":{\"backgroundColor\":\"white\",\"sectionHeading\":\"AccuSOLO\",\"textContent\":\"<p>Designed for individual chamber use, AccuSOLO delivers flexibility and precision to your operations so you can process with confidence. By supporting redundant devices, AccuSOLO continues processing even when individual devices fail, saving you both time and money by delivering maximum output.\\r\\n<\\/p>\",\"callToActionText\":\"\",\"callToActionLink\":\"\",\"photo\":[\"40\"],\"photoAlignment\":\"drop-left\"}},\"42\":{\"type\":\"twoColumnText\",\"enabled\":\"1\",\"fields\":{\"heading\":\"Top Features\",\"leftColumnText\":\"<p><strong>Rapid Commissioning<\\/strong>\\r\\n<\\/p><p>Minimizes any chamber downtime by offering the shortest commissioning available in the market allowing you to get to production faster without compromising quality.\\r\\n<\\/p><p><strong>Unparalleled Flexibility<\\/strong>\\r\\n<\\/p><p>Designed to be future-proof so your investment in a sterilization control system today will last for years to come. AccuSOLO is operating system agnostic and supports the different equipment necessary to run any cycle.  In addition, its flexible cycle design supports and encourages continuous innovation.\\r\\n<\\/p><p><strong>Cycle Simulator<\\/strong>\\r\\n<\\/p><p>Allows you to innovate with confidence using a built-in cycle simulator for pre-testing cycle designs thereby reducing the chance of failure and helping to achieve maximum efficiency.\\r\\n<\\/p>\",\"rightColumnText\":\"<p><strong>Dependable<\\/strong>\\r\\n<\\/p><p>Built by experts dedicated to the field of control systems, Konnexis offers global support with real-time response.  Over 1 million pallets are sterilized per year.\\r\\n<\\/p><p><strong>Multi-chamber Support<\\/strong>\\r\\n<\\/p><p>Works across multiple chamber types and features a single centralized cycle design and management system that allows for easier process management, remote monitoring, and enabling collaborative cycle development across the enterprise.\\r\\n<\\/p>\",\"backgroundColor\":\"grey\"}},\"43\":{\"type\":\"testimonialSlider\",\"enabled\":\"1\",\"fields\":{\"testimonials\":[\"14\"]}},\"44\":{\"type\":\"callToAction\",\"enabled\":\"1\",\"fields\":{\"introHeading\":\"For more information or to request a quote\",\"ctaButtonText\":\"\",\"ctaButtonLink\":\"\",\"backgroundColor\":\"grey\"}}}}}', '2015-10-18 01:36:29', '2015-10-18 01:36:29', 'abe4829e-4d55-4715-9de9-5b92b14ff137'),
 ('56', '8', '3', '1', 'en_ca', '9', '', '{\"typeId\":\"4\",\"authorId\":\"1\",\"title\":\"AccuSOLO\",\"slug\":\"accusolo\",\"postDate\":1443886440,\"expiryDate\":null,\"enabled\":1,\"fields\":{\"5\":[\"21\"],\"7\":{\"41\":{\"type\":\"textWithPhoto\",\"enabled\":\"1\",\"fields\":{\"backgroundColor\":\"white\",\"sectionHeading\":\"AccuSOLO\",\"textContent\":\"<p>Designed for individual chamber use, AccuSOLO delivers flexibility and precision to your operations so you can process with confidence. By supporting redundant devices, AccuSOLO continues processing even when individual devices fail, saving you both time and money by delivering maximum output.\\r\\n<\\/p>\",\"callToActionText\":\"\",\"callToActionLink\":\"\",\"photo\":[\"40\"],\"photoAlignment\":\"drop-left\"}},\"42\":{\"type\":\"twoColumnText\",\"enabled\":\"1\",\"fields\":{\"heading\":\"Top Features\",\"leftColumnText\":\"<p><strong>Rapid Commissioning<\\/strong>\\r\\n<\\/p><p>Minimizes any chamber downtime by offering the shortest commissioning available in the market allowing you to get to production faster without compromising quality.\\r\\n<\\/p><p><strong>Unparalleled Flexibility<\\/strong>\\r\\n<\\/p><p>Designed to be future-proof so your investment in a sterilization control system today will last for years to come. AccuSOLO is operating system agnostic and supports the different equipment necessary to run any cycle.  In addition, its flexible cycle design supports and encourages continuous innovation.\\r\\n<\\/p><p><strong>Cycle Simulator<\\/strong>\\r\\n<\\/p><p>Allows you to innovate with confidence using a built-in cycle simulator for pre-testing cycle designs thereby reducing the chance of failure and helping to achieve maximum efficiency.\\r\\n<\\/p>\",\"rightColumnText\":\"<p><strong>Dependable<\\/strong>\\r\\n<\\/p><p>Built by experts dedicated to the field of control systems, Konnexis offers global support with real-time response.  Over 1 million pallets are sterilized per year.\\r\\n<\\/p><p><strong>Multi-chamber Support<\\/strong>\\r\\n<\\/p><p>Works across multiple chamber types and features a single centralized cycle design and management system that allows for easier process management, remote monitoring, and enabling collaborative cycle development across the enterprise.\\r\\n<\\/p>\",\"backgroundColor\":\"grey\"}},\"43\":{\"type\":\"testimonialSlider\",\"enabled\":\"1\",\"fields\":{\"testimonials\":[\"14\"]}},\"44\":{\"type\":\"callToAction\",\"enabled\":\"1\",\"fields\":{\"introHeading\":\"For more information or to request a quote\",\"ctaButtonText\":\"\",\"ctaButtonLink\":\"\",\"backgroundColor\":\"grey\"}}}}}', '2015-10-18 01:38:41', '2015-10-18 01:38:41', '89a53a41-f0e6-47ef-a284-1e1a3ae92329'),
 ('57', '13', '3', '1', 'en_ca', '4', '', '{\"typeId\":\"3\",\"authorId\":\"1\",\"title\":\"About Us\",\"slug\":\"about-us\",\"postDate\":1443886560,\"expiryDate\":null,\"enabled\":1,\"fields\":{\"5\":[\"4\"],\"7\":{\"25\":{\"type\":\"twoColumnText\",\"enabled\":\"1\",\"fields\":{\"heading\":\"\",\"leftColumnText\":\"<h2>Dedicated to the Sterilization Industry<\\/h2><p>Konnexis Inc. provides process control systems specifically for the sterilization industry delivering advanced and expert control and monitoring solutions for growth, production efficiency, and a future-proof system. Since 2000, Konnexis Inc. has grown to establish an international presence within the sterilization industry partnering with some of the world\\u2019s largest <a href=\\\"http:\\/\\/konnexis.dev\\/sterilization-services-contractors#entry:6:url\\\">contract sterilization companies<\\/a> and <a href=\\\"http:\\/\\/konnexis.dev\\/medical-device-manufacturers#entry:5:url\\\">medical device manufacturers<\\/a>.\\r\\n<\\/p>\",\"rightColumnText\":\"<h2>Global Market Leaders in Sterilization Control Systems<\\/h2><p>Konnexis is a global market leader of modern sterilization control systems. We have a range of proven solutions that have undergone rigorous testing to provide you with a reliable and dependable solution for any sterilization modality. Konnexis was selected as the control system for the world\\u2019s first high volume industrial sterilization x-ray facility. Our control systems are being used throughout the world which <strong>sterilize over 1 million pallets per year.<\\/strong>\\r\\n<\\/p>\",\"backgroundColor\":\"white\"}},\"new1\":{\"type\":\"featureList\",\"enabled\":\"1\",\"fields\":{\"mainHeading\":\"Full Lifec\",\"mainContent\":\"When partnering with Konnexis, our team of experts will support you through the whole system integration process; from project planning and management to post installation support. We have our own quality management systems experts to assist customers with audits. We provide assistance through:\",\"features\":{\"new1\":{\"type\":\"2\",\"fields\":{\"featureHeading\":\"Project Planning and Management\",\"featureContent\":\"<ul><li><span><\\/span>Develop Installation Plan, Schedule, and project milestones<\\/li><li>FAT\\/ UAT Testing and Support<\\/li><li>Training Seminars<\\/li><\\/ul>\"}},\"new2\":{\"type\":\"2\",\"fields\":{\"featureHeading\":\"Commissioning \\/ Installation\",\"featureContent\":\"<ul><li><span><\\/span>Remote and on-site Installation Support<\\/li><li>On-site Commissioning Support<\\/li><\\/ul>\"}},\"new3\":{\"type\":\"2\",\"fields\":{\"featureHeading\":\"Post-installation and Production\",\"featureContent\":\"<ul><li><span><\\/span>Validation Support<\\/li><li>Audit Support<\\/li><li><span><\\/span>24\\/7 Support <\\/li><\\/ul>\"}},\"new4\":{\"type\":\"2\",\"fields\":{\"featureHeading\":\"Integration with other MES\\/ERP systems\",\"featureContent\":\"<p>When partnering with Konnexis you can be assured of the fastest deployment of your system. Our customers are consistently satisfied by our comprehensive and efficient validation procedures which minimize downtime and production disruption for our customers.<\\/p>\"}}}}}},\"4\":\"Originally from Slovakia, Peter Veselovsky came to Canada to study process engineering at the University of Toronto. As an avid skier he fell in love with Canadian winters and decided to stay. While working with Nordion leading their Irradiator Control Systems group and their Radiation Therapy Controls group he realized that the level of integration into large company systems was severely lacking. Peter believed that it was possible to integrate sterilization control systems with manufacturer\\u2019s complex work flows and still have highly effective and safe systems that would meet stringent regulatory standards. With this aim, Peter formed Konnexis in 2000 and now, with his hand picked team, provides control systems and integration services for sterilization systems of all kinds around the world.\"}}', '2015-10-18 02:16:12', '2015-10-18 02:16:12', '21bcdca3-90e6-4c64-90a8-12d6151faeba'),
 ('58', '13', '3', '1', 'en_ca', '5', '', '{\"typeId\":\"3\",\"authorId\":\"1\",\"title\":\"About Us\",\"slug\":\"about-us\",\"postDate\":1443886560,\"expiryDate\":null,\"enabled\":1,\"fields\":{\"5\":[\"4\"],\"7\":{\"25\":{\"type\":\"twoColumnText\",\"enabled\":\"1\",\"fields\":{\"heading\":\"\",\"leftColumnText\":\"<h2>Dedicated to the Sterilization Industry<\\/h2><p>Konnexis Inc. provides process control systems specifically for the sterilization industry delivering advanced and expert control and monitoring solutions for growth, production efficiency, and a future-proof system. Since 2000, Konnexis Inc. has grown to establish an international presence within the sterilization industry partnering with some of the world\\u2019s largest <a href=\\\"http:\\/\\/konnexis.dev\\/sterilization-services-contractors#entry:6:url\\\">contract sterilization companies<\\/a> and <a href=\\\"http:\\/\\/konnexis.dev\\/medical-device-manufacturers#entry:5:url\\\">medical device manufacturers<\\/a>.\\r\\n<\\/p>\",\"rightColumnText\":\"<h2>Global Market Leaders in Sterilization Control Systems<\\/h2><p>Konnexis is a global market leader of modern sterilization control systems. We have a range of proven solutions that have undergone rigorous testing to provide you with a reliable and dependable solution for any sterilization modality. Konnexis was selected as the control system for the world\\u2019s first high volume industrial sterilization x-ray facility. Our control systems are being used throughout the world which <strong>sterilize over 1 million pallets per year.<\\/strong>\\r\\n<\\/p>\",\"backgroundColor\":\"white\"}},\"47\":{\"type\":\"featureList\",\"enabled\":\"1\",\"fields\":{\"mainHeading\":\"Full Lifecycle Support with Fastest Deployment\",\"mainContent\":\"When partnering with Konnexis, our team of experts will support you through the whole system integration process; from project planning and management to post installation support. We have our own quality management systems experts to assist customers with audits. We provide assistance through:\",\"features\":{\"48\":{\"type\":\"2\",\"fields\":{\"featureHeading\":\"Project Planning and Management\",\"featureContent\":\"<ul><li>Develop Installation Plan, Schedule, and project milestones<\\/li><li>FAT\\/ UAT Testing and Support<\\/li><li>Training Seminars<\\/li><\\/ul>\"}},\"49\":{\"type\":\"2\",\"fields\":{\"featureHeading\":\"Commissioning \\/ Installation\",\"featureContent\":\"<ul><li>Remote and on-site Installation Support<\\/li><li>On-site Commissioning Support<\\/li><\\/ul>\"}},\"50\":{\"type\":\"2\",\"fields\":{\"featureHeading\":\"Post-installation and Production\",\"featureContent\":\"<ul><li>Validation Support<\\/li><li>Audit Support<\\/li><li>24\\/7 Support <\\/li><\\/ul>\"}},\"51\":{\"type\":\"2\",\"fields\":{\"featureHeading\":\"Integration with other MES\\/ERP systems\",\"featureContent\":\"<p>When partnering with Konnexis you can be assured of the fastest deployment of your system. Our customers are consistently satisfied by our comprehensive and efficient validation procedures which minimize downtime and production disruption for our customers.<\\/p>\"}}}}}},\"4\":\"Originally from Slovakia, Peter Veselovsky came to Canada to study process engineering at the University of Toronto. As an avid skier he fell in love with Canadian winters and decided to stay. While working with Nordion leading their Irradiator Control Systems group and their Radiation Therapy Controls group he realized that the level of integration into large company systems was severely lacking. Peter believed that it was possible to integrate sterilization control systems with manufacturer\\u2019s complex work flows and still have highly effective and safe systems that would meet stringent regulatory standards. With this aim, Peter formed Konnexis in 2000 and now, with his hand picked team, provides control systems and integration services for sterilization systems of all kinds around the world.\"}}', '2015-10-18 02:18:59', '2015-10-18 02:18:59', 'b1eeb8cc-0a8b-46f4-b421-7a244cdd7922'),
 ('59', '13', '3', '1', 'en_ca', '6', '', '{\"typeId\":\"3\",\"authorId\":\"1\",\"title\":\"About Us\",\"slug\":\"about-us\",\"postDate\":1443886560,\"expiryDate\":null,\"enabled\":1,\"fields\":{\"5\":[\"4\"],\"7\":{\"25\":{\"type\":\"twoColumnText\",\"enabled\":\"1\",\"fields\":{\"heading\":\"\",\"leftColumnText\":\"<h2>Dedicated to the Sterilization Industry<\\/h2><p>Konnexis Inc. provides process control systems specifically for the sterilization industry delivering advanced and expert control and monitoring solutions for growth, production efficiency, and a future-proof system. Since 2000, Konnexis Inc. has grown to establish an international presence within the sterilization industry partnering with some of the world\\u2019s largest <a href=\\\"http:\\/\\/konnexis.dev\\/sterilization-services-contractors#entry:6:url\\\">contract sterilization companies<\\/a> and <a href=\\\"http:\\/\\/konnexis.dev\\/medical-device-manufacturers#entry:5:url\\\">medical device manufacturers<\\/a>.\\r\\n<\\/p>\",\"rightColumnText\":\"<h2>Global Market Leaders in Sterilization Control Systems<\\/h2><p>Konnexis is a global market leader of modern sterilization control systems. We have a range of proven solutions that have undergone rigorous testing to provide you with a reliable and dependable solution for any sterilization modality. Konnexis was selected as the control system for the world\\u2019s first high volume industrial sterilization x-ray facility. Our control systems are being used throughout the world which <strong>sterilize over 1 million pallets per year.<\\/strong>\\r\\n<\\/p>\",\"backgroundColor\":\"white\"}},\"47\":{\"type\":\"featureList\",\"enabled\":\"1\",\"fields\":{\"mainHeading\":\"Full Lifecycle Support with Fastest Deployment\",\"mainContent\":\"When partnering with Konnexis, our team of experts will support you through the whole system integration process; from project planning and management to post installation support. We have our own quality management systems experts to assist customers with audits. We provide assistance through:\",\"features\":{\"48\":{\"type\":\"2\",\"fields\":{\"featureHeading\":\"Project Planning and Management\",\"featureContent\":\"<ul><li>Develop Installation Plan, Schedule, and project milestones<\\/li><li>FAT\\/ UAT Testing and Support<\\/li><li>Training Seminars<\\/li><\\/ul>\"}},\"49\":{\"type\":\"2\",\"fields\":{\"featureHeading\":\"Commissioning \\/ Installation\",\"featureContent\":\"<ul><li>Remote and on-site Installation Support<\\/li><li>On-site Commissioning Support<\\/li><\\/ul>\"}},\"50\":{\"type\":\"2\",\"fields\":{\"featureHeading\":\"Post-installation and Production\",\"featureContent\":\"<ul><li>Validation Support<\\/li><li>Audit Support<\\/li><li>24\\/7 Support <\\/li><\\/ul>\"}},\"51\":{\"type\":\"2\",\"fields\":{\"featureHeading\":\"Integration with other MES\\/ERP systems\",\"featureContent\":\"<p>When partnering with Konnexis you can be assured of the fastest deployment of your system. Our customers are consistently satisfied by our comprehensive and efficient validation procedures which minimize downtime and production disruption for our customers.<\\/p>\"}}}}},\"new1\":{\"type\":\"previewTiles\",\"enabled\":\"1\",\"fields\":{\"pages\":[\"8\",\"9\",\"10\"],\"tileType\":\"titleBar\"}},\"new2\":{\"type\":\"testimonialSlider\",\"enabled\":\"1\",\"fields\":{\"testimonials\":[\"14\"]}},\"new3\":{\"type\":\"callToAction\",\"enabled\":\"1\",\"fields\":{\"introHeading\":\"For more information or to request a quote\",\"ctaButtonText\":\"Contact Us\",\"ctaButtonLink\":\"\",\"backgroundColor\":\"grey\"}}},\"4\":\"Originally from Slovakia, Peter Veselovsky came to Canada to study process engineering at the University of Toronto. As an avid skier he fell in love with Canadian winters and decided to stay. While working with Nordion leading their Irradiator Control Systems group and their Radiation Therapy Controls group he realized that the level of integration into large company systems was severely lacking. Peter believed that it was possible to integrate sterilization control systems with manufacturer\\u2019s complex work flows and still have highly effective and safe systems that would meet stringent regulatory standards. With this aim, Peter formed Konnexis in 2000 and now, with his hand picked team, provides control systems and integration services for sterilization systems of all kinds around the world.\"}}', '2015-10-18 02:35:20', '2015-10-18 02:35:20', '084c2414-cb70-4fc2-8691-18a8b47522a2'),
 ('60', '13', '3', '1', 'en_ca', '7', '', '{\"typeId\":\"3\",\"authorId\":\"1\",\"title\":\"About Us\",\"slug\":\"about-us\",\"postDate\":1443886560,\"expiryDate\":null,\"enabled\":1,\"fields\":{\"5\":[\"4\"],\"7\":{\"25\":{\"type\":\"twoColumnText\",\"enabled\":\"1\",\"fields\":{\"heading\":\"\",\"leftColumnText\":\"<h2>Dedicated to the Sterilization Industry<\\/h2><p>Konnexis Inc. provides process control systems specifically for the sterilization industry delivering advanced and expert control and monitoring solutions for growth, production efficiency, and a future-proof system. Since 2000, Konnexis Inc. has grown to establish an international presence within the sterilization industry partnering with some of the world\\u2019s largest <a href=\\\"http:\\/\\/konnexis.dev\\/sterilization-services-contractors#entry:6:url\\\">contract sterilization companies<\\/a> and <a href=\\\"http:\\/\\/konnexis.dev\\/medical-device-manufacturers#entry:5:url\\\">medical device manufacturers<\\/a>.\\r\\n<\\/p>\",\"rightColumnText\":\"<h2>Global Market Leaders in Sterilization Control Systems<\\/h2><p>Konnexis is a global market leader of modern sterilization control systems. We have a range of proven solutions that have undergone rigorous testing to provide you with a reliable and dependable solution for any sterilization modality. Konnexis was selected as the control system for the world\\u2019s first high volume industrial sterilization x-ray facility. Our control systems are being used throughout the world which <strong>sterilize over 1 million pallets per year.<\\/strong>\\r\\n<\\/p>\",\"backgroundColor\":\"white\"}},\"47\":{\"type\":\"featureList\",\"enabled\":\"1\",\"fields\":{\"mainHeading\":\"Full Lifecycle Support with Fastest Deployment\",\"mainContent\":\"When partnering with Konnexis, our team of experts will support you through the whole system integration process; from project planning and management to post installation support. We have our own quality management systems experts to assist customers with audits. We provide assistance through:\",\"features\":{\"48\":{\"type\":\"2\",\"fields\":{\"featureHeading\":\"Project Planning and Management\",\"featureContent\":\"<ul><li>Develop Installation Plan, Schedule, and project milestones<\\/li><li>FAT\\/ UAT Testing and Support<\\/li><li>Training Seminars<\\/li><\\/ul>\"}},\"49\":{\"type\":\"2\",\"fields\":{\"featureHeading\":\"Commissioning \\/ Installation\",\"featureContent\":\"<ul><li>Remote and on-site Installation Support<\\/li><li>On-site Commissioning Support<\\/li><\\/ul>\"}},\"50\":{\"type\":\"2\",\"fields\":{\"featureHeading\":\"Post-installation and Production\",\"featureContent\":\"<ul><li>Validation Support<\\/li><li>Audit Support<\\/li><li>24\\/7 Support <\\/li><\\/ul>\"}},\"51\":{\"type\":\"2\",\"fields\":{\"featureHeading\":\"Integration with other MES\\/ERP systems\",\"featureContent\":\"<p>When partnering with Konnexis you can be assured of the fastest deployment of your system. Our customers are consistently satisfied by our comprehensive and efficient validation procedures which minimize downtime and production disruption for our customers.<\\/p>\"}}}}},\"52\":{\"type\":\"previewTiles\",\"enabled\":\"1\",\"fields\":{\"pages\":[\"8\",\"9\",\"10\"],\"tileType\":\"titleBar\"}},\"53\":{\"type\":\"testimonialSlider\",\"enabled\":\"1\",\"fields\":{\"testimonials\":[\"14\"]}},\"54\":{\"type\":\"callToAction\",\"enabled\":\"1\",\"fields\":{\"introHeading\":\"For more information or to request a quote\",\"ctaButtonText\":\"Contact Us\",\"ctaButtonLink\":[\"13\"],\"backgroundColor\":\"grey\"}}},\"4\":\"Originally from Slovakia, Peter Veselovsky came to Canada to study process engineering at the University of Toronto. As an avid skier he fell in love with Canadian winters and decided to stay. While working with Nordion leading their Irradiator Control Systems group and their Radiation Therapy Controls group he realized that the level of integration into large company systems was severely lacking. Peter believed that it was possible to integrate sterilization control systems with manufacturer\\u2019s complex work flows and still have highly effective and safe systems that would meet stringent regulatory standards. With this aim, Peter formed Konnexis in 2000 and now, with his hand picked team, provides control systems and integration services for sterilization systems of all kinds around the world.\"}}', '2015-10-18 02:35:45', '2015-10-18 02:35:45', '53976e71-1e76-45dd-bb17-60f4bb721c0f'),
 ('61', '13', '3', '1', 'en_ca', '8', '', '{\"typeId\":\"3\",\"authorId\":\"1\",\"title\":\"About Us\",\"slug\":\"about-us\",\"postDate\":1443886560,\"expiryDate\":null,\"enabled\":1,\"fields\":{\"5\":[\"4\"],\"7\":{\"25\":{\"type\":\"twoColumnText\",\"enabled\":\"1\",\"fields\":{\"heading\":\"\",\"leftColumnText\":\"<h2>Dedicated to the Sterilization Industry<\\/h2><p>Konnexis Inc. provides process control systems specifically for the sterilization industry delivering advanced and expert control and monitoring solutions for growth, production efficiency, and a future-proof system. Since 2000, Konnexis Inc. has grown to establish an international presence within the sterilization industry partnering with some of the world\\u2019s largest <a href=\\\"http:\\/\\/konnexis.dev\\/sterilization-services-contractors#entry:6:url\\\">contract sterilization companies<\\/a> and <a href=\\\"http:\\/\\/konnexis.dev\\/medical-device-manufacturers#entry:5:url\\\">medical device manufacturers<\\/a>.\\r\\n<\\/p>\",\"rightColumnText\":\"<h2>Global Market Leaders in Sterilization Control Systems<\\/h2><p>Konnexis is a global market leader of modern sterilization control systems. We have a range of proven solutions that have undergone rigorous testing to provide you with a reliable and dependable solution for any sterilization modality. Konnexis was selected as the control system for the world\\u2019s first high volume industrial sterilization x-ray facility. Our control systems are being used throughout the world which <strong>sterilize over 1 million pallets per year.<\\/strong>\\r\\n<\\/p>\",\"backgroundColor\":\"white\"}},\"47\":{\"type\":\"featureList\",\"enabled\":\"1\",\"fields\":{\"mainHeading\":\"Full Lifecycle Support with Fastest Deployment\",\"mainContent\":\"When partnering with Konnexis, our team of experts will support you through the whole system integration process; from project planning and management to post installation support. We have our own quality management systems experts to assist customers with audits. We provide assistance through:\",\"features\":{\"48\":{\"type\":\"2\",\"fields\":{\"featureHeading\":\"Project Planning and Management\",\"featureContent\":\"<ul><li>Develop Installation Plan, Schedule, and project milestones<\\/li><li>FAT\\/ UAT Testing and Support<\\/li><li>Training Seminars<\\/li><\\/ul>\"}},\"49\":{\"type\":\"2\",\"fields\":{\"featureHeading\":\"Commissioning \\/ Installation\",\"featureContent\":\"<ul><li>Remote and on-site Installation Support<\\/li><li>On-site Commissioning Support<\\/li><\\/ul>\"}},\"50\":{\"type\":\"2\",\"fields\":{\"featureHeading\":\"Post-installation and Production\",\"featureContent\":\"<ul><li>Validation Support<\\/li><li>Audit Support<\\/li><li>24\\/7 Support <\\/li><\\/ul>\"}},\"51\":{\"type\":\"2\",\"fields\":{\"featureHeading\":\"Integration with other MES\\/ERP systems\",\"featureContent\":\"<p>When partnering with Konnexis you can be assured of the fastest deployment of your system. Our customers are consistently satisfied by our comprehensive and efficient validation procedures which minimize downtime and production disruption for our customers.<\\/p>\"}}}}},\"52\":{\"type\":\"previewTiles\",\"enabled\":\"1\",\"fields\":{\"pages\":[\"8\",\"9\",\"10\"],\"tileType\":\"titleBar\"}},\"53\":{\"type\":\"testimonialSlider\",\"enabled\":\"1\",\"fields\":{\"testimonials\":[\"14\",\"56\",\"55\"]}},\"54\":{\"type\":\"callToAction\",\"enabled\":\"1\",\"fields\":{\"introHeading\":\"For more information or to request a quote\",\"ctaButtonText\":\"Contact Us\",\"ctaButtonLink\":[\"13\"],\"backgroundColor\":\"grey\"}}},\"4\":\"Originally from Slovakia, Peter Veselovsky came to Canada to study process engineering at the University of Toronto. As an avid skier he fell in love with Canadian winters and decided to stay. While working with Nordion leading their Irradiator Control Systems group and their Radiation Therapy Controls group he realized that the level of integration into large company systems was severely lacking. Peter believed that it was possible to integrate sterilization control systems with manufacturer\\u2019s complex work flows and still have highly effective and safe systems that would meet stringent regulatory standards. With this aim, Peter formed Konnexis in 2000 and now, with his hand picked team, provides control systems and integration services for sterilization systems of all kinds around the world.\"}}', '2015-10-18 16:30:49', '2015-10-18 16:30:49', '658434ae-5491-480e-bed0-1d352d9336d7'),
 ('62', '13', '3', '1', 'en_ca', '9', '', '{\"typeId\":\"3\",\"authorId\":\"1\",\"title\":\"About Us\",\"slug\":\"about-us\",\"postDate\":1443886560,\"expiryDate\":null,\"enabled\":1,\"fields\":{\"5\":[\"4\"],\"7\":{\"25\":{\"type\":\"twoColumnText\",\"enabled\":\"1\",\"fields\":{\"heading\":\"\",\"leftColumnText\":\"<h2>Dedicated to the Sterilization Industry<\\/h2><p>Konnexis Inc. provides process control systems specifically for the sterilization industry delivering advanced and expert control and monitoring solutions for growth, production efficiency, and a future-proof system. Since 2000, Konnexis Inc. has grown to establish an international presence within the sterilization industry partnering with some of the world\\u2019s largest <a href=\\\"http:\\/\\/konnexis.dev\\/sterilization-services-contractors#entry:6:url\\\">contract sterilization companies<\\/a> and <a href=\\\"http:\\/\\/konnexis.dev\\/medical-device-manufacturers#entry:5:url\\\">medical device manufacturers<\\/a>.\\r\\n<\\/p>\",\"rightColumnText\":\"<h2>Global Market Leaders in Sterilization Control Systems<\\/h2><p>Konnexis is a global market leader of modern sterilization control systems. We have a range of proven solutions that have undergone rigorous testing to provide you with a reliable and dependable solution for any sterilization modality. Konnexis was selected as the control system for the world\\u2019s first high volume industrial sterilization x-ray facility. Our control systems are being used throughout the world which <strong>sterilize over 1 million pallets per year.<\\/strong>\\r\\n<\\/p>\",\"backgroundColor\":\"white\"}},\"47\":{\"type\":\"featureList\",\"enabled\":\"1\",\"fields\":{\"mainHeading\":\"Full Lifecycle Support with Fastest Deployment\",\"mainContent\":\"When partnering with Konnexis, our team of experts will support you through the whole system integration process; from project planning and management to post installation support. We have our own quality management systems experts to assist customers with audits. We provide assistance through:\",\"features\":{\"48\":{\"type\":\"2\",\"fields\":{\"featureHeading\":\"Project Planning and Management\",\"featureContent\":\"<ul><li>Develop Installation Plan, Schedule, and project milestones<\\/li><li>FAT\\/ UAT Testing and Support<\\/li><li>Training Seminars<\\/li><\\/ul>\"}},\"49\":{\"type\":\"2\",\"fields\":{\"featureHeading\":\"Commissioning \\/ Installation\",\"featureContent\":\"<ul><li>Remote and on-site Installation Support<\\/li><li>On-site Commissioning Support<\\/li><\\/ul>\"}},\"50\":{\"type\":\"2\",\"fields\":{\"featureHeading\":\"Post-installation and Production\",\"featureContent\":\"<ul><li>Validation Support<\\/li><li>Audit Support<\\/li><li>24\\/7 Support <\\/li><\\/ul>\"}},\"51\":{\"type\":\"2\",\"fields\":{\"featureHeading\":\"Integration with other MES\\/ERP systems\",\"featureContent\":\"<p>When partnering with Konnexis you can be assured of the fastest deployment of your system. Our customers are consistently satisfied by our comprehensive and efficient validation procedures which minimize downtime and production disruption for our customers.<\\/p>\"}}}}},\"52\":{\"type\":\"previewTiles\",\"enabled\":\"1\",\"fields\":{\"pages\":[\"8\",\"9\",\"10\"],\"tileType\":\"titleBar\"}},\"53\":{\"type\":\"testimonialSlider\",\"enabled\":\"1\",\"fields\":{\"testimonials\":[\"14\",\"56\",\"55\"]}},\"54\":{\"type\":\"callToAction\",\"enabled\":\"1\",\"fields\":{\"contactCta\":\"1\",\"introHeading\":\"\",\"ctaButtonText\":\"\",\"ctaButtonLink\":\"\",\"backgroundColor\":\"grey\"}}},\"4\":\"Originally from Slovakia, Peter Veselovsky came to Canada to study process engineering at the University of Toronto. As an avid skier he fell in love with Canadian winters and decided to stay. While working with Nordion leading their Irradiator Control Systems group and their Radiation Therapy Controls group he realized that the level of integration into large company systems was severely lacking. Peter believed that it was possible to integrate sterilization control systems with manufacturer\\u2019s complex work flows and still have highly effective and safe systems that would meet stringent regulatory standards. With this aim, Peter formed Konnexis in 2000 and now, with his hand picked team, provides control systems and integration services for sterilization systems of all kinds around the world.\"}}', '2015-10-18 23:25:32', '2015-10-18 23:25:32', 'e89832b2-8315-46e1-b40b-726d8486d6d9');



DROP TABLE IF EXISTS `4y2e9_fieldgroups`;


--
-- Schema for table `4y2e9_fieldgroups`
--
CREATE TABLE `4y2e9_fieldgroups` (
  `id` int(11) NOT NULL AUTO_INCREMENT,
  `name` varchar(255) COLLATE utf8_unicode_ci NOT NULL,
  `dateCreated` datetime NOT NULL,
  `dateUpdated` datetime NOT NULL,
  `uid` char(36) COLLATE utf8_unicode_ci NOT NULL DEFAULT '0',
  PRIMARY KEY (`id`),
  UNIQUE KEY `4y2e9_fieldgroups_name_unq_idx` (`name`)
) ENGINE=InnoDB AUTO_INCREMENT=2 DEFAULT CHARSET=utf8 COLLATE=utf8_unicode_ci;

--
-- Data for table `4y2e9_fieldgroups`
--

INSERT INTO `4y2e9_fieldgroups` (`id`, `name`, `dateCreated`, `dateUpdated`, `uid`) VALUES
 ('1', 'Default', '2015-09-26 20:51:48', '2015-09-26 20:51:48', '21ace603-d441-486c-8dca-4bef3eccb1d4');



DROP TABLE IF EXISTS `4y2e9_fieldlayoutfields`;


--
-- Schema for table `4y2e9_fieldlayoutfields`
--
CREATE TABLE `4y2e9_fieldlayoutfields` (
  `id` int(11) NOT NULL AUTO_INCREMENT,
  `layoutId` int(11) NOT NULL,
  `tabId` int(11) NOT NULL,
  `fieldId` int(11) NOT NULL,
  `required` tinyint(1) unsigned NOT NULL DEFAULT '0',
  `sortOrder` tinyint(4) DEFAULT NULL,
  `dateCreated` datetime NOT NULL,
  `dateUpdated` datetime NOT NULL,
  `uid` char(36) COLLATE utf8_unicode_ci NOT NULL DEFAULT '0',
  PRIMARY KEY (`id`),
  UNIQUE KEY `4y2e9_fieldlayoutfields_layoutId_fieldId_unq_idx` (`layoutId`,`fieldId`),
  KEY `4y2e9_fieldlayoutfields_sortOrder_idx` (`sortOrder`),
  KEY `4y2e9_fieldlayoutfields_tabId_fk` (`tabId`),
  KEY `4y2e9_fieldlayoutfields_fieldId_fk` (`fieldId`)
) ENGINE=InnoDB AUTO_INCREMENT=488 DEFAULT CHARSET=utf8 COLLATE=utf8_unicode_ci;

--
-- Data for table `4y2e9_fieldlayoutfields`
--

INSERT INTO `4y2e9_fieldlayoutfields` (`id`, `layoutId`, `tabId`, `fieldId`, `required`, `sortOrder`, `dateCreated`, `dateUpdated`, `uid`) VALUES
 ('10', '11', '7', '6', '0', '1', '2015-10-03 15:06:22', '2015-10-03 15:06:22', 'fd487b10-0f4e-4497-8548-9d62b17fcf04'),
 ('22', '23', '12', '16', '0', '1', '2015-10-03 18:32:37', '2015-10-03 18:32:37', 'd482f5ee-6945-47c7-b462-5aa617e96ee3'),
 ('23', '23', '12', '1', '0', '2', '2015-10-03 18:32:37', '2015-10-03 18:32:37', '486eef0e-9296-4cd4-99f5-9dbab9f6780f'),
 ('38', '30', '17', '22', '0', '1', '2015-10-03 23:07:51', '2015-10-03 23:07:51', '5ef6a32e-52db-4529-8ec9-e42f771eb4f9'),
 ('39', '30', '17', '1', '1', '2', '2015-10-03 23:07:51', '2015-10-03 23:07:51', 'f2328108-392f-4c0f-930b-1d4c0e05f7ba'),
 ('40', '31', '18', '5', '0', '1', '2015-10-12 17:31:28', '2015-10-12 17:31:28', '0b210d10-9282-4e6c-8cf8-448f960fcdd7'),
 ('41', '31', '18', '4', '0', '2', '2015-10-12 17:31:28', '2015-10-12 17:31:28', '802495f1-5c0f-45b1-a3d6-ffa77a277418'),
 ('42', '31', '18', '7', '0', '3', '2015-10-12 17:31:28', '2015-10-12 17:31:28', 'cabcc27c-336e-4f92-94b9-7393ef39aad1'),
 ('151', '61', '48', '5', '0', '1', '2015-10-17 14:48:24', '2015-10-17 14:48:24', 'ff05534d-c83b-4a1b-b916-f3b43e297e28'),
 ('152', '61', '48', '3', '0', '2', '2015-10-17 14:48:24', '2015-10-17 14:48:24', 'ff019cc7-d079-4846-b54e-da5ddd03a1d1'),
 ('153', '61', '48', '4', '0', '3', '2015-10-17 14:48:24', '2015-10-17 14:48:24', 'f235a22e-e6fd-4a42-8f7b-8c2eff07c9a4'),
 ('154', '61', '48', '7', '0', '4', '2015-10-17 14:48:24', '2015-10-17 14:48:24', '439c4f30-56a6-42fd-a6ce-fc757cce14b2'),
 ('301', '104', '91', '5', '0', '1', '2015-10-17 18:48:34', '2015-10-17 18:48:34', '7efd4c1f-52f9-42d9-84fd-3bd4118ae06e'),
 ('302', '104', '91', '7', '0', '2', '2015-10-17 18:48:34', '2015-10-17 18:48:34', '65cf9654-c4cf-4a77-bc0f-fb3a675feb8f'),
 ('449', '149', '136', '33', '0', '1', '2015-10-18 23:25:48', '2015-10-18 23:25:48', 'bde4b5da-0857-40df-9146-89fd04eb61a4'),
 ('450', '149', '136', '34', '0', '2', '2015-10-18 23:25:48', '2015-10-18 23:25:48', '2c984e50-50e3-49ac-84e4-842e736529d6'),
 ('451', '149', '136', '35', '0', '3', '2015-10-18 23:25:48', '2015-10-18 23:25:48', '8ecd02b1-ea8e-4a71-8e38-b1397fc083ca'),
 ('452', '149', '136', '36', '0', '4', '2015-10-18 23:25:48', '2015-10-18 23:25:48', '1bd62a89-a955-4196-aab0-7fd9e1ca1d8e'),
 ('453', '150', '137', '23', '0', '1', '2015-10-18 23:25:48', '2015-10-18 23:25:48', '2ffccc9a-7020-4596-bfef-7f38d41affeb'),
 ('454', '150', '137', '24', '0', '2', '2015-10-18 23:25:48', '2015-10-18 23:25:48', '3b220bd3-f9c5-432e-a904-7d33e15b9620'),
 ('455', '150', '137', '25', '0', '3', '2015-10-18 23:25:48', '2015-10-18 23:25:48', '45bf0757-d6dc-4fee-82b6-4ac9bbd1438f'),
 ('456', '150', '137', '26', '0', '4', '2015-10-18 23:25:48', '2015-10-18 23:25:48', 'f6d16b57-e9df-4ee6-ad8f-3dfec0c1baa7'),
 ('457', '151', '138', '8', '0', '1', '2015-10-18 23:25:49', '2015-10-18 23:25:49', 'debcc54f-c86f-4962-b1d4-39420b8e362e'),
 ('458', '151', '138', '9', '0', '2', '2015-10-18 23:25:49', '2015-10-18 23:25:49', 'ec02418a-cfd0-4fc7-b72e-4a7e911d7a65'),
 ('459', '151', '138', '10', '0', '3', '2015-10-18 23:25:49', '2015-10-18 23:25:49', 'bfdf554f-e66f-48a2-a99e-334363a2bd5d'),
 ('460', '151', '138', '11', '0', '4', '2015-10-18 23:25:49', '2015-10-18 23:25:49', '556563d0-6e84-4bcf-8d6e-eb50845b36ba'),
 ('461', '151', '138', '12', '0', '5', '2015-10-18 23:25:49', '2015-10-18 23:25:49', '659ac672-e548-48c3-b5b5-815ac3ea130d'),
 ('462', '151', '138', '13', '0', '6', '2015-10-18 23:25:49', '2015-10-18 23:25:49', 'e63d6ff4-1ff3-4a45-998f-2e2a04d034b8'),
 ('463', '151', '138', '14', '0', '7', '2015-10-18 23:25:49', '2015-10-18 23:25:49', 'a58b36da-180a-42bf-989d-02564fddce60'),
 ('464', '152', '139', '15', '0', '1', '2015-10-18 23:25:49', '2015-10-18 23:25:49', 'f8124fbc-5201-4290-a5e3-e21a3e5266f2'),
 ('465', '153', '140', '30', '0', '1', '2015-10-18 23:25:49', '2015-10-18 23:25:49', '4d4215a7-131e-452d-9bef-d0c708b1e57f'),
 ('466', '153', '140', '47', '0', '2', '2015-10-18 23:25:49', '2015-10-18 23:25:49', '61ade5a9-8529-40cd-8fb7-d2a9b8b0fb9c'),
 ('467', '153', '140', '27', '0', '3', '2015-10-18 23:25:49', '2015-10-18 23:25:49', 'd5cb71f2-3b5b-466e-92f8-08f0fc9cf8d3'),
 ('468', '153', '140', '28', '0', '4', '2015-10-18 23:25:49', '2015-10-18 23:25:49', 'f2f6103c-0b2b-4536-9630-714ae2a8a4d5'),
 ('469', '153', '140', '29', '0', '5', '2015-10-18 23:25:49', '2015-10-18 23:25:49', 'd0d7c51a-1d49-4457-bd80-3e495ed1523f'),
 ('470', '154', '141', '31', '0', '1', '2015-10-18 23:25:49', '2015-10-18 23:25:49', 'b304333e-86c0-47a1-991b-9cfdc80b9799'),
 ('471', '154', '141', '32', '0', '2', '2015-10-18 23:25:49', '2015-10-18 23:25:49', '4a30f9e1-2d54-49ea-9007-3ead60730335'),
 ('472', '155', '142', '38', '0', '1', '2015-10-18 23:25:49', '2015-10-18 23:25:49', '05102cb6-43a9-44a0-96c6-e92643649b4c'),
 ('473', '155', '142', '39', '0', '2', '2015-10-18 23:25:49', '2015-10-18 23:25:49', '6147205d-3550-419c-b1fb-237540df075a'),
 ('474', '155', '142', '40', '0', '3', '2015-10-18 23:25:49', '2015-10-18 23:25:49', '0def09c4-34a4-4d27-aa4b-088456e71380'),
 ('475', '156', '143', '41', '0', '1', '2015-10-18 23:25:49', '2015-10-18 23:25:49', 'ee1d612b-af8a-48ba-a074-36adbe22d358'),
 ('476', '156', '143', '37', '0', '2', '2015-10-18 23:25:49', '2015-10-18 23:25:49', '34a9c122-ab04-4b57-be23-b015861ffd1d'),
 ('477', '157', '144', '45', '0', '1', '2015-10-18 23:25:49', '2015-10-18 23:25:49', 'b0afab1c-a267-4485-b368-067be0f4ed43'),
 ('478', '157', '144', '46', '0', '2', '2015-10-18 23:25:49', '2015-10-18 23:25:49', 'd20e8c98-ab60-45aa-b9ab-6d0d2f69b0da'),
 ('479', '158', '145', '42', '0', '1', '2015-10-18 23:25:49', '2015-10-18 23:25:49', '8b3b5a8b-42d4-49c6-a67c-c6b35b3875a7'),
 ('480', '158', '145', '43', '0', '2', '2015-10-18 23:25:49', '2015-10-18 23:25:49', '26e78af3-36c4-4d35-9d50-5129c96706ee'),
 ('481', '158', '145', '44', '0', '3', '2015-10-18 23:25:49', '2015-10-18 23:25:49', '5aa1825c-6194-4df4-88de-98863f8c80f6'),
 ('482', '159', '146', '17', '0', '1', '2016-01-04 00:26:48', '2016-01-04 00:26:48', '8f5d8218-8249-4235-b380-39928db98c80'),
 ('483', '159', '146', '18', '0', '2', '2016-01-04 00:26:48', '2016-01-04 00:26:48', '9196a830-1e14-47a3-ac77-10297e9e16f6'),
 ('484', '159', '146', '19', '0', '3', '2016-01-04 00:26:48', '2016-01-04 00:26:48', 'd6702892-bb0d-4f89-af38-7fa89b54b59f'),
 ('485', '159', '146', '20', '0', '4', '2016-01-04 00:26:48', '2016-01-04 00:26:48', 'bc026689-fb32-4545-8385-350d0bc1dc40'),
 ('486', '159', '146', '21', '0', '5', '2016-01-04 00:26:48', '2016-01-04 00:26:48', '2faeb47d-9ba5-4c45-a524-0fee6993516a'),
 ('487', '159', '146', '48', '0', '6', '2016-01-04 00:26:48', '2016-01-04 00:26:48', 'c41a24f7-adc3-403b-8b0e-e4cac0121141');



DROP TABLE IF EXISTS `4y2e9_fieldlayouts`;


--
-- Schema for table `4y2e9_fieldlayouts`
--
CREATE TABLE `4y2e9_fieldlayouts` (
  `id` int(11) NOT NULL AUTO_INCREMENT,
  `type` varchar(150) COLLATE utf8_unicode_ci NOT NULL,
  `dateCreated` datetime NOT NULL,
  `dateUpdated` datetime NOT NULL,
  `uid` char(36) COLLATE utf8_unicode_ci NOT NULL DEFAULT '0',
  PRIMARY KEY (`id`),
  KEY `4y2e9_fieldlayouts_type_idx` (`type`)
) ENGINE=InnoDB AUTO_INCREMENT=160 DEFAULT CHARSET=utf8 COLLATE=utf8_unicode_ci;

--
-- Data for table `4y2e9_fieldlayouts`
--

INSERT INTO `4y2e9_fieldlayouts` (`id`, `type`, `dateCreated`, `dateUpdated`, `uid`) VALUES
 ('1', 'Tag', '2015-09-26 20:51:48', '2015-09-26 20:51:48', 'c7ef6b70-90eb-4cea-bdd3-2194fef39eeb'),
 ('11', 'Asset', '2015-10-03 15:06:22', '2015-10-03 15:06:22', 'a603def8-febc-471a-98c7-eae6685b0ae4'),
 ('23', 'Entry', '2015-10-03 18:32:37', '2015-10-03 18:32:37', '16a5b508-0427-4db4-970e-c74d9f74eae5'),
 ('29', 'Entry', '2015-10-03 21:26:13', '2015-10-03 21:26:13', '67d0349d-c672-44aa-9020-916046f37e91'),
 ('30', 'Entry', '2015-10-03 23:07:51', '2015-10-03 23:07:51', '9964dd39-bd79-4540-97b0-172d816f5238'),
 ('31', 'Entry', '2015-10-12 17:31:28', '2015-10-12 17:31:28', 'e153325c-807c-48f1-ab50-d23efecd92d1'),
 ('61', 'Entry', '2015-10-17 14:48:24', '2015-10-17 14:48:24', '8ffee18e-8d62-4e02-81d3-d108ee3ff3de'),
 ('104', 'Entry', '2015-10-17 18:48:34', '2015-10-17 18:48:34', '1db24d30-9f13-4742-914b-243b1cb4b51a'),
 ('149', 'MatrixBlock', '2015-10-18 23:25:48', '2015-10-18 23:25:48', '23a769a4-8896-41fc-9a10-84e6e4bf060a'),
 ('150', 'MatrixBlock', '2015-10-18 23:25:48', '2015-10-18 23:25:48', '9d4a1251-cb9a-4351-9a49-0f5efe1e619e'),
 ('151', 'MatrixBlock', '2015-10-18 23:25:49', '2015-10-18 23:25:49', '56534e01-9aa1-4b4d-962c-e09b8e022790'),
 ('152', 'MatrixBlock', '2015-10-18 23:25:49', '2015-10-18 23:25:49', '5d2b0230-3270-493d-8900-5f043fc66b19'),
 ('153', 'MatrixBlock', '2015-10-18 23:25:49', '2015-10-18 23:25:49', '11a76f28-fd0d-4992-abc1-5af0eb6cbffe'),
 ('154', 'MatrixBlock', '2015-10-18 23:25:49', '2015-10-18 23:25:49', '63b2d7ad-69ce-4615-8700-91807778d147'),
 ('155', 'SuperTable_Block', '2015-10-18 23:25:49', '2015-10-18 23:25:49', 'b655cf19-cee0-4e5c-8565-3f3e4379ccd7'),
 ('156', 'MatrixBlock', '2015-10-18 23:25:49', '2015-10-18 23:25:49', '707101e2-fdde-4e35-8994-a2de0edb5a9e'),
 ('157', 'SuperTable_Block', '2015-10-18 23:25:49', '2015-10-18 23:25:49', '9e6b5b51-d2a1-43fe-9040-73858d45782e'),
 ('158', 'MatrixBlock', '2015-10-18 23:25:49', '2015-10-18 23:25:49', '6a99b9f4-7fd0-4677-ba6b-ca653ab8e73f'),
 ('159', 'GlobalSet', '2016-01-04 00:26:48', '2016-01-04 00:26:48', '1523c76d-5a02-445f-bf05-52888ddfa729');



DROP TABLE IF EXISTS `4y2e9_fieldlayouttabs`;


--
-- Schema for table `4y2e9_fieldlayouttabs`
--
CREATE TABLE `4y2e9_fieldlayouttabs` (
  `id` int(11) NOT NULL AUTO_INCREMENT,
  `layoutId` int(11) NOT NULL,
  `name` varchar(255) COLLATE utf8_unicode_ci NOT NULL,
  `sortOrder` tinyint(4) DEFAULT NULL,
  `dateCreated` datetime NOT NULL,
  `dateUpdated` datetime NOT NULL,
  `uid` char(36) COLLATE utf8_unicode_ci NOT NULL DEFAULT '0',
  PRIMARY KEY (`id`),
  KEY `4y2e9_fieldlayouttabs_sortOrder_idx` (`sortOrder`),
  KEY `4y2e9_fieldlayouttabs_layoutId_fk` (`layoutId`)
) ENGINE=InnoDB AUTO_INCREMENT=147 DEFAULT CHARSET=utf8 COLLATE=utf8_unicode_ci;

--
-- Data for table `4y2e9_fieldlayouttabs`
--

INSERT INTO `4y2e9_fieldlayouttabs` (`id`, `layoutId`, `name`, `sortOrder`, `dateCreated`, `dateUpdated`, `uid`) VALUES
 ('7', '11', 'Content', '1', '2015-10-03 15:06:22', '2015-10-03 15:06:22', '118082e2-462e-488d-a6a3-be17ff2cd4ed'),
 ('12', '23', 'Tab 1', '1', '2015-10-03 18:32:37', '2015-10-03 18:32:37', 'fbc5b0f1-fbe6-40b5-94c7-9a3c55283140'),
 ('17', '30', 'Content', '1', '2015-10-03 23:07:51', '2015-10-03 23:07:51', '523bd8dd-daaa-4fc7-b584-677b4efe6eed'),
 ('18', '31', 'Tab 1', '1', '2015-10-12 17:31:28', '2015-10-12 17:31:28', 'd7fee38d-db9e-450a-a48c-fbfbab0b1ada'),
 ('48', '61', 'Content', '1', '2015-10-17 14:48:24', '2015-10-17 14:48:24', 'af6dd880-acf8-48d5-b07b-eadb62915e55'),
 ('91', '104', 'Tab 1', '1', '2015-10-17 18:48:34', '2015-10-17 18:48:34', '5afe2cbe-5d2f-44dc-b88b-a1bd1aa5f10a'),
 ('136', '149', 'Content', '1', '2015-10-18 23:25:48', '2015-10-18 23:25:48', '19e07517-0a4a-4b8b-91f2-ec2a6fdb166b'),
 ('137', '150', 'Content', '1', '2015-10-18 23:25:48', '2015-10-18 23:25:48', '58e56896-fc6a-454f-af53-6de6c87b7c8d'),
 ('138', '151', 'Content', '1', '2015-10-18 23:25:49', '2015-10-18 23:25:49', 'e427d578-b373-4a0e-ad61-36726b196757'),
 ('139', '152', 'Content', '1', '2015-10-18 23:25:49', '2015-10-18 23:25:49', '64fdd543-af17-44a7-8605-32f35c6e9771'),
 ('140', '153', 'Content', '1', '2015-10-18 23:25:49', '2015-10-18 23:25:49', 'a8592f2c-e0de-489c-aac8-d73c3ece9992'),
 ('141', '154', 'Content', '1', '2015-10-18 23:25:49', '2015-10-18 23:25:49', 'fe9b8187-7fc7-42c4-9db4-f4aedea3987e'),
 ('142', '155', 'Content', '1', '2015-10-18 23:25:49', '2015-10-18 23:25:49', '3e489d21-231e-4653-af57-1ae6be21c504'),
 ('143', '156', 'Content', '1', '2015-10-18 23:25:49', '2015-10-18 23:25:49', 'a592692e-b6e0-4f8e-852c-3350e567c8a1'),
 ('144', '157', 'Content', '1', '2015-10-18 23:25:49', '2015-10-18 23:25:49', 'c86c69a8-f3b4-457a-9f1a-0d6f51544bd1'),
 ('145', '158', 'Content', '1', '2015-10-18 23:25:49', '2015-10-18 23:25:49', '22a90357-61ec-47a7-874d-4598cd46e80a'),
 ('146', '159', 'Content', '1', '2016-01-04 00:26:48', '2016-01-04 00:26:48', 'a9e87bb3-5712-4acd-9a3f-f76403eebeb9');



DROP TABLE IF EXISTS `4y2e9_fields`;


--
-- Schema for table `4y2e9_fields`
--
CREATE TABLE `4y2e9_fields` (
  `id` int(11) NOT NULL AUTO_INCREMENT,
  `groupId` int(11) DEFAULT NULL,
  `name` varchar(255) COLLATE utf8_unicode_ci NOT NULL,
  `handle` varchar(58) COLLATE utf8_unicode_ci NOT NULL,
  `context` varchar(255) COLLATE utf8_unicode_ci NOT NULL DEFAULT 'global',
  `instructions` text COLLATE utf8_unicode_ci,
  `translatable` tinyint(1) unsigned NOT NULL DEFAULT '0',
  `type` varchar(150) COLLATE utf8_unicode_ci NOT NULL,
  `settings` text COLLATE utf8_unicode_ci,
  `dateCreated` datetime NOT NULL,
  `dateUpdated` datetime NOT NULL,
  `uid` char(36) COLLATE utf8_unicode_ci NOT NULL DEFAULT '0',
  PRIMARY KEY (`id`),
  UNIQUE KEY `4y2e9_fields_handle_context_unq_idx` (`handle`,`context`),
  KEY `4y2e9_fields_context_idx` (`context`),
  KEY `4y2e9_fields_groupId_fk` (`groupId`)
) ENGINE=InnoDB AUTO_INCREMENT=49 DEFAULT CHARSET=utf8 COLLATE=utf8_unicode_ci;

--
-- Data for table `4y2e9_fields`
--

INSERT INTO `4y2e9_fields` (`id`, `groupId`, `name`, `handle`, `context`, `instructions`, `translatable`, `type`, `settings`, `dateCreated`, `dateUpdated`, `uid`) VALUES
 ('1', '1', 'Body', 'body', 'global', NULL, '1', 'RichText', '{\"configFile\":\"Standard.json\",\"columnType\":\"text\"}', '2015-09-26 20:51:48', '2015-09-26 20:51:48', '06d6526a-0d4f-4a9f-bf37-b24b1e71e9c1'),
 ('2', '1', 'Tags', 'tags', 'global', NULL, '0', 'Tags', '{\"source\":\"taggroup:1\"}', '2015-09-26 20:51:48', '2015-09-26 20:51:48', '1a1188b9-0424-480a-9354-a8aa0a1745ad'),
 ('3', '1', 'Tagline', 'tagline', 'global', 'Main text to display at the top of the homepage', '0', 'PlainText', '{\"placeholder\":\"\",\"maxLength\":\"140\",\"multiline\":\"\",\"initialRows\":\"4\"}', '2015-10-03 14:24:37', '2015-10-03 14:24:37', '6dea90f6-891f-4f1d-a212-fbed32e603ef'),
 ('4', '1', 'Title / Tagline Subtext', 'taglineSubtext', 'global', 'Smaller text to appear below the main page title / tagline', '0', 'PlainText', '{\"placeholder\":\"\",\"maxLength\":\"\",\"multiline\":\"\",\"initialRows\":\"4\"}', '2015-10-03 14:25:04', '2015-10-12 19:38:06', 'd0371870-b352-4090-864e-c4052cb80f08'),
 ('5', '1', 'Header Background Image', 'headerBackgroundImage', 'global', '', '0', 'Assets', '{\"useSingleFolder\":\"\",\"defaultUploadLocationSubpath\":\"\",\"singleUploadLocationSubpath\":\"\",\"restrictFiles\":\"1\",\"allowedKinds\":[\"image\"],\"limit\":\"1\",\"selectionLabel\":\"Add an asset\"}', '2015-10-03 14:26:56', '2015-10-03 14:26:56', '60ca43d6-5895-4da7-b136-cefdc75a277e'),
 ('6', '1', 'Caption', 'caption', 'global', 'Caption for the image', '0', 'PlainText', '{\"placeholder\":\"\",\"maxLength\":\"\",\"multiline\":\"\",\"initialRows\":\"4\"}', '2015-10-03 14:28:21', '2015-10-03 14:28:21', 'a275e539-74ed-467a-9fb8-a14efb54d18a'),
 ('7', '1', 'Page Layout', 'pageLayout', 'global', '', '0', 'Matrix', '{\"maxBlocks\":null}', '2015-10-03 18:29:41', '2015-10-18 23:25:48', '0a1aa819-1498-4539-a42c-e003cf04a245'),
 ('8', NULL, 'Background Color', 'backgroundColor', 'matrixBlockType:1', '', '0', 'RadioButtons', '{\"options\":[{\"label\":\"White\",\"value\":\"white\",\"default\":\"1\"},{\"label\":\"Grey\",\"value\":\"grey\",\"default\":\"\"}]}', '2015-10-03 18:29:42', '2015-10-18 23:25:49', '2a66b59a-45e7-473e-a764-7cc2840db678'),
 ('9', NULL, 'Section Heading', 'sectionHeading', 'matrixBlockType:1', '', '0', 'PlainText', '{\"placeholder\":\"\",\"maxLength\":\"140\",\"multiline\":\"\",\"initialRows\":\"4\"}', '2015-10-03 18:29:42', '2015-10-18 23:25:49', '3f1eab55-7063-4969-95bf-07f2bb6f49b5'),
 ('10', NULL, 'Text Content', 'textContent', 'matrixBlockType:1', '', '0', 'RichText', '{\"configFile\":\"Simple.json\",\"cleanupHtml\":\"1\",\"purifyHtml\":\"\",\"columnType\":\"text\"}', '2015-10-03 18:29:42', '2015-10-18 23:25:49', 'aff5340c-1ca8-4384-a176-3b0b970246e0'),
 ('11', NULL, 'Call To Action Text', 'callToActionText', 'matrixBlockType:1', '', '0', 'PlainText', '{\"placeholder\":\"\",\"maxLength\":\"50\",\"multiline\":\"\",\"initialRows\":\"4\"}', '2015-10-03 18:29:42', '2015-10-18 23:25:49', '51b2918c-0689-4d1f-8c58-66896b52c774'),
 ('12', NULL, 'Call To Action Link', 'callToActionLink', 'matrixBlockType:1', '', '0', 'Entries', '{\"sources\":\"*\",\"limit\":\"1\",\"selectionLabel\":\"Add an entry\"}', '2015-10-03 18:29:42', '2015-10-18 23:25:49', '51e68bfe-2b02-4cda-ba06-3801c3c3a6e1'),
 ('13', NULL, 'Photo', 'photo', 'matrixBlockType:1', '', '0', 'Assets', '{\"useSingleFolder\":\"\",\"sources\":\"*\",\"defaultUploadLocationSource\":\"1\",\"defaultUploadLocationSubpath\":\"\",\"singleUploadLocationSource\":\"1\",\"singleUploadLocationSubpath\":\"\",\"restrictFiles\":\"1\",\"allowedKinds\":[\"image\"],\"limit\":\"1\",\"selectionLabel\":\"Add an asset\"}', '2015-10-03 18:29:42', '2015-10-18 23:25:49', '77000f7d-ae4a-4c57-bc28-c9e0732ae900'),
 ('14', NULL, 'Photo Alignment', 'photoAlignment', 'matrixBlockType:1', 'Top left or top right will align the photo to the left or right of the entire browser window (and the photo will be hidden on mobile), while bottom left or bottom right will constrain the photo to the left or right of the content container (and the photo will be shown above the text content on mobile).', '0', 'PositionSelect', '{\"options\":[\"left\",\"right\",\"drop-left\",\"drop-right\"]}', '2015-10-03 18:29:42', '2015-10-18 23:25:49', 'b9400af2-6790-4031-9057-fa028a0e5954'),
 ('15', NULL, 'Testimonials', 'testimonials', 'matrixBlockType:2', '', '0', 'Entries', '{\"sources\":[\"section:4\"],\"limit\":\"5\",\"selectionLabel\":\"Add a testimonial\"}', '2015-10-03 18:29:43', '2015-10-18 23:25:49', '8455b6d5-5bde-40f2-90c4-e97cd0089e28'),
 ('16', '1', 'Job Title', 'jobTitle', 'global', '', '0', 'PlainText', '{\"placeholder\":\"\",\"maxLength\":\"\",\"multiline\":\"\",\"initialRows\":\"4\"}', '2015-10-03 18:32:09', '2015-10-03 18:32:09', '9b1b3c09-cd7c-48cc-9063-6f3ba1b8a7d4'),
 ('17', '1', 'Email Address', 'emailAddress', 'global', '', '0', 'PlainText', '{\"placeholder\":\"\",\"maxLength\":\"\",\"multiline\":\"\",\"initialRows\":\"4\"}', '2015-10-03 18:38:34', '2015-10-03 18:38:34', '972ec5d4-7996-4a7f-b489-d5c9e6196992'),
 ('18', '1', 'Phone Number', 'phoneNumber', 'global', '', '0', 'PlainText', '{\"placeholder\":\"\",\"maxLength\":\"\",\"multiline\":\"\",\"initialRows\":\"4\"}', '2015-10-03 18:38:49', '2015-10-03 18:38:49', 'b3bab7d5-eb07-49d0-b0af-5a45fe2c15fe'),
 ('19', '1', 'Address', 'address', 'global', '', '0', 'PlainText', '{\"placeholder\":\"\",\"maxLength\":\"\",\"multiline\":\"\",\"initialRows\":\"4\"}', '2015-10-03 18:38:58', '2015-10-03 18:38:58', 'f1d30732-9e77-4101-a1be-6291962b61dc'),
 ('20', '1', 'Twitter URL', 'twitterUrl', 'global', '', '0', 'PlainText', '{\"placeholder\":\"\",\"maxLength\":\"\",\"multiline\":\"\",\"initialRows\":\"4\"}', '2015-10-03 18:39:23', '2015-10-03 18:39:23', 'ec3bdfcf-50bf-4aaa-83fc-0c3af3462d38'),
 ('21', '1', 'LinkedIn URL', 'linkedinUrl', 'global', '', '0', 'PlainText', '{\"placeholder\":\"\",\"maxLength\":\"\",\"multiline\":\"\",\"initialRows\":\"4\"}', '2015-10-03 18:39:33', '2015-10-03 18:39:33', 'ab79f5b8-002c-47fa-98a1-22b790a6b886'),
 ('22', '1', 'Blog Post Image', 'blogPostImage', 'global', '', '0', 'Assets', '{\"useSingleFolder\":\"\",\"sources\":\"*\",\"defaultUploadLocationSource\":\"1\",\"defaultUploadLocationSubpath\":\"\",\"singleUploadLocationSource\":\"1\",\"singleUploadLocationSubpath\":\"\",\"restrictFiles\":\"1\",\"allowedKinds\":[\"image\"],\"limit\":\"1\",\"selectionLabel\":\"Add an asset\"}', '2015-10-03 23:07:27', '2015-10-03 23:07:27', '823a27c4-ca7a-481f-8660-54120a4c458b'),
 ('23', NULL, 'Heading', 'heading', 'matrixBlockType:3', '', '0', 'PlainText', '{\"placeholder\":\"\",\"maxLength\":\"\",\"multiline\":\"\",\"initialRows\":\"4\"}', '2015-10-12 18:28:36', '2015-10-18 23:25:48', 'a71fe93f-7c76-4856-bb72-032537972bed'),
 ('24', NULL, 'Left Column Text', 'leftColumnText', 'matrixBlockType:3', '', '0', 'RichText', '{\"configFile\":\"\",\"cleanupHtml\":\"1\",\"purifyHtml\":\"\",\"columnType\":\"text\"}', '2015-10-12 18:28:36', '2015-10-18 23:25:48', '1317e854-ea90-40a0-bc49-87793e4fd450'),
 ('25', NULL, 'Right Column Text', 'rightColumnText', 'matrixBlockType:3', '', '0', 'RichText', '{\"configFile\":\"\",\"cleanupHtml\":\"1\",\"purifyHtml\":\"\",\"columnType\":\"text\"}', '2015-10-12 18:28:37', '2015-10-18 23:25:48', 'cdaabed9-8695-4b6a-84fa-4fd62fe68e20'),
 ('26', NULL, 'Background Color', 'backgroundColor', 'matrixBlockType:3', '', '0', 'RadioButtons', '{\"options\":[{\"label\":\"White\",\"value\":\"white\",\"default\":\"1\"},{\"label\":\"Grey\",\"value\":\"grey\",\"default\":\"\"}]}', '2015-10-12 18:28:37', '2015-10-18 23:25:48', '48552d7a-d598-495c-ac6f-a1c7ae6789bd'),
 ('27', NULL, 'Introductory Heading', 'introHeading', 'matrixBlockType:4', '', '0', 'PlainText', '{\"placeholder\":\"\",\"maxLength\":\"\",\"multiline\":\"\",\"initialRows\":\"4\"}', '2015-10-12 18:45:30', '2015-10-18 23:25:49', '95c9f724-93e7-47e2-8256-c28759d5232b'),
 ('28', NULL, 'CTA Button Text', 'ctaButtonText', 'matrixBlockType:4', '', '0', 'PlainText', '{\"placeholder\":\"\",\"maxLength\":\"\",\"multiline\":\"\",\"initialRows\":\"4\"}', '2015-10-12 18:45:30', '2015-10-18 23:25:49', '9033ae74-361a-49d8-bd69-16e6d1cd34e8'),
 ('29', NULL, 'CTA Button Link', 'ctaButtonLink', 'matrixBlockType:4', '', '0', 'Entries', '{\"sources\":\"*\",\"limit\":\"1\",\"selectionLabel\":\"Add an entry\"}', '2015-10-12 18:45:30', '2015-10-18 23:25:49', '940fc140-a6e4-4c3d-a861-4ba82d370d47'),
 ('30', NULL, 'Background Color', 'backgroundColor', 'matrixBlockType:4', '', '0', 'RadioButtons', '{\"options\":[{\"label\":\"White\",\"value\":\"white\",\"default\":\"\"},{\"label\":\"Grey\",\"value\":\"grey\",\"default\":\"1\"}]}', '2015-10-12 19:07:44', '2015-10-18 23:25:49', 'd9478e01-5517-4b8c-9bc7-f44141215c39'),
 ('31', NULL, 'Pages / Products', 'pages', 'matrixBlockType:5', '', '0', 'Entries', '{\"sources\":[\"section:3\"],\"limit\":\"3\",\"selectionLabel\":\"Add a page \\/ product\"}', '2015-10-17 13:28:31', '2015-10-18 23:25:49', '4378f4a9-36e7-4f22-8728-44f06d9f827e'),
 ('32', NULL, 'Tile Type', 'tileType', 'matrixBlockType:5', '', '0', 'RadioButtons', '{\"options\":[{\"label\":\"Full Overlay\",\"value\":\"overlay\",\"default\":\"1\"},{\"label\":\"Title Bar\",\"value\":\"titleBar\",\"default\":\"\"}]}', '2015-10-17 13:51:29', '2015-10-18 23:25:49', 'fc172c65-76d5-4c10-924b-ecc0f3331e75'),
 ('33', NULL, 'Heading', 'heading', 'matrixBlockType:6', '', '0', 'PlainText', '{\"placeholder\":\"\",\"maxLength\":\"\",\"multiline\":\"\",\"initialRows\":\"4\"}', '2015-10-17 14:56:48', '2015-10-18 23:25:48', '0b433976-b1e6-4651-b468-a1a341514f48'),
 ('34', NULL, 'Column Text', 'columnText', 'matrixBlockType:6', '', '0', 'RichText', '{\"configFile\":\"\",\"cleanupHtml\":\"1\",\"purifyHtml\":\"\",\"columnType\":\"text\"}', '2015-10-17 14:56:48', '2015-10-18 23:25:48', '13827a25-eae3-4868-bf04-18c23babf101'),
 ('35', NULL, 'Background Color', 'backgroundColor', 'matrixBlockType:6', '', '0', 'RadioButtons', '{\"options\":[{\"label\":\"White\",\"value\":\"white\",\"default\":\"1\"},{\"label\":\"Grey\",\"value\":\"grey\",\"default\":\"\"}]}', '2015-10-17 14:56:48', '2015-10-18 23:25:48', '4cc94281-29cd-40fc-8a9c-f04f71345a0a'),
 ('36', NULL, 'Center Text', 'centerText', 'matrixBlockType:6', '', '0', 'Lightswitch', '{\"default\":\"\"}', '2015-10-17 14:56:49', '2015-10-18 23:25:48', '21c1b33f-b190-44ab-bcb4-309bf76d130d'),
 ('37', NULL, 'Tabs', 'tabs', 'matrixBlockType:7', '', '0', 'SuperTable', '{\"columns\":{\"38\":{\"width\":\"\"},\"39\":{\"width\":\"\"},\"40\":{\"width\":\"\"}},\"fieldLayout\":\"table\",\"staticField\":null,\"selectionLabel\":\"Add a tab\",\"maxRows\":\"4\"}', '2015-10-17 15:22:33', '2015-10-18 23:25:49', 'b8a9a8df-9af6-4aca-aaa6-91120dd57366'),
 ('38', NULL, 'Tab Title', 'tabTitle', 'superTableBlockType:1', NULL, '0', 'PlainText', '{\"placeholder\":\"\",\"maxLength\":\"\",\"multiline\":\"\",\"initialRows\":\"4\"}', '2015-10-17 15:22:34', '2015-10-18 23:25:49', '997992a5-b77c-46ce-8334-b420ab5f91df'),
 ('39', NULL, 'Tab Icon', 'tabIcon', 'superTableBlockType:1', NULL, '0', 'Dropdown', '{\"options\":[{\"label\":\"Ethylene Oxide\",\"value\":\"oxide\",\"default\":\"1\"},{\"label\":\"Gamma Irradiation\",\"value\":\"gamma\",\"default\":\"\"},{\"label\":\"X-Ray\",\"value\":\"xray\",\"default\":\"\"},{\"label\":\"E-Beam\",\"value\":\"ebeam\",\"default\":\"\"}]}', '2015-10-17 15:22:34', '2015-10-18 23:25:49', '1d377dbb-e34d-44b6-9ed1-41d7debf11ac'),
 ('40', NULL, 'Tab Content', 'tabContent', 'superTableBlockType:1', NULL, '0', 'PlainText', '{\"placeholder\":\"\",\"maxLength\":\"\",\"multiline\":\"\",\"initialRows\":\"4\"}', '2015-10-17 15:22:34', '2015-10-18 23:25:49', '9ad5c00c-ad79-48d5-b648-0972ba07cc3f'),
 ('41', NULL, 'Tab List Title', 'tabListTitle', 'matrixBlockType:7', '', '0', 'PlainText', '{\"placeholder\":\"\",\"maxLength\":\"\",\"multiline\":\"\",\"initialRows\":\"4\"}', '2015-10-17 15:24:39', '2015-10-18 23:25:49', 'eb419fc5-baf1-402b-9400-3ecc74eaa261'),
 ('42', NULL, 'Main Heading', 'mainHeading', 'matrixBlockType:8', '', '0', 'PlainText', '{\"placeholder\":\"\",\"maxLength\":\"\",\"multiline\":\"\",\"initialRows\":\"4\"}', '2015-10-18 02:12:37', '2015-10-18 23:25:49', 'e46449b1-1e46-4cb5-8745-2c4cbd04962f'),
 ('43', NULL, 'Main Content', 'mainContent', 'matrixBlockType:8', '', '0', 'PlainText', '{\"placeholder\":\"\",\"maxLength\":\"\",\"multiline\":\"\",\"initialRows\":\"4\"}', '2015-10-18 02:12:38', '2015-10-18 23:25:49', 'f1974949-6575-4f47-975f-c0fa9b46ba12'),
 ('44', NULL, 'Features', 'features', 'matrixBlockType:8', '', '0', 'SuperTable', '{\"columns\":{\"45\":{\"width\":\"\"},\"46\":{\"width\":\"\"}},\"fieldLayout\":\"table\",\"staticField\":null,\"selectionLabel\":\"Add a feature\",\"maxRows\":\"4\"}', '2015-10-18 02:12:38', '2015-10-18 23:25:49', '0b5bcd6c-529e-407f-b26b-7d11b536a6e8'),
 ('45', NULL, 'Feature Heading', 'featureHeading', 'superTableBlockType:2', NULL, '0', 'PlainText', '{\"placeholder\":\"\",\"maxLength\":\"\",\"multiline\":\"\",\"initialRows\":\"4\"}', '2015-10-18 02:12:38', '2015-10-18 23:25:49', 'bce8dcc5-2895-4109-b871-f3c7bc51973b'),
 ('46', NULL, 'Feature Content', 'featureContent', 'superTableBlockType:2', NULL, '0', 'RichText', '{\"configFile\":\"\",\"cleanupHtml\":\"1\",\"purifyHtml\":\"\",\"columnType\":\"text\"}', '2015-10-18 02:12:38', '2015-10-18 23:25:49', '04224969-1455-487f-a3e2-8935b7cfbea7'),
 ('47', NULL, 'Contact CTA', 'contactCta', 'matrixBlockType:4', 'If this option is on, the default contact call to action block will be used. The remaining fields for this block will be ignored.', '0', 'Lightswitch', '{\"default\":\"1\"}', '2015-10-18 23:25:08', '2015-10-18 23:25:49', '15fa42a5-5c7d-4353-88c1-002bd2747550'),
 ('48', '1', 'Help Desk URL', 'helpDeskUrl', 'global', '', '0', 'PlainText', '{\"placeholder\":\"\",\"maxLength\":\"\",\"multiline\":\"\",\"initialRows\":\"4\"}', '2016-01-04 00:26:32', '2016-01-04 00:26:32', 'a6b7d05a-46ea-448c-b087-8741c579a952');



DROP TABLE IF EXISTS `4y2e9_globalsets`;


--
-- Schema for table `4y2e9_globalsets`
--
CREATE TABLE `4y2e9_globalsets` (
  `id` int(11) NOT NULL,
  `name` varchar(255) COLLATE utf8_unicode_ci NOT NULL,
  `handle` varchar(255) COLLATE utf8_unicode_ci NOT NULL,
  `fieldLayoutId` int(11) DEFAULT NULL,
  `dateCreated` datetime NOT NULL,
  `dateUpdated` datetime NOT NULL,
  `uid` char(36) COLLATE utf8_unicode_ci NOT NULL DEFAULT '0',
  PRIMARY KEY (`id`),
  UNIQUE KEY `4y2e9_globalsets_name_unq_idx` (`name`),
  UNIQUE KEY `4y2e9_globalsets_handle_unq_idx` (`handle`),
  KEY `4y2e9_globalsets_fieldLayoutId_fk` (`fieldLayoutId`)
) ENGINE=InnoDB DEFAULT CHARSET=utf8 COLLATE=utf8_unicode_ci;

--
-- Data for table `4y2e9_globalsets`
--

INSERT INTO `4y2e9_globalsets` (`id`, `name`, `handle`, `fieldLayoutId`, `dateCreated`, `dateUpdated`, `uid`) VALUES
 ('15', 'Contact Information', 'contactInformation', '159', '2015-10-03 18:37:49', '2016-01-04 00:26:48', '44bd6021-1d28-4893-a782-d8598d69e056');



DROP TABLE IF EXISTS `4y2e9_info`;


--
-- Schema for table `4y2e9_info`
--
CREATE TABLE `4y2e9_info` (
  `id` int(11) NOT NULL AUTO_INCREMENT,
  `version` varchar(15) COLLATE utf8_unicode_ci NOT NULL,
  `build` int(11) unsigned NOT NULL,
  `schemaVersion` varchar(15) COLLATE utf8_unicode_ci NOT NULL,
  `releaseDate` datetime NOT NULL,
  `edition` tinyint(1) unsigned NOT NULL DEFAULT '0',
  `siteName` varchar(100) COLLATE utf8_unicode_ci NOT NULL,
  `siteUrl` varchar(255) COLLATE utf8_unicode_ci NOT NULL,
  `timezone` varchar(30) COLLATE utf8_unicode_ci DEFAULT NULL,
  `on` tinyint(1) unsigned NOT NULL DEFAULT '0',
  `maintenance` tinyint(1) unsigned NOT NULL DEFAULT '0',
  `track` varchar(40) COLLATE utf8_unicode_ci NOT NULL,
  `dateCreated` datetime NOT NULL,
  `dateUpdated` datetime NOT NULL,
  `uid` char(36) COLLATE utf8_unicode_ci NOT NULL DEFAULT '0',
  PRIMARY KEY (`id`)
) ENGINE=InnoDB AUTO_INCREMENT=2 DEFAULT CHARSET=utf8 COLLATE=utf8_unicode_ci;

--
-- Data for table `4y2e9_info`
--

INSERT INTO `4y2e9_info` (`id`, `version`, `build`, `schemaVersion`, `releaseDate`, `edition`, `siteName`, `siteUrl`, `timezone`, `on`, `maintenance`, `track`, `dateCreated`, `dateUpdated`, `uid`) VALUES
 ('1', '2.5', '2755', '2.5.11', '2015-12-16 22:42:32', '2', 'Konnexis', 'http://konnexis.dev', 'UTC', '1', '0', 'stable', '2015-09-26 20:51:46', '2016-01-04 00:16:48', '7f2603a0-91e1-47ca-ad5e-2e68c54e8486');



DROP TABLE IF EXISTS `4y2e9_locales`;


--
-- Schema for table `4y2e9_locales`
--
CREATE TABLE `4y2e9_locales` (
  `locale` char(12) COLLATE utf8_unicode_ci NOT NULL,
  `sortOrder` tinyint(4) DEFAULT NULL,
  `dateCreated` datetime NOT NULL,
  `dateUpdated` datetime NOT NULL,
  `uid` char(36) COLLATE utf8_unicode_ci NOT NULL DEFAULT '0',
  PRIMARY KEY (`locale`),
  KEY `4y2e9_locales_sortOrder_idx` (`sortOrder`)
) ENGINE=InnoDB DEFAULT CHARSET=utf8 COLLATE=utf8_unicode_ci;

--
-- Data for table `4y2e9_locales`
--

INSERT INTO `4y2e9_locales` (`locale`, `sortOrder`, `dateCreated`, `dateUpdated`, `uid`) VALUES
 ('en_ca', '1', '2015-09-26 20:51:46', '2015-09-26 20:51:46', '8a941cb3-b78b-40c4-b891-eca34bcee98b');



DROP TABLE IF EXISTS `4y2e9_matrixblocks`;


--
-- Schema for table `4y2e9_matrixblocks`
--
CREATE TABLE `4y2e9_matrixblocks` (
  `id` int(11) NOT NULL,
  `ownerId` int(11) NOT NULL,
  `fieldId` int(11) NOT NULL,
  `typeId` int(11) DEFAULT NULL,
  `sortOrder` tinyint(4) DEFAULT NULL,
  `ownerLocale` char(12) COLLATE utf8_unicode_ci DEFAULT NULL,
  `dateCreated` datetime NOT NULL,
  `dateUpdated` datetime NOT NULL,
  `uid` char(36) COLLATE utf8_unicode_ci NOT NULL DEFAULT '0',
  PRIMARY KEY (`id`),
  KEY `4y2e9_matrixblocks_ownerId_idx` (`ownerId`),
  KEY `4y2e9_matrixblocks_fieldId_idx` (`fieldId`),
  KEY `4y2e9_matrixblocks_typeId_idx` (`typeId`),
  KEY `4y2e9_matrixblocks_sortOrder_idx` (`sortOrder`),
  KEY `4y2e9_matrixblocks_ownerLocale_fk` (`ownerLocale`)
) ENGINE=InnoDB DEFAULT CHARSET=utf8 COLLATE=utf8_unicode_ci;

--
-- Data for table `4y2e9_matrixblocks`
--

INSERT INTO `4y2e9_matrixblocks` (`id`, `ownerId`, `fieldId`, `typeId`, `sortOrder`, `ownerLocale`, `dateCreated`, `dateUpdated`, `uid`) VALUES
 ('22', '6', '7', '3', '1', NULL, '2015-10-12 18:29:59', '2015-10-12 19:43:59', 'ca8077cc-ac2f-4852-91d7-f3395083c799'),
 ('23', '6', '7', '2', '2', NULL, '2015-10-12 18:38:01', '2015-10-12 19:43:59', '9d2f3242-3cb2-4d7d-bd5d-28b3b32d67f4'),
 ('24', '6', '7', '4', '3', NULL, '2015-10-12 18:47:12', '2015-10-12 19:43:59', '6011c73d-9368-4d2f-863c-d1f441c7febc'),
 ('25', '13', '7', '3', '1', NULL, '2015-10-12 19:42:29', '2015-10-18 23:25:31', '1dd14d4e-deb7-4a6b-9f31-2f3d39095f8c'),
 ('26', '7', '7', '5', '1', NULL, '2015-10-17 13:28:58', '2015-10-17 18:46:39', 'c9aebc66-9337-4e1d-a154-a184ecd7b0d3'),
 ('28', '2', '7', '1', '1', NULL, '2015-10-17 14:50:53', '2015-10-17 15:29:38', '12dc9976-f0a8-479d-9908-b919e9e0fecf'),
 ('29', '2', '7', '5', '2', NULL, '2015-10-17 14:50:53', '2015-10-17 15:29:39', '901e0810-ac3b-4da5-aeaa-4f411befb900'),
 ('30', '2', '7', '6', '4', NULL, '2015-10-17 14:59:51', '2015-10-17 15:29:39', '121aa538-84e6-4f48-863d-33871221b129'),
 ('31', '2', '7', '5', '5', NULL, '2015-10-17 14:59:51', '2015-10-17 15:29:39', 'd1ecc8d3-e6a7-479a-ad3b-626f3d518f48'),
 ('32', '2', '7', '2', '6', NULL, '2015-10-17 14:59:51', '2015-10-17 15:29:39', '8645db7a-8587-4486-ad6e-cc9d5665b4e9'),
 ('34', '2', '7', '4', '7', NULL, '2015-10-17 15:16:14', '2015-10-17 15:29:39', '25e59467-0565-48eb-aa27-ae547bd95ed5'),
 ('35', '2', '7', '7', '3', NULL, '2015-10-17 15:24:18', '2015-10-17 15:29:39', '4ccf34c0-e585-4ec3-8953-1cc7a6df1371'),
 ('41', '8', '7', '1', '1', NULL, '2015-10-17 18:59:58', '2015-10-18 01:38:40', 'f71d22fb-b297-462e-8a8c-6d6f721691ed'),
 ('42', '8', '7', '3', '2', NULL, '2015-10-17 19:10:39', '2015-10-18 01:38:41', 'd8f0541d-c266-4b93-86b7-a2945c2d85fa'),
 ('43', '8', '7', '2', '3', NULL, '2015-10-17 19:11:35', '2015-10-18 01:38:41', '756525aa-e90a-4e1c-9d1b-50666c2544e4'),
 ('44', '8', '7', '4', '4', NULL, '2015-10-17 19:11:35', '2015-10-18 01:38:41', '1a08257c-64a0-4eae-9e32-8ee0635371d8'),
 ('45', '9', '7', '6', '1', NULL, '2015-10-17 19:37:57', '2015-10-17 19:44:46', 'da26dfe2-c087-4ebd-a8e3-f1ab6531076f'),
 ('46', '10', '7', '6', '1', NULL, '2015-10-17 19:40:48', '2015-10-17 19:44:56', '4772577a-190a-49ad-a056-a5284dfe4867'),
 ('47', '13', '7', '8', '2', NULL, '2015-10-18 02:16:12', '2015-10-18 23:25:31', '87d0dc20-cbbd-4237-84de-4a14c3b7453a'),
 ('52', '13', '7', '5', '3', NULL, '2015-10-18 02:35:20', '2015-10-18 23:25:31', '81e925e1-eb9d-487a-a738-2cfc2f40eba3'),
 ('53', '13', '7', '2', '4', NULL, '2015-10-18 02:35:20', '2015-10-18 23:25:32', 'c8a11c86-9810-4614-987c-44931bd8bce9'),
 ('54', '13', '7', '4', '5', NULL, '2015-10-18 02:35:20', '2015-10-18 23:25:32', '774ca569-4488-4422-a2e3-c0c018b95e40');



DROP TABLE IF EXISTS `4y2e9_matrixblocktypes`;


--
-- Schema for table `4y2e9_matrixblocktypes`
--
CREATE TABLE `4y2e9_matrixblocktypes` (
  `id` int(11) NOT NULL AUTO_INCREMENT,
  `fieldId` int(11) NOT NULL,
  `fieldLayoutId` int(11) DEFAULT NULL,
  `name` varchar(255) COLLATE utf8_unicode_ci NOT NULL,
  `handle` varchar(255) COLLATE utf8_unicode_ci NOT NULL,
  `sortOrder` tinyint(4) DEFAULT NULL,
  `dateCreated` datetime NOT NULL,
  `dateUpdated` datetime NOT NULL,
  `uid` char(36) COLLATE utf8_unicode_ci NOT NULL DEFAULT '0',
  PRIMARY KEY (`id`),
  UNIQUE KEY `4y2e9_matrixblocktypes_name_fieldId_unq_idx` (`name`,`fieldId`),
  UNIQUE KEY `4y2e9_matrixblocktypes_handle_fieldId_unq_idx` (`handle`,`fieldId`),
  KEY `4y2e9_matrixblocktypes_fieldId_fk` (`fieldId`),
  KEY `4y2e9_matrixblocktypes_fieldLayoutId_fk` (`fieldLayoutId`)
) ENGINE=InnoDB AUTO_INCREMENT=9 DEFAULT CHARSET=utf8 COLLATE=utf8_unicode_ci;

--
-- Data for table `4y2e9_matrixblocktypes`
--

INSERT INTO `4y2e9_matrixblocktypes` (`id`, `fieldId`, `fieldLayoutId`, `name`, `handle`, `sortOrder`, `dateCreated`, `dateUpdated`, `uid`) VALUES
 ('1', '7', '151', 'Text With Photo', 'textWithPhoto', '3', '2015-10-03 18:29:42', '2015-10-18 23:25:49', 'efd899de-81de-48d9-a70d-7af1da24faa1'),
 ('2', '7', '152', 'Testimonial Slider', 'testimonialSlider', '4', '2015-10-03 18:29:43', '2015-10-18 23:25:49', 'dd7632f0-c45d-4d23-bf80-f9ed4678c54f'),
 ('3', '7', '150', 'Two-Column Text', 'twoColumnText', '2', '2015-10-12 18:28:36', '2015-10-18 23:25:48', 'ee1def63-6fc9-4e8c-82b1-6d5a72691cc0'),
 ('4', '7', '153', 'Call To Action', 'callToAction', '5', '2015-10-12 18:45:30', '2015-10-18 23:25:49', 'e03a95f3-c92d-45c7-af75-6f20a842b3f0'),
 ('5', '7', '154', 'Page Preview Tiles', 'previewTiles', '6', '2015-10-17 13:28:31', '2015-10-18 23:25:49', '0cf781e5-b94f-470b-a7a0-fb329317942d'),
 ('6', '7', '149', 'One-Column Text', 'oneColumnText', '1', '2015-10-17 14:56:48', '2015-10-18 23:25:48', '27e03a6d-6fb0-4697-b867-8db41e4b307e'),
 ('7', '7', '156', 'Tab List', 'tabList', '7', '2015-10-17 15:22:33', '2015-10-18 23:25:49', 'f0e43325-5b08-412e-b1a0-ce5d34cefd72'),
 ('8', '7', '158', 'Feature List', 'featureList', '8', '2015-10-18 02:12:37', '2015-10-18 23:25:49', '4bb84c64-30b0-419f-adba-e7fa8b3823be');



DROP TABLE IF EXISTS `4y2e9_matrixcontent_pagelayout`;


--
-- Schema for table `4y2e9_matrixcontent_pagelayout`
--
CREATE TABLE `4y2e9_matrixcontent_pagelayout` (
  `id` int(11) NOT NULL AUTO_INCREMENT,
  `elementId` int(11) NOT NULL,
  `locale` char(12) COLLATE utf8_unicode_ci NOT NULL,
  `field_textWithPhoto_backgroundColor` varchar(255) COLLATE utf8_unicode_ci DEFAULT 'white',
  `field_textWithPhoto_sectionHeading` varchar(140) COLLATE utf8_unicode_ci DEFAULT NULL,
  `field_textWithPhoto_textContent` text COLLATE utf8_unicode_ci,
  `field_textWithPhoto_callToActionText` varchar(50) COLLATE utf8_unicode_ci DEFAULT NULL,
  `field_textWithPhoto_photoAlignment` varchar(255) COLLATE utf8_unicode_ci DEFAULT NULL,
  `field_twoColumnText_heading` text COLLATE utf8_unicode_ci,
  `field_twoColumnText_leftColumnText` text COLLATE utf8_unicode_ci,
  `field_twoColumnText_rightColumnText` text COLLATE utf8_unicode_ci,
  `field_twoColumnText_backgroundColor` varchar(255) COLLATE utf8_unicode_ci DEFAULT 'white',
  `field_callToAction_introHeading` text COLLATE utf8_unicode_ci,
  `field_callToAction_ctaButtonText` text COLLATE utf8_unicode_ci,
  `field_callToAction_backgroundColor` varchar(255) COLLATE utf8_unicode_ci DEFAULT 'grey',
  `field_previewTiles_tileType` varchar(255) COLLATE utf8_unicode_ci DEFAULT 'overlay',
  `field_oneColumnText_heading` text COLLATE utf8_unicode_ci,
  `field_oneColumnText_columnText` text COLLATE utf8_unicode_ci,
  `field_oneColumnText_backgroundColor` varchar(255) COLLATE utf8_unicode_ci DEFAULT 'white',
  `field_oneColumnText_centerText` tinyint(1) unsigned NOT NULL DEFAULT '0',
  `field_tabList_tabListTitle` text COLLATE utf8_unicode_ci,
  `field_featureList_mainHeading` text COLLATE utf8_unicode_ci,
  `field_featureList_mainContent` text COLLATE utf8_unicode_ci,
  `field_callToAction_contactCta` tinyint(1) unsigned NOT NULL DEFAULT '0',
  `dateCreated` datetime NOT NULL,
  `dateUpdated` datetime NOT NULL,
  `uid` char(36) COLLATE utf8_unicode_ci NOT NULL DEFAULT '0',
  PRIMARY KEY (`id`),
  UNIQUE KEY `4y2e9_matrixcontent_pagelayout_elementId_locale_unq_idx` (`elementId`,`locale`),
  KEY `4y2e9_matrixcontent_pagelayout_locale_fk` (`locale`)
) ENGINE=InnoDB AUTO_INCREMENT=24 DEFAULT CHARSET=utf8 COLLATE=utf8_unicode_ci;

--
-- Data for table `4y2e9_matrixcontent_pagelayout`
--

INSERT INTO `4y2e9_matrixcontent_pagelayout` (`id`, `elementId`, `locale`, `field_textWithPhoto_backgroundColor`, `field_textWithPhoto_sectionHeading`, `field_textWithPhoto_textContent`, `field_textWithPhoto_callToActionText`, `field_textWithPhoto_photoAlignment`, `field_twoColumnText_heading`, `field_twoColumnText_leftColumnText`, `field_twoColumnText_rightColumnText`, `field_twoColumnText_backgroundColor`, `field_callToAction_introHeading`, `field_callToAction_ctaButtonText`, `field_callToAction_backgroundColor`, `field_previewTiles_tileType`, `field_oneColumnText_heading`, `field_oneColumnText_columnText`, `field_oneColumnText_backgroundColor`, `field_oneColumnText_centerText`, `field_tabList_tabListTitle`, `field_featureList_mainHeading`, `field_featureList_mainContent`, `field_callToAction_contactCta`, `dateCreated`, `dateUpdated`, `uid`) VALUES
 ('1', '22', 'en_ca', NULL, NULL, NULL, NULL, NULL, 'Sterilization Service Contractors', '<p>Lorem ipsum dolor sit amet, consectetur adipisicing elit, sed do eiusmod tempor incididunt ut labore et dolore magna aliqua. Ut enim ad minim veniam, quis nostrud exercitation ullamco laboris nisi ut aliquip ex ea commodo consequat. Duis aute irure dolor in reprehenderit in voluptate velit esse cillum dolore eu fugiat nulla pariatur. Excepteur sint occaecat cupidatat non proident, sunt in culpa qui officia deserunt mollit anim id est laborum.\r\n</p>', '<p>Lorem ipsum dolor sit amet, consectetur adipisicing elit, sed do eiusmod tempor incididunt ut labore et dolore magna aliqua. Ut enim ad minim veniam, quis nostrud exercitation ullamco laboris nisi ut aliquip ex ea commodo consequat. Duis aute irure dolor in reprehenderit in voluptate velit esse cillum dolore eu fugiat nulla pariatur. Excepteur sint occaecat cupidatat non proident, sunt in culpa qui officia deserunt mollit anim id est laborum.\r\n</p>', 'White', NULL, NULL, NULL, 'overlay', NULL, NULL, 'white', '0', NULL, NULL, NULL, '0', '2015-10-12 18:29:59', '2015-10-12 19:43:59', 'df006b0d-c358-464e-b593-d4babdaa49df'),
 ('2', '23', 'en_ca', NULL, NULL, NULL, NULL, NULL, NULL, NULL, NULL, NULL, NULL, NULL, NULL, 'overlay', NULL, NULL, 'white', '0', NULL, NULL, NULL, '0', '2015-10-12 18:38:01', '2015-10-12 19:43:59', '0071c66e-9bcf-4d66-8c23-a145bd760caa'),
 ('3', '24', 'en_ca', NULL, NULL, NULL, NULL, NULL, NULL, NULL, NULL, NULL, 'For more information or to request a quote', 'Contact Us', 'white', 'overlay', NULL, NULL, 'white', '0', NULL, NULL, NULL, '0', '2015-10-12 18:47:12', '2015-10-12 19:43:59', '312977ca-56b8-4761-b6c6-187e84be80bb'),
 ('4', '25', 'en_ca', NULL, NULL, NULL, NULL, NULL, '', '<h2>Dedicated to the Sterilization Industry</h2><p>Konnexis Inc. provides process control systems specifically for the sterilization industry delivering advanced and expert control and monitoring solutions for growth, production efficiency, and a future-proof system. Since 2000, Konnexis Inc. has grown to establish an international presence within the sterilization industry partnering with some of the world’s largest <a href=\"{entry:6:url}\">contract sterilization companies</a> and <a href=\"{entry:5:url}\">medical device manufacturers</a>.\r\n</p>', '<h2>Global Market Leaders in Sterilization Control Systems</h2><p>Konnexis is a global market leader of modern sterilization control systems. We have a range of proven solutions that have undergone rigorous testing to provide you with a reliable and dependable solution for any sterilization modality. Konnexis was selected as the control system for the world’s first high volume industrial sterilization x-ray facility. Our control systems are being used throughout the world which <strong>sterilize over 1 million pallets per year.</strong>\r\n</p>', 'white', NULL, NULL, NULL, NULL, NULL, NULL, NULL, '0', NULL, NULL, NULL, '0', '2015-10-12 19:42:29', '2015-10-18 23:25:31', '6f7a3ff3-3dc3-41ae-b9eb-f84289dda18f'),
 ('5', '26', 'en_ca', NULL, NULL, NULL, NULL, NULL, NULL, NULL, NULL, NULL, NULL, NULL, NULL, 'titleBar', NULL, NULL, NULL, '0', NULL, NULL, NULL, '0', '2015-10-17 13:28:57', '2015-10-17 18:46:39', 'b8a79a53-7e93-48ab-938f-ca1b6bec7dfa'),
 ('7', '28', 'en_ca', 'white', 'Global Market Leaders', '<p>Headquartered in Ottawa, Canada, Konnexis is a global market leader of modern sterilization control systems.  Since 2000 they have provided both Medical Device and Sterilization Contractors a range of unique and proven solutions for any sterilization modality; EtO, Gamma, X-ray, and E-Beam. Their control systems are being used throughout the world to sterilize over 1 million pallets per year.\r\n</p>', 'About', 'right', NULL, NULL, NULL, NULL, NULL, NULL, NULL, NULL, NULL, NULL, NULL, '0', NULL, NULL, NULL, '0', '2015-10-17 14:50:53', '2015-10-17 15:29:38', '619e363d-d386-49e9-8b87-8cc280000290'),
 ('8', '29', 'en_ca', NULL, NULL, NULL, NULL, NULL, NULL, NULL, NULL, NULL, NULL, NULL, NULL, 'overlay', NULL, NULL, NULL, '0', NULL, NULL, NULL, '0', '2015-10-17 14:50:53', '2015-10-17 15:29:39', '9c44cf29-527a-4e46-b0dd-61e424e5ffc4'),
 ('9', '30', 'en_ca', NULL, NULL, NULL, NULL, NULL, NULL, NULL, NULL, NULL, NULL, NULL, NULL, NULL, 'Products & Services', '<p>We have a range of proven solutions that have undergone rigorous testing to provide you with a reliable and dependable solution for any sterilization modality. Our control systems are being used throughout the world which sterilize over 1 million pallets per year.\r\n</p>', 'grey', '1', NULL, NULL, NULL, '0', '2015-10-17 14:59:51', '2015-10-17 15:29:39', '581ff60d-c672-4de5-8b3a-cf189fdd1117'),
 ('10', '31', 'en_ca', NULL, NULL, NULL, NULL, NULL, NULL, NULL, NULL, NULL, NULL, NULL, NULL, 'titleBar', NULL, NULL, NULL, '0', NULL, NULL, NULL, '0', '2015-10-17 14:59:51', '2015-10-17 15:29:39', '96cdb388-5d33-469c-8428-61f103dad1a0'),
 ('11', '32', 'en_ca', NULL, NULL, NULL, NULL, NULL, NULL, NULL, NULL, NULL, NULL, NULL, NULL, NULL, NULL, NULL, NULL, '0', NULL, NULL, NULL, '0', '2015-10-17 14:59:51', '2015-10-17 15:29:39', '6c3be671-aa61-4997-b8ac-4b9720da6b74'),
 ('12', '34', 'en_ca', NULL, NULL, NULL, NULL, NULL, NULL, NULL, NULL, NULL, 'For more information or to request a quote', 'Contact Us', 'grey', NULL, NULL, NULL, NULL, '0', NULL, NULL, NULL, '0', '2015-10-17 15:16:14', '2015-10-17 15:29:39', '6737d8f3-bc4f-467e-8a18-b3f82479a9ce'),
 ('13', '35', 'en_ca', NULL, NULL, NULL, NULL, NULL, NULL, NULL, NULL, NULL, NULL, NULL, NULL, NULL, NULL, NULL, NULL, '0', 'Sterilization Methods', NULL, NULL, '0', '2015-10-17 15:24:18', '2015-10-17 15:29:39', '6bc6c8b7-504e-40d3-a253-ec78a2c8a0ef'),
 ('14', '41', 'en_ca', 'white', 'AccuSOLO', '<p>Designed for individual chamber use, AccuSOLO delivers flexibility and precision to your operations so you can process with confidence. By supporting redundant devices, AccuSOLO continues processing even when individual devices fail, saving you both time and money by delivering maximum output.\r\n</p>', '', 'drop-left', NULL, NULL, NULL, NULL, NULL, NULL, NULL, NULL, NULL, NULL, NULL, '0', NULL, NULL, NULL, '0', '2015-10-17 18:59:58', '2015-10-18 01:38:40', '642b8428-5448-45dd-8dd0-90dc6f7802d1'),
 ('15', '42', 'en_ca', NULL, NULL, NULL, NULL, NULL, 'Top Features', '<p><strong>Rapid Commissioning</strong>\r\n</p><p>Minimizes any chamber downtime by offering the shortest commissioning available in the market allowing you to get to production faster without compromising quality.\r\n</p><p><strong>Unparalleled Flexibility</strong>\r\n</p><p>Designed to be future-proof so your investment in a sterilization control system today will last for years to come. AccuSOLO is operating system agnostic and supports the different equipment necessary to run any cycle.  In addition, its flexible cycle design supports and encourages continuous innovation.\r\n</p><p><strong>Cycle Simulator</strong>\r\n</p><p>Allows you to innovate with confidence using a built-in cycle simulator for pre-testing cycle designs thereby reducing the chance of failure and helping to achieve maximum efficiency.\r\n</p>', '<p><strong>Dependable</strong>\r\n</p><p>Built by experts dedicated to the field of control systems, Konnexis offers global support with real-time response.  Over 1 million pallets are sterilized per year.\r\n</p><p><strong>Multi-chamber Support</strong>\r\n</p><p>Works across multiple chamber types and features a single centralized cycle design and management system that allows for easier process management, remote monitoring, and enabling collaborative cycle development across the enterprise.\r\n</p>', 'grey', NULL, NULL, NULL, NULL, NULL, NULL, NULL, '0', NULL, NULL, NULL, '0', '2015-10-17 19:10:39', '2015-10-18 01:38:41', 'beef5740-7a6c-4cfd-8f6b-9013d161a88c'),
 ('16', '43', 'en_ca', NULL, NULL, NULL, NULL, NULL, NULL, NULL, NULL, NULL, NULL, NULL, NULL, NULL, NULL, NULL, NULL, '0', NULL, NULL, NULL, '0', '2015-10-17 19:11:35', '2015-10-18 01:38:41', 'b9b56311-af14-44fe-9a6f-19903a2f4290'),
 ('17', '44', 'en_ca', NULL, NULL, NULL, NULL, NULL, NULL, NULL, NULL, NULL, 'For more information or to request a quote', '', 'grey', NULL, NULL, NULL, NULL, '0', NULL, NULL, NULL, '0', '2015-10-17 19:11:35', '2015-10-18 01:38:41', '169086ce-c175-4edf-a295-33b365b61ce7'),
 ('18', '45', 'en_ca', NULL, NULL, NULL, NULL, NULL, NULL, NULL, NULL, NULL, NULL, NULL, NULL, NULL, 'konnTRACK', '<p>konnTRACK seamlessly integrates your sterilization machine with process control and inventory tracking. Developed with vision, this software operates with X-Ray, Gamma and E-Beam technologies.  By advancing plant efficiency, minimizing downtown, and with unparalleled reliability in scheduling, konnTRACK is definitive in increasing production. </p>', 'white', '0', NULL, NULL, NULL, '0', '2015-10-17 19:37:57', '2015-10-17 19:44:46', 'dc775435-8a65-4bc7-a94a-b5353c268f3b'),
 ('19', '46', 'en_ca', NULL, NULL, NULL, NULL, NULL, NULL, NULL, NULL, NULL, NULL, NULL, NULL, NULL, 'Consulting Services', '<p>Lorem ipsum dolor sit amet, consectetur adipisicing elit. Recusandae soluta cum voluptas quam consequuntur sapiente vitae sit ab, voluptate ex vero voluptatum aperiam sed consectetur nesciunt sequi eius voluptates? Ex.</p>', 'white', '0', NULL, NULL, NULL, '0', '2015-10-17 19:40:48', '2015-10-17 19:44:56', '761df412-5dbb-4188-85f0-011570d5e4a5'),
 ('20', '47', 'en_ca', NULL, NULL, NULL, NULL, NULL, NULL, NULL, NULL, NULL, NULL, NULL, NULL, NULL, NULL, NULL, NULL, '0', NULL, 'Full Lifecycle Support with Fastest Deployment', 'When partnering with Konnexis, our team of experts will support you through the whole system integration process; from project planning and management to post installation support. We have our own quality management systems experts to assist customers with audits. We provide assistance through:', '0', '2015-10-18 02:16:12', '2015-10-18 23:25:31', '6ae0e0d1-dbea-4230-a0cf-9f63eaa408e1'),
 ('21', '52', 'en_ca', NULL, NULL, NULL, NULL, NULL, NULL, NULL, NULL, NULL, NULL, NULL, NULL, 'titleBar', NULL, NULL, NULL, '0', NULL, NULL, NULL, '0', '2015-10-18 02:35:20', '2015-10-18 23:25:31', '939e38e7-bbb0-48ee-8252-9b951286a469'),
 ('22', '53', 'en_ca', NULL, NULL, NULL, NULL, NULL, NULL, NULL, NULL, NULL, NULL, NULL, NULL, NULL, NULL, NULL, NULL, '0', NULL, NULL, NULL, '0', '2015-10-18 02:35:20', '2015-10-18 23:25:32', '7bf4365d-9511-47ec-87a8-8004bf5a10dd'),
 ('23', '54', 'en_ca', NULL, NULL, NULL, NULL, NULL, NULL, NULL, NULL, NULL, '', '', 'grey', NULL, NULL, NULL, NULL, '0', NULL, NULL, NULL, '1', '2015-10-18 02:35:20', '2015-10-18 23:25:32', 'ea801f96-ee5e-4b04-99a9-55c25053607d');



DROP TABLE IF EXISTS `4y2e9_migrations`;


--
-- Schema for table `4y2e9_migrations`
--
CREATE TABLE `4y2e9_migrations` (
  `id` int(11) NOT NULL AUTO_INCREMENT,
  `pluginId` int(11) DEFAULT NULL,
  `version` varchar(255) COLLATE utf8_unicode_ci NOT NULL,
  `applyTime` datetime NOT NULL,
  `dateCreated` datetime NOT NULL,
  `dateUpdated` datetime NOT NULL,
  `uid` char(36) COLLATE utf8_unicode_ci NOT NULL DEFAULT '0',
  PRIMARY KEY (`id`),
  UNIQUE KEY `4y2e9_migrations_version_unq_idx` (`version`),
  KEY `4y2e9_migrations_pluginId_fk` (`pluginId`)
) ENGINE=InnoDB AUTO_INCREMENT=28 DEFAULT CHARSET=utf8 COLLATE=utf8_unicode_ci;

--
-- Data for table `4y2e9_migrations`
--

INSERT INTO `4y2e9_migrations` (`id`, `pluginId`, `version`, `applyTime`, `dateCreated`, `dateUpdated`, `uid`) VALUES
 ('1', NULL, 'm000000_000000_base', '2015-09-26 20:51:46', '2015-09-26 20:51:46', '2015-09-26 20:51:46', '19ef81f0-d9b7-44c2-80d2-b7c7e22308dc'),
 ('2', NULL, 'm140730_000001_add_filename_and_format_to_transformindex', '2015-09-26 20:51:46', '2015-09-26 20:51:46', '2015-09-26 20:51:46', '25210633-4fc8-4245-8174-861db0e2b3ed'),
 ('3', NULL, 'm140815_000001_add_format_to_transforms', '2015-09-26 20:51:46', '2015-09-26 20:51:46', '2015-09-26 20:51:46', 'e69aea14-e850-4028-9299-4777ad144dd6'),
 ('4', NULL, 'm140822_000001_allow_more_than_128_items_per_field', '2015-09-26 20:51:46', '2015-09-26 20:51:46', '2015-09-26 20:51:46', '9c418dff-5750-40e3-831b-278bbf6bacbf'),
 ('5', NULL, 'm140829_000001_single_title_formats', '2015-09-26 20:51:46', '2015-09-26 20:51:46', '2015-09-26 20:51:46', 'a89d18b2-4683-4e73-b5c5-40a4abb47e28'),
 ('6', NULL, 'm140831_000001_extended_cache_keys', '2015-09-26 20:51:46', '2015-09-26 20:51:46', '2015-09-26 20:51:46', '96ef8313-a890-43e9-a5ad-ae9de8e8df2a'),
 ('7', NULL, 'm140922_000001_delete_orphaned_matrix_blocks', '2015-09-26 20:51:46', '2015-09-26 20:51:46', '2015-09-26 20:51:46', 'cd219161-8c20-4489-b8ec-e4b83be12c1d'),
 ('8', NULL, 'm141008_000001_elements_index_tune', '2015-09-26 20:51:46', '2015-09-26 20:51:46', '2015-09-26 20:51:46', '6a37d029-1ae9-4f4d-87f6-56ea76122aed'),
 ('9', NULL, 'm141009_000001_assets_source_handle', '2015-09-26 20:51:46', '2015-09-26 20:51:46', '2015-09-26 20:51:46', '70b81c81-1c1b-4fe0-b919-c6251001338d'),
 ('10', NULL, 'm141024_000001_field_layout_tabs', '2015-09-26 20:51:46', '2015-09-26 20:51:46', '2015-09-26 20:51:46', '671bf284-f259-45ad-bb86-5274f104d22c'),
 ('11', NULL, 'm141030_000001_drop_structure_move_permission', '2015-09-26 20:51:46', '2015-09-26 20:51:46', '2015-09-26 20:51:46', '3e003d96-5503-4e85-8015-a646f9c9be44'),
 ('12', NULL, 'm141103_000001_tag_titles', '2015-09-26 20:51:46', '2015-09-26 20:51:46', '2015-09-26 20:51:46', '43c84b49-eb0e-48c4-89f5-d53fc5f7065b'),
 ('13', NULL, 'm141109_000001_user_status_shuffle', '2015-09-26 20:51:46', '2015-09-26 20:51:46', '2015-09-26 20:51:46', '98ce0239-0f06-4edd-8a5d-97a9d8475624'),
 ('14', NULL, 'm141126_000001_user_week_start_day', '2015-09-26 20:51:46', '2015-09-26 20:51:46', '2015-09-26 20:51:46', '4b29de06-e470-47a6-9f0b-5092c02463ef'),
 ('15', NULL, 'm150210_000001_adjust_user_photo_size', '2015-09-26 20:51:46', '2015-09-26 20:51:46', '2015-09-26 20:51:46', 'b93ac035-3d4a-43c0-9d78-ca8582e096e2'),
 ('16', '1', 'm150901_144609_superTable_fixForContentTables', '2015-10-17 15:19:56', '2015-10-17 15:19:56', '2015-10-17 15:19:56', 'e9d3fbb6-b5ff-411f-9b4d-64b6a788997b'),
 ('17', NULL, 'm141030_000000_plugin_schema_versions', '2015-12-09 21:04:18', '2015-12-09 21:04:18', '2015-12-09 21:04:18', 'e4123032-7d5c-488c-8265-11e260f9a2d6'),
 ('18', NULL, 'm150724_000001_adjust_quality_settings', '2015-12-09 21:04:18', '2015-12-09 21:04:18', '2015-12-09 21:04:18', '22e3c71c-11fc-424d-9e92-3b3f9b038fb9'),
 ('19', NULL, 'm150827_000000_element_index_settings', '2015-12-09 21:04:18', '2015-12-09 21:04:18', '2015-12-09 21:04:18', '20f2392a-68cf-4ebc-aebc-62d56b8d4c33'),
 ('20', NULL, 'm150918_000001_add_colspan_to_widgets', '2015-12-09 21:04:18', '2015-12-09 21:04:18', '2015-12-09 21:04:18', '7266245f-c19a-4ca3-8702-77fbcdc93539'),
 ('21', NULL, 'm151007_000000_clear_asset_caches', '2015-12-09 21:04:18', '2015-12-09 21:04:18', '2015-12-09 21:04:18', 'd8e2835b-fb55-4fc6-9237-1d4fcba627ae'),
 ('22', NULL, 'm151109_000000_text_url_formats', '2015-12-09 21:04:19', '2015-12-09 21:04:19', '2015-12-09 21:04:19', 'fb665008-5ea0-4b97-bcdf-e5c7bc5dc1c0'),
 ('23', NULL, 'm151110_000000_move_logo', '2015-12-09 21:04:19', '2015-12-09 21:04:19', '2015-12-09 21:04:19', 'a265d6af-025a-4f43-86c9-a257a0a0e56a'),
 ('24', NULL, 'm151117_000000_adjust_image_widthheight', '2015-12-09 21:04:19', '2015-12-09 21:04:19', '2015-12-09 21:04:19', '14d8ab3f-a785-48b5-bd45-0c2faffc1cf8'),
 ('25', NULL, 'm151127_000000_clear_license_key_status', '2015-12-09 21:04:19', '2015-12-09 21:04:19', '2015-12-09 21:04:19', '896eedeb-d495-419c-8d11-22c3428643a1'),
 ('26', NULL, 'm151127_000000_plugin_license_keys', '2015-12-09 21:04:19', '2015-12-09 21:04:19', '2015-12-09 21:04:19', 'c4c0f079-877b-4dc0-92b7-96504e10d6a3'),
 ('27', NULL, 'm151130_000000_update_pt_widget_feeds', '2015-12-09 21:04:19', '2015-12-09 21:04:19', '2015-12-09 21:04:19', 'a0826c95-3284-4640-85d8-4e122170de60');



DROP TABLE IF EXISTS `4y2e9_plugins`;


--
-- Schema for table `4y2e9_plugins`
--
CREATE TABLE `4y2e9_plugins` (
  `id` int(11) NOT NULL AUTO_INCREMENT,
  `class` varchar(150) COLLATE utf8_unicode_ci NOT NULL,
  `version` varchar(15) COLLATE utf8_unicode_ci NOT NULL,
  `schemaVersion` varchar(15) COLLATE utf8_unicode_ci DEFAULT NULL,
  `licenseKey` char(24) COLLATE utf8_unicode_ci DEFAULT NULL,
  `licenseKeyStatus` enum('valid','invalid','mismatched','unknown') COLLATE utf8_unicode_ci NOT NULL DEFAULT 'unknown',
  `enabled` tinyint(1) unsigned NOT NULL DEFAULT '0',
  `settings` text COLLATE utf8_unicode_ci,
  `installDate` datetime NOT NULL,
  `dateCreated` datetime NOT NULL,
  `dateUpdated` datetime NOT NULL,
  `uid` char(36) COLLATE utf8_unicode_ci NOT NULL DEFAULT '0',
  PRIMARY KEY (`id`)
) ENGINE=InnoDB AUTO_INCREMENT=3 DEFAULT CHARSET=utf8 COLLATE=utf8_unicode_ci;

--
-- Data for table `4y2e9_plugins`
--

INSERT INTO `4y2e9_plugins` (`id`, `class`, `version`, `schemaVersion`, `licenseKey`, `licenseKeyStatus`, `enabled`, `settings`, `installDate`, `dateCreated`, `dateUpdated`, `uid`) VALUES
 ('1', 'SuperTable', '0.3.6', NULL, NULL, 'unknown', '1', NULL, '2015-10-17 15:19:56', '2015-10-17 15:19:56', '2016-01-04 00:16:55', '99c7b15a-5d9e-4dc2-ac7b-ade50f8f4402'),
 ('2', 'ContactForm', '1.4', NULL, NULL, 'unknown', '1', '{\"toEmail\":\"heygregor@gmail.com\",\"prependSender\":\"On behalf of\",\"prependSubject\":\"New contact form submission from Konnexis\",\"allowAttachments\":\"\",\"honeypotField\":\"referral\"}', '2015-10-18 18:19:50', '2015-10-18 18:19:50', '2016-01-04 00:16:55', '6f531bd1-f7df-4862-83f4-d98e613839d5');



DROP TABLE IF EXISTS `4y2e9_rackspaceaccess`;


--
-- Schema for table `4y2e9_rackspaceaccess`
--
CREATE TABLE `4y2e9_rackspaceaccess` (
  `id` int(11) NOT NULL AUTO_INCREMENT,
  `connectionKey` varchar(255) COLLATE utf8_unicode_ci NOT NULL,
  `token` varchar(255) COLLATE utf8_unicode_ci NOT NULL,
  `storageUrl` varchar(255) COLLATE utf8_unicode_ci NOT NULL,
  `cdnUrl` varchar(255) COLLATE utf8_unicode_ci NOT NULL,
  `dateCreated` datetime NOT NULL,
  `dateUpdated` datetime NOT NULL,
  `uid` char(36) COLLATE utf8_unicode_ci NOT NULL DEFAULT '0',
  PRIMARY KEY (`id`),
  UNIQUE KEY `4y2e9_rackspaceaccess_connectionKey_unq_idx` (`connectionKey`)
) ENGINE=InnoDB DEFAULT CHARSET=utf8 COLLATE=utf8_unicode_ci;

DROP TABLE IF EXISTS `4y2e9_relations`;


--
-- Schema for table `4y2e9_relations`
--
CREATE TABLE `4y2e9_relations` (
  `id` int(11) NOT NULL AUTO_INCREMENT,
  `fieldId` int(11) NOT NULL,
  `sourceId` int(11) NOT NULL,
  `sourceLocale` char(12) COLLATE utf8_unicode_ci DEFAULT NULL,
  `targetId` int(11) NOT NULL,
  `sortOrder` smallint(6) DEFAULT NULL,
  `dateCreated` datetime NOT NULL,
  `dateUpdated` datetime NOT NULL,
  `uid` char(36) COLLATE utf8_unicode_ci NOT NULL DEFAULT '0',
  PRIMARY KEY (`id`),
  UNIQUE KEY `4y2e9_relations_fieldId_sourceId_sourceLocale_targetId_unq_idx` (`fieldId`,`sourceId`,`sourceLocale`,`targetId`),
  KEY `4y2e9_relations_sourceId_fk` (`sourceId`),
  KEY `4y2e9_relations_sourceLocale_fk` (`sourceLocale`),
  KEY `4y2e9_relations_targetId_fk` (`targetId`)
) ENGINE=InnoDB AUTO_INCREMENT=158 DEFAULT CHARSET=utf8 COLLATE=utf8_unicode_ci;

--
-- Data for table `4y2e9_relations`
--

INSERT INTO `4y2e9_relations` (`id`, `fieldId`, `sourceId`, `sourceLocale`, `targetId`, `sortOrder`, `dateCreated`, `dateUpdated`, `uid`) VALUES
 ('3', '22', '17', NULL, '21', '1', '2015-10-03 23:08:41', '2015-10-03 23:08:41', 'cb39d25c-7771-4c7c-83e0-e98ae0e389c8'),
 ('4', '22', '20', NULL, '4', '1', '2015-10-03 23:13:41', '2015-10-03 23:13:41', '5e7498f8-d9e3-427a-b17e-013d93784502'),
 ('5', '22', '18', NULL, '4', '1', '2015-10-03 23:13:53', '2015-10-03 23:13:53', 'dc7cf296-86e6-42d6-8b3e-fd7f31ce768d'),
 ('6', '22', '3', NULL, '4', '1', '2015-10-03 23:14:07', '2015-10-03 23:14:07', 'b57f7bf3-d635-4426-b2c1-cff44dbd3d08'),
 ('7', '22', '19', NULL, '21', '1', '2015-10-03 23:14:30', '2015-10-03 23:14:30', 'c4c387d5-8998-4da8-ae77-5a347f6814f2'),
 ('17', '5', '6', NULL, '4', '1', '2015-10-12 19:43:59', '2015-10-12 19:43:59', '2ad6bd4d-9ce4-473a-8af5-9bbfee9104f0'),
 ('18', '15', '23', NULL, '14', '1', '2015-10-12 19:43:59', '2015-10-12 19:43:59', '874885df-6ac8-45ce-b512-82b2a4849a73'),
 ('19', '29', '24', NULL, '16', '1', '2015-10-12 19:43:59', '2015-10-12 19:43:59', '08df3ad3-49aa-455f-af8e-c709352d847b'),
 ('20', '5', '5', NULL, '4', '1', '2015-10-12 19:44:17', '2015-10-12 19:44:17', '66d78f04-5587-4400-a1fb-5d1581b26e95'),
 ('92', '5', '2', NULL, '4', '1', '2015-10-17 15:29:38', '2015-10-17 15:29:38', 'd71efc14-7c46-454f-b88c-97fd467e023b'),
 ('93', '12', '28', NULL, '13', '1', '2015-10-17 15:29:38', '2015-10-17 15:29:38', '2114f50d-53cb-431b-929e-76b345c6ac56'),
 ('94', '13', '28', NULL, '33', '1', '2015-10-17 15:29:38', '2015-10-17 15:29:38', '0cb1d20b-e58c-43b3-97ac-064c23b6ec48'),
 ('95', '31', '29', NULL, '5', '1', '2015-10-17 15:29:39', '2015-10-17 15:29:39', 'b98fed6e-933e-4d72-a2c8-a1993510f7d1'),
 ('96', '31', '29', NULL, '6', '2', '2015-10-17 15:29:39', '2015-10-17 15:29:39', 'f0a100c6-8ad0-4874-a45a-e924ab7add29'),
 ('97', '31', '31', NULL, '8', '1', '2015-10-17 15:29:39', '2015-10-17 15:29:39', 'ed9bf3a1-f833-44d2-ae45-93124094634d'),
 ('98', '31', '31', NULL, '9', '2', '2015-10-17 15:29:39', '2015-10-17 15:29:39', 'b52a5eda-b544-4f94-b4e2-0f59874a81eb'),
 ('99', '31', '31', NULL, '10', '3', '2015-10-17 15:29:39', '2015-10-17 15:29:39', '4d704f85-7e91-4573-bc10-d738cf804b23'),
 ('100', '15', '32', NULL, '14', '1', '2015-10-17 15:29:39', '2015-10-17 15:29:39', '9705a53b-7919-4bae-bdba-656d8828fc08'),
 ('101', '29', '34', NULL, '13', '1', '2015-10-17 15:29:39', '2015-10-17 15:29:39', '245b46a9-af68-4e52-a484-30b3aa4813a7'),
 ('102', '5', '7', NULL, '4', '1', '2015-10-17 18:46:39', '2015-10-17 18:46:39', '0b699029-a664-4f1b-8b60-27e1336d1d49'),
 ('103', '31', '26', NULL, '8', '1', '2015-10-17 18:46:39', '2015-10-17 18:46:39', 'f7a9987f-aadb-49bc-8173-dafab215d8c6'),
 ('104', '31', '26', NULL, '9', '2', '2015-10-17 18:46:39', '2015-10-17 18:46:39', '96878c76-4e09-44fc-bee3-f220ae90d5e8'),
 ('105', '31', '26', NULL, '10', '3', '2015-10-17 18:46:39', '2015-10-17 18:46:39', 'bef25c59-3265-4c4c-a936-0f5be7af213c'),
 ('116', '5', '9', NULL, '4', '1', '2015-10-17 19:44:46', '2015-10-17 19:44:46', '818be3fb-6eae-41ae-93e6-7e185369e094'),
 ('117', '5', '10', NULL, '4', '1', '2015-10-17 19:44:56', '2015-10-17 19:44:56', '720cb350-cc67-4f49-be96-3b260f861a7f'),
 ('127', '5', '8', NULL, '21', '1', '2015-10-18 01:38:40', '2015-10-18 01:38:40', '9ed5d5ca-d633-4565-bc68-7fa41a02e2dd'),
 ('128', '13', '41', NULL, '40', '1', '2015-10-18 01:38:40', '2015-10-18 01:38:40', '1e471b90-3a7f-4811-90ea-adc0ab58feaf'),
 ('129', '15', '43', NULL, '14', '1', '2015-10-18 01:38:41', '2015-10-18 01:38:41', '5f314b28-1810-46e3-a986-82c3d03c2098'),
 ('151', '5', '13', NULL, '4', '1', '2015-10-18 23:25:31', '2015-10-18 23:25:31', 'b2857a04-8651-40c4-baec-49f1f109114e'),
 ('152', '31', '52', NULL, '8', '1', '2015-10-18 23:25:31', '2015-10-18 23:25:31', 'd1d5232b-6a2a-4049-bee0-9b6163fe9a01'),
 ('153', '31', '52', NULL, '9', '2', '2015-10-18 23:25:31', '2015-10-18 23:25:31', 'e13cac52-bd8e-41b7-877f-ab5348c8c57e'),
 ('154', '31', '52', NULL, '10', '3', '2015-10-18 23:25:31', '2015-10-18 23:25:31', 'f97c9b9d-7f05-4f8a-b9aa-99acc810649b'),
 ('155', '15', '53', NULL, '14', '1', '2015-10-18 23:25:32', '2015-10-18 23:25:32', '3f88f0e2-7b2b-44b3-8270-d55a46aab347'),
 ('156', '15', '53', NULL, '56', '2', '2015-10-18 23:25:32', '2015-10-18 23:25:32', '770d8c02-a17d-4a15-aaf2-2e2b967cfd86'),
 ('157', '15', '53', NULL, '55', '3', '2015-10-18 23:25:32', '2015-10-18 23:25:32', '40164b01-a0ff-41fb-beea-82d878be8d84');



DROP TABLE IF EXISTS `4y2e9_routes`;


--
-- Schema for table `4y2e9_routes`
--
CREATE TABLE `4y2e9_routes` (
  `id` int(11) NOT NULL AUTO_INCREMENT,
  `locale` char(12) COLLATE utf8_unicode_ci DEFAULT NULL,
  `urlParts` varchar(255) COLLATE utf8_unicode_ci NOT NULL,
  `urlPattern` varchar(255) COLLATE utf8_unicode_ci NOT NULL,
  `template` varchar(255) COLLATE utf8_unicode_ci NOT NULL,
  `sortOrder` tinyint(4) DEFAULT NULL,
  `dateCreated` datetime NOT NULL,
  `dateUpdated` datetime NOT NULL,
  `uid` char(36) COLLATE utf8_unicode_ci NOT NULL DEFAULT '0',
  PRIMARY KEY (`id`),
  UNIQUE KEY `4y2e9_routes_urlPattern_unq_idx` (`urlPattern`),
  KEY `4y2e9_routes_locale_idx` (`locale`)
) ENGINE=InnoDB DEFAULT CHARSET=utf8 COLLATE=utf8_unicode_ci;

DROP TABLE IF EXISTS `4y2e9_searchindex`;


--
-- Schema for table `4y2e9_searchindex`
--
CREATE TABLE `4y2e9_searchindex` (
  `elementId` int(11) NOT NULL,
  `attribute` varchar(25) COLLATE utf8_unicode_ci NOT NULL,
  `fieldId` int(11) NOT NULL,
  `locale` char(12) COLLATE utf8_unicode_ci NOT NULL,
  `keywords` text COLLATE utf8_unicode_ci NOT NULL,
  PRIMARY KEY (`elementId`,`attribute`,`fieldId`,`locale`),
  FULLTEXT KEY `4y2e9_searchindex_keywords_idx` (`keywords`)
) ENGINE=MyISAM DEFAULT CHARSET=utf8 COLLATE=utf8_unicode_ci;

--
-- Data for table `4y2e9_searchindex`
--

INSERT INTO `4y2e9_searchindex` (`elementId`, `attribute`, `fieldId`, `locale`, `keywords`) VALUES
 ('1', 'username', '0', 'en_ca', ' gregor '),
 ('1', 'firstname', '0', 'en_ca', ''),
 ('1', 'lastname', '0', 'en_ca', ''),
 ('1', 'fullname', '0', 'en_ca', ''),
 ('1', 'email', '0', 'en_ca', ' heygregor gmail com '),
 ('1', 'slug', '0', 'en_ca', ''),
 ('2', 'slug', '0', 'en_ca', ' homepage '),
 ('2', 'title', '0', 'en_ca', ' konnexis '),
 ('2', 'field', '1', 'en_ca', ' it s true this site doesn t have a whole lot of content yet but don t worry our web developers have just installed the cms and they re setting things up for the content editors this very moment soon konnexis dev will be an oasis of fresh perspectives sharp analyses and astute opinions that will keep you coming back again and again '),
 ('3', 'field', '1', 'en_ca', ' craft is the cms that s powering konnexis dev it s beautiful powerful flexible and easy to use and it s made by pixel tonic we can t wait to dive in and see what it s capable of this is even more captivating content which you couldn t see on the news index page because it was entered after a page break and the news index template only likes to show the content on the first page craft a nice alternative to word if you re making a website '),
 ('3', 'field', '2', 'en_ca', ''),
 ('3', 'slug', '0', 'en_ca', ' we just installed craft '),
 ('3', 'title', '0', 'en_ca', ' we just installed craft '),
 ('4', 'field', '6', 'en_ca', ''),
 ('4', 'filename', '0', 'en_ca', ' stock photo 27046268 steady hands for a delicate procedure jpg '),
 ('4', 'extension', '0', 'en_ca', ' jpg '),
 ('4', 'kind', '0', 'en_ca', ' image '),
 ('4', 'slug', '0', 'en_ca', ' stock photo 27046268 steady hands for a delicate procedure '),
 ('4', 'title', '0', 'en_ca', ' home header '),
 ('2', 'field', '5', 'en_ca', ' home header '),
 ('2', 'field', '3', 'en_ca', ' global market leaders in sterilization control and monitoring systems '),
 ('2', 'field', '4', 'en_ca', ' advanced monitoring solutions designed for the sterilization industry for growth production efficiency and the long term '),
 ('5', 'slug', '0', 'en_ca', ' medical device manufacturers '),
 ('5', 'title', '0', 'en_ca', ' medical device manufacturers '),
 ('6', 'slug', '0', 'en_ca', ' sterilization services contractors '),
 ('6', 'title', '0', 'en_ca', ' sterilization services contractors '),
 ('7', 'slug', '0', 'en_ca', ' products services '),
 ('7', 'title', '0', 'en_ca', ' products services '),
 ('8', 'slug', '0', 'en_ca', ' accusolo '),
 ('8', 'title', '0', 'en_ca', ' accusolo '),
 ('9', 'slug', '0', 'en_ca', ' konntrack '),
 ('9', 'title', '0', 'en_ca', ' konntrack '),
 ('10', 'slug', '0', 'en_ca', ' consulting '),
 ('10', 'title', '0', 'en_ca', ' consulting services '),
 ('11', 'slug', '0', 'en_ca', ' sterilization methods '),
 ('11', 'title', '0', 'en_ca', ' sterilization methods '),
 ('12', 'slug', '0', 'en_ca', ' help desk '),
 ('12', 'title', '0', 'en_ca', ' help desk '),
 ('13', 'slug', '0', 'en_ca', ' about us '),
 ('13', 'title', '0', 'en_ca', ' about us '),
 ('14', 'field', '16', 'en_ca', ' director of operations systems development at steris isomedix services '),
 ('14', 'field', '1', 'en_ca', ' konnexis continues to provide excellent consulting system development and end user support services to steris isomedix services with over a 6 year business relationship we have used konnexis resources for development and implementation of our erp application business to business web services customer web portal and various process control and monitoring systems for both gamma and ethylene oxide processing their system s expertise has delivered innovative solutions to our business requirements resulting in positive impacts on our daily operations and our overall customer satisfaction ratings '),
 ('14', 'slug', '0', 'en_ca', ' ron nyegard '),
 ('14', 'title', '0', 'en_ca', ' ron nyegard '),
 ('15', 'slug', '0', 'en_ca', ''),
 ('15', 'field', '17', 'en_ca', ' sales konnexis com '),
 ('15', 'field', '18', 'en_ca', ' 1 613 599 7371 x223 '),
 ('15', 'field', '19', 'en_ca', ' 300 march road suite 102 kanata on k2k 2e2 '),
 ('15', 'field', '20', 'en_ca', ' https twitter com konnexis '),
 ('15', 'field', '21', 'en_ca', ' http www linkedin com company konnexis '),
 ('16', 'slug', '0', 'en_ca', ''),
 ('16', 'title', '0', 'en_ca', ' kitchen sink '),
 ('17', 'field', '1', 'en_ca', ' konnexis control systems do more than simply monitor your sterilization process this is because our systems are fully integrated with product tracking and process monitoring read about us why konnexis to find out about the benefits of our systems '),
 ('17', 'field', '2', 'en_ca', ''),
 ('17', 'slug', '0', 'en_ca', ' integrated control systems '),
 ('17', 'title', '0', 'en_ca', ' integrated control systems '),
 ('18', 'field', '1', 'en_ca', ' lorem ipsum dolor sit amet consectetur adipisicing elit sed do eiusmod tempor incididunt ut labore et dolore magna aliqua ut enim ad minim veniam quis nostrud exercitation ullamco laboris nisi ut aliquip ex ea commodo consequat duis aute irure dolor in reprehenderit in voluptate velit esse cillum dolore eu fugiat nulla pariatur excepteur sint occaecat cupidatat non proident sunt in culpa qui officia deserunt mollit anim id est laborum '),
 ('18', 'field', '2', 'en_ca', ''),
 ('18', 'slug', '0', 'en_ca', ' test entry '),
 ('18', 'title', '0', 'en_ca', ' test entry '),
 ('19', 'field', '1', 'en_ca', ' lorem ipsum dolor sit amet consectetur adipisicing elit sed do eiusmod tempor incididunt ut labore et dolore magna aliqua ut enim ad minim veniam quis nostrud exercitation ullamco laboris nisi ut aliquip ex ea commodo consequat duis aute irure dolor in reprehenderit in voluptate velit esse cillum dolore eu fugiat nulla pariatur excepteur sint occaecat cupidatat non proident sunt in culpa qui officia deserunt mollit anim id est laborum '),
 ('19', 'field', '2', 'en_ca', ''),
 ('19', 'slug', '0', 'en_ca', ' test 2 '),
 ('19', 'title', '0', 'en_ca', ' test 2 '),
 ('20', 'field', '1', 'en_ca', ' lorem ipsum dolor sit amet consectetur adipisicing elit sed do eiusmod tempor incididunt ut labore et dolore magna aliqua ut enim ad minim veniam quis nostrud exercitation ullamco laboris nisi ut aliquip ex ea commodo consequat duis aute irure dolor in reprehenderit in voluptate velit esse cillum dolore eu fugiat nulla pariatur excepteur sint occaecat cupidatat non proident sunt in culpa qui officia deserunt mollit anim id est laborum '),
 ('20', 'field', '2', 'en_ca', ''),
 ('20', 'slug', '0', 'en_ca', ' test 3 '),
 ('20', 'title', '0', 'en_ca', ' test 3 '),
 ('21', 'field', '6', 'en_ca', ''),
 ('21', 'filename', '0', 'en_ca', ' disk_cropped 1617373_220x165 jpg '),
 ('21', 'extension', '0', 'en_ca', ' jpg '),
 ('21', 'kind', '0', 'en_ca', ' image '),
 ('21', 'slug', '0', 'en_ca', ''),
 ('21', 'title', '0', 'en_ca', ' disk cropped 1617373 220x165 '),
 ('17', 'field', '22', 'en_ca', ' disk cropped 1617373 220x165 '),
 ('20', 'field', '22', 'en_ca', ' home header '),
 ('18', 'field', '22', 'en_ca', ' home header '),
 ('3', 'field', '22', 'en_ca', ' home header '),
 ('19', 'field', '22', 'en_ca', ' disk cropped 1617373 220x165 '),
 ('6', 'field', '5', 'en_ca', ' home header '),
 ('6', 'field', '4', 'en_ca', ' konnexis provides competitive advantage through affordable scalability through integration of data management in irradiator and chamber control our systems include product tracking specification management and process monitoring we offer seamless integration with our customers mrp systems providing enterprise wide access to on the floor information in real time '),
 ('6', 'field', '7', 'en_ca', ' white sterilization service contractors lorem ipsum dolor sit amet consectetur adipisicing elit sed do eiusmod tempor incididunt ut labore et dolore magna aliqua ut enim ad minim veniam quis nostrud exercitation ullamco laboris nisi ut aliquip ex ea commodo consequat duis aute irure dolor in reprehenderit in voluptate velit esse cillum dolore eu fugiat nulla pariatur excepteur sint occaecat cupidatat non proident sunt in culpa qui officia deserunt mollit anim id est laborum lorem ipsum dolor sit amet consectetur adipisicing elit sed do eiusmod tempor incididunt ut labore et dolore magna aliqua ut enim ad minim veniam quis nostrud exercitation ullamco laboris nisi ut aliquip ex ea commodo consequat duis aute irure dolor in reprehenderit in voluptate velit esse cillum dolore eu fugiat nulla pariatur excepteur sint occaecat cupidatat non proident sunt in culpa qui officia deserunt mollit anim id est laborum ron nyegard white kitchen sink contact us for more information or to request a quote '),
 ('22', 'field', '23', 'en_ca', ' sterilization service contractors '),
 ('22', 'field', '24', 'en_ca', ' lorem ipsum dolor sit amet consectetur adipisicing elit sed do eiusmod tempor incididunt ut labore et dolore magna aliqua ut enim ad minim veniam quis nostrud exercitation ullamco laboris nisi ut aliquip ex ea commodo consequat duis aute irure dolor in reprehenderit in voluptate velit esse cillum dolore eu fugiat nulla pariatur excepteur sint occaecat cupidatat non proident sunt in culpa qui officia deserunt mollit anim id est laborum '),
 ('22', 'field', '25', 'en_ca', ' lorem ipsum dolor sit amet consectetur adipisicing elit sed do eiusmod tempor incididunt ut labore et dolore magna aliqua ut enim ad minim veniam quis nostrud exercitation ullamco laboris nisi ut aliquip ex ea commodo consequat duis aute irure dolor in reprehenderit in voluptate velit esse cillum dolore eu fugiat nulla pariatur excepteur sint occaecat cupidatat non proident sunt in culpa qui officia deserunt mollit anim id est laborum '),
 ('22', 'field', '26', 'en_ca', ' white '),
 ('22', 'slug', '0', 'en_ca', ''),
 ('23', 'field', '15', 'en_ca', ' ron nyegard '),
 ('23', 'slug', '0', 'en_ca', ''),
 ('24', 'field', '27', 'en_ca', ' for more information or to request a quote '),
 ('24', 'field', '28', 'en_ca', ' contact us '),
 ('24', 'field', '29', 'en_ca', ' kitchen sink '),
 ('24', 'slug', '0', 'en_ca', ''),
 ('13', 'field', '5', 'en_ca', ' home header '),
 ('13', 'field', '4', 'en_ca', ' originally from slovakia peter veselovsky came to canada to study process engineering at the university of toronto as an avid skier he fell in love with canadian winters and decided to stay while working with nordion leading their irradiator control systems group and their radiation therapy controls group he realized that the level of integration into large company systems was severely lacking peter believed that it was possible to integrate sterilization control systems with manufacturer s complex work flows and still have highly effective and safe systems that would meet stringent regulatory standards with this aim peter formed konnexis in 2000 and now with his hand picked team provides control systems and integration services for sterilization systems of all kinds around the world '),
 ('13', 'field', '7', 'en_ca', ' white dedicated to the sterilization industrykonnexis inc provides process control systems specifically for the sterilization industry delivering advanced and expert control and monitoring solutions for growth production efficiency and a future proof system since 2000 konnexis inc has grown to establish an international presence within the sterilization industry partnering with some of the world s largest contract sterilization companies and medical device manufacturers global market leaders in sterilization control systemskonnexis is a global market leader of modern sterilization control systems we have a range of proven solutions that have undergone rigorous testing to provide you with a reliable and dependable solution for any sterilization modality konnexis was selected as the control system for the world s first high volume industrial sterilization x ray facility our control systems are being used throughout the world which sterilize over 1 million pallets per year develop installation plan schedule and project milestonesfat uat testing and supporttraining seminars project planning and management remote and on site installation supporton site commissioning support commissioning installation validation supportaudit support24 7 support post installation and production when partnering with konnexis you can be assured of the fastest deployment of your system our customers are consistently satisfied by our comprehensive and efficient validation procedures which minimize downtime and production disruption for our customers integration with other mes erp systems when partnering with konnexis our team of experts will support you through the whole system integration process from project planning and management to post installation support we have our own quality management systems experts to assist customers with audits we provide assistance through full lifecycle support with fastest deployment accusolo konntrack consulting services titlebar ron nyegard test lady sample man grey 1 '),
 ('25', 'field', '23', 'en_ca', ''),
 ('25', 'field', '24', 'en_ca', ' dedicated to the sterilization industrykonnexis inc provides process control systems specifically for the sterilization industry delivering advanced and expert control and monitoring solutions for growth production efficiency and a future proof system since 2000 konnexis inc has grown to establish an international presence within the sterilization industry partnering with some of the world s largest contract sterilization companies and medical device manufacturers '),
 ('25', 'field', '25', 'en_ca', ' global market leaders in sterilization control systemskonnexis is a global market leader of modern sterilization control systems we have a range of proven solutions that have undergone rigorous testing to provide you with a reliable and dependable solution for any sterilization modality konnexis was selected as the control system for the world s first high volume industrial sterilization x ray facility our control systems are being used throughout the world which sterilize over 1 million pallets per year '),
 ('25', 'field', '26', 'en_ca', ' white ');
INSERT INTO `4y2e9_searchindex` (`elementId`, `attribute`, `fieldId`, `locale`, `keywords`) VALUES
 ('25', 'slug', '0', 'en_ca', ''),
 ('24', 'field', '30', 'en_ca', ' white '),
 ('5', 'field', '5', 'en_ca', ' home header '),
 ('5', 'field', '4', 'en_ca', ' konnexis helps you ensure that your products are efficiently and properly sterilized through integration of data management systems in irradiator and chamber control our systems include product tracking specification management and process monitoring we offer seamless integration with our customers mrp systems providing enterprise wide access to on the floor information in real time '),
 ('5', 'field', '7', 'en_ca', ''),
 ('7', 'field', '5', 'en_ca', ' home header '),
 ('7', 'field', '4', 'en_ca', ''),
 ('7', 'field', '7', 'en_ca', ' accusolo konntrack consulting services titlebar '),
 ('26', 'field', '31', 'en_ca', ' accusolo konntrack consulting services '),
 ('26', 'slug', '0', 'en_ca', ''),
 ('10', 'field', '5', 'en_ca', ' home header '),
 ('10', 'field', '4', 'en_ca', ''),
 ('10', 'field', '7', 'en_ca', ' white 0 lorem ipsum dolor sit amet consectetur adipisicing elit recusandae soluta cum voluptas quam consequuntur sapiente vitae sit ab voluptate ex vero voluptatum aperiam sed consectetur nesciunt sequi eius voluptates ex consulting services '),
 ('26', 'field', '32', 'en_ca', ' titlebar '),
 ('40', 'field', '6', 'en_ca', ''),
 ('40', 'filename', '0', 'en_ca', ' accusolo jpg '),
 ('8', 'field', '7', 'en_ca', ' white accusolo drop left accusolo designed for individual chamber use accusolo delivers flexibility and precision to your operations so you can process with confidence by supporting redundant devices accusolo continues processing even when individual devices fail saving you both time and money by delivering maximum output grey top features rapid commissioning minimizes any chamber downtime by offering the shortest commissioning available in the market allowing you to get to production faster without compromising quality unparalleled flexibility designed to be future proof so your investment in a sterilization control system today will last for years to come accusolo is operating system agnostic and supports the different equipment necessary to run any cycle in addition its flexible cycle design supports and encourages continuous innovation cycle simulator allows you to innovate with confidence using a built in cycle simulator for pre testing cycle designs thereby reducing the chance of failure and helping to achieve maximum efficiency dependable built by experts dedicated to the field of control systems konnexis offers global support with real time response over 1 million pallets are sterilized per year multi chamber support works across multiple chamber types and features a single centralized cycle design and management system that allows for easier process management remote monitoring and enabling collaborative cycle development across the enterprise ron nyegard grey for more information or to request a quote '),
 ('8', 'field', '5', 'en_ca', ' disk cropped 1617373 220x165 '),
 ('2', 'field', '7', 'en_ca', ' white about us about tray right global market leaders headquartered in ottawa canada konnexis is a global market leader of modern sterilization control systems since 2000 they have provided both medical device and sterilization contractors a range of unique and proven solutions for any sterilization modality eto gamma x ray and e beam their control systems are being used throughout the world to sterilize over 1 million pallets per year medical device manufacturers sterilization services contractors overlay sterilization methods konnexis is a leader in the design of control systems for ethylene oxide chambers konnexis takes your specifications into account and implements a control system which increases efficiency functionality and productivity integrating both flexibility and precision into your system accusolo is konnexis most advanced solution for process control oxide ethylene oxide konnexis has developed a system for gamma and e beam irradiators that is highly flexible in order to both suit your needs and to accommodate for the changing industry through seamless integration between irradiator control and product tracking konnexis has allowed its gamma irradiation customers to reach unparalleled levels of productivity gamma gamma irradiation konnexis has developed a system for gamma and e beam irradiators that is highly flexible in order to both suit your needs and to accommodate for the changing industry through seamless integration between irradiator control and product tracking konnexis has allowed its gamma irradiation customers to reach unparalleled levels of productivity ebeam electron beam e beam konnexis innovation in x ray sterilization has accelerated the industry and allowed the technology to advance to new heights through seamless integration between irradiator control and product tracking konnexis allows you effortless processing and reliability xray x ray grey 1 we have a range of proven solutions that have undergone rigorous testing to provide you with a reliable and dependable solution for any sterilization modality our control systems are being used throughout the world which sterilize over 1 million pallets per year products services accusolo konntrack consulting services titlebar ron nyegard grey about us contact us for more information or to request a quote '),
 ('28', 'field', '8', 'en_ca', ' white '),
 ('28', 'field', '9', 'en_ca', ' global market leaders '),
 ('28', 'field', '10', 'en_ca', ' headquartered in ottawa canada konnexis is a global market leader of modern sterilization control systems since 2000 they have provided both medical device and sterilization contractors a range of unique and proven solutions for any sterilization modality eto gamma x ray and e beam their control systems are being used throughout the world to sterilize over 1 million pallets per year '),
 ('28', 'field', '11', 'en_ca', ' about '),
 ('28', 'field', '12', 'en_ca', ' about us '),
 ('28', 'field', '13', 'en_ca', ' tray '),
 ('28', 'field', '14', 'en_ca', ' right '),
 ('28', 'slug', '0', 'en_ca', ''),
 ('29', 'field', '31', 'en_ca', ' medical device manufacturers sterilization services contractors '),
 ('29', 'field', '32', 'en_ca', ' overlay '),
 ('29', 'slug', '0', 'en_ca', ''),
 ('30', 'field', '33', 'en_ca', ' products services '),
 ('30', 'field', '34', 'en_ca', ' we have a range of proven solutions that have undergone rigorous testing to provide you with a reliable and dependable solution for any sterilization modality our control systems are being used throughout the world which sterilize over 1 million pallets per year '),
 ('30', 'field', '35', 'en_ca', ' grey '),
 ('30', 'field', '36', 'en_ca', ' 1 '),
 ('30', 'slug', '0', 'en_ca', ''),
 ('31', 'field', '31', 'en_ca', ' accusolo konntrack consulting services '),
 ('31', 'field', '32', 'en_ca', ' titlebar '),
 ('31', 'slug', '0', 'en_ca', ''),
 ('32', 'field', '15', 'en_ca', ' ron nyegard '),
 ('32', 'slug', '0', 'en_ca', ''),
 ('33', 'field', '6', 'en_ca', ''),
 ('33', 'filename', '0', 'en_ca', ' tray png '),
 ('33', 'extension', '0', 'en_ca', ' png '),
 ('33', 'kind', '0', 'en_ca', ' image '),
 ('33', 'slug', '0', 'en_ca', ''),
 ('33', 'title', '0', 'en_ca', ' tray '),
 ('34', 'field', '27', 'en_ca', ' for more information or to request a quote '),
 ('34', 'field', '28', 'en_ca', ' contact us '),
 ('34', 'field', '29', 'en_ca', ' about us '),
 ('34', 'field', '30', 'en_ca', ' grey '),
 ('34', 'slug', '0', 'en_ca', ''),
 ('35', 'field', '37', 'en_ca', ' konnexis is a leader in the design of control systems for ethylene oxide chambers konnexis takes your specifications into account and implements a control system which increases efficiency functionality and productivity integrating both flexibility and precision into your system accusolo is konnexis most advanced solution for process control oxide ethylene oxide konnexis has developed a system for gamma and e beam irradiators that is highly flexible in order to both suit your needs and to accommodate for the changing industry through seamless integration between irradiator control and product tracking konnexis has allowed its gamma irradiation customers to reach unparalleled levels of productivity gamma gamma irradiation konnexis has developed a system for gamma and e beam irradiators that is highly flexible in order to both suit your needs and to accommodate for the changing industry through seamless integration between irradiator control and product tracking konnexis has allowed its gamma irradiation customers to reach unparalleled levels of productivity ebeam electron beam e beam konnexis innovation in x ray sterilization has accelerated the industry and allowed the technology to advance to new heights through seamless integration between irradiator control and product tracking konnexis allows you effortless processing and reliability xray x ray '),
 ('35', 'slug', '0', 'en_ca', ''),
 ('36', 'field', '38', 'en_ca', ' ethylene oxide '),
 ('36', 'field', '39', 'en_ca', ' oxide '),
 ('36', 'field', '40', 'en_ca', ' konnexis is a leader in the design of control systems for ethylene oxide chambers konnexis takes your specifications into account and implements a control system which increases efficiency functionality and productivity integrating both flexibility and precision into your system accusolo is konnexis most advanced solution for process control '),
 ('36', 'slug', '0', 'en_ca', ''),
 ('37', 'field', '38', 'en_ca', ' gamma irradiation '),
 ('37', 'field', '39', 'en_ca', ' gamma '),
 ('37', 'field', '40', 'en_ca', ' konnexis has developed a system for gamma and e beam irradiators that is highly flexible in order to both suit your needs and to accommodate for the changing industry through seamless integration between irradiator control and product tracking konnexis has allowed its gamma irradiation customers to reach unparalleled levels of productivity '),
 ('37', 'slug', '0', 'en_ca', ''),
 ('38', 'field', '38', 'en_ca', ' electron beam e beam '),
 ('38', 'field', '39', 'en_ca', ' ebeam '),
 ('38', 'field', '40', 'en_ca', ' konnexis has developed a system for gamma and e beam irradiators that is highly flexible in order to both suit your needs and to accommodate for the changing industry through seamless integration between irradiator control and product tracking konnexis has allowed its gamma irradiation customers to reach unparalleled levels of productivity '),
 ('38', 'slug', '0', 'en_ca', ''),
 ('39', 'field', '38', 'en_ca', ' x ray '),
 ('39', 'field', '39', 'en_ca', ' xray '),
 ('39', 'field', '40', 'en_ca', ' konnexis innovation in x ray sterilization has accelerated the industry and allowed the technology to advance to new heights through seamless integration between irradiator control and product tracking konnexis allows you effortless processing and reliability '),
 ('39', 'slug', '0', 'en_ca', ''),
 ('35', 'field', '41', 'en_ca', ' sterilization methods '),
 ('40', 'extension', '0', 'en_ca', ' jpg '),
 ('40', 'kind', '0', 'en_ca', ' image '),
 ('40', 'slug', '0', 'en_ca', ''),
 ('40', 'title', '0', 'en_ca', ' accusolo '),
 ('41', 'field', '8', 'en_ca', ' white '),
 ('41', 'field', '9', 'en_ca', ' accusolo '),
 ('41', 'field', '10', 'en_ca', ' designed for individual chamber use accusolo delivers flexibility and precision to your operations so you can process with confidence by supporting redundant devices accusolo continues processing even when individual devices fail saving you both time and money by delivering maximum output '),
 ('41', 'field', '11', 'en_ca', ''),
 ('41', 'field', '12', 'en_ca', ''),
 ('41', 'field', '13', 'en_ca', ' accusolo '),
 ('41', 'field', '14', 'en_ca', ' drop left '),
 ('41', 'slug', '0', 'en_ca', ''),
 ('42', 'field', '23', 'en_ca', ' top features '),
 ('42', 'field', '24', 'en_ca', ' rapid commissioning minimizes any chamber downtime by offering the shortest commissioning available in the market allowing you to get to production faster without compromising quality unparalleled flexibility designed to be future proof so your investment in a sterilization control system today will last for years to come accusolo is operating system agnostic and supports the different equipment necessary to run any cycle in addition its flexible cycle design supports and encourages continuous innovation cycle simulator allows you to innovate with confidence using a built in cycle simulator for pre testing cycle designs thereby reducing the chance of failure and helping to achieve maximum efficiency '),
 ('42', 'field', '25', 'en_ca', ' dependable built by experts dedicated to the field of control systems konnexis offers global support with real time response over 1 million pallets are sterilized per year multi chamber support works across multiple chamber types and features a single centralized cycle design and management system that allows for easier process management remote monitoring and enabling collaborative cycle development across the enterprise '),
 ('42', 'field', '26', 'en_ca', ' grey '),
 ('42', 'slug', '0', 'en_ca', ''),
 ('43', 'field', '15', 'en_ca', ' ron nyegard '),
 ('43', 'slug', '0', 'en_ca', ''),
 ('44', 'field', '27', 'en_ca', ' for more information or to request a quote '),
 ('44', 'field', '28', 'en_ca', ''),
 ('44', 'field', '29', 'en_ca', ''),
 ('44', 'field', '30', 'en_ca', ' grey '),
 ('44', 'slug', '0', 'en_ca', ''),
 ('9', 'field', '5', 'en_ca', ' home header '),
 ('9', 'field', '7', 'en_ca', ' white 0 konntrack seamlessly integrates your sterilization machine with process control and inventory tracking developed with vision this software operates with x ray gamma and e beam technologies by advancing plant efficiency minimizing downtown and with unparalleled reliability in scheduling konntrack is definitive in increasing production konntrack '),
 ('45', 'field', '33', 'en_ca', ' konntrack '),
 ('45', 'field', '34', 'en_ca', ' konntrack seamlessly integrates your sterilization machine with process control and inventory tracking developed with vision this software operates with x ray gamma and e beam technologies by advancing plant efficiency minimizing downtown and with unparalleled reliability in scheduling konntrack is definitive in increasing production '),
 ('45', 'field', '35', 'en_ca', ' white '),
 ('45', 'field', '36', 'en_ca', ' 0 ');
INSERT INTO `4y2e9_searchindex` (`elementId`, `attribute`, `fieldId`, `locale`, `keywords`) VALUES
 ('45', 'slug', '0', 'en_ca', ''),
 ('46', 'field', '33', 'en_ca', ' consulting services '),
 ('46', 'field', '34', 'en_ca', ' lorem ipsum dolor sit amet consectetur adipisicing elit recusandae soluta cum voluptas quam consequuntur sapiente vitae sit ab voluptate ex vero voluptatum aperiam sed consectetur nesciunt sequi eius voluptates ex '),
 ('46', 'field', '35', 'en_ca', ' white '),
 ('46', 'field', '36', 'en_ca', ' 0 '),
 ('46', 'slug', '0', 'en_ca', ''),
 ('47', 'field', '42', 'en_ca', ' full lifecycle support with fastest deployment '),
 ('47', 'field', '43', 'en_ca', ' when partnering with konnexis our team of experts will support you through the whole system integration process from project planning and management to post installation support we have our own quality management systems experts to assist customers with audits we provide assistance through '),
 ('47', 'field', '44', 'en_ca', ' develop installation plan schedule and project milestonesfat uat testing and supporttraining seminars project planning and management remote and on site installation supporton site commissioning support commissioning installation validation supportaudit support24 7 support post installation and production when partnering with konnexis you can be assured of the fastest deployment of your system our customers are consistently satisfied by our comprehensive and efficient validation procedures which minimize downtime and production disruption for our customers integration with other mes erp systems '),
 ('47', 'slug', '0', 'en_ca', ''),
 ('48', 'field', '45', 'en_ca', ' project planning and management '),
 ('48', 'field', '46', 'en_ca', ' develop installation plan schedule and project milestonesfat uat testing and supporttraining seminars '),
 ('48', 'slug', '0', 'en_ca', ''),
 ('49', 'field', '45', 'en_ca', ' commissioning installation '),
 ('49', 'field', '46', 'en_ca', ' remote and on site installation supporton site commissioning support '),
 ('49', 'slug', '0', 'en_ca', ''),
 ('50', 'field', '45', 'en_ca', ' post installation and production '),
 ('50', 'field', '46', 'en_ca', ' validation supportaudit support24 7 support '),
 ('50', 'slug', '0', 'en_ca', ''),
 ('51', 'field', '45', 'en_ca', ' integration with other mes erp systems '),
 ('51', 'field', '46', 'en_ca', ' when partnering with konnexis you can be assured of the fastest deployment of your system our customers are consistently satisfied by our comprehensive and efficient validation procedures which minimize downtime and production disruption for our customers '),
 ('51', 'slug', '0', 'en_ca', ''),
 ('52', 'field', '31', 'en_ca', ' accusolo konntrack consulting services '),
 ('52', 'field', '32', 'en_ca', ' titlebar '),
 ('52', 'slug', '0', 'en_ca', ''),
 ('53', 'field', '15', 'en_ca', ' ron nyegard test lady sample man '),
 ('53', 'slug', '0', 'en_ca', ''),
 ('54', 'field', '27', 'en_ca', ''),
 ('54', 'field', '28', 'en_ca', ''),
 ('54', 'field', '29', 'en_ca', ''),
 ('54', 'field', '30', 'en_ca', ' grey '),
 ('54', 'slug', '0', 'en_ca', ''),
 ('15', 'field', '48', 'en_ca', ' http www google com '),
 ('55', 'field', '16', 'en_ca', ' sampler '),
 ('55', 'field', '1', 'en_ca', ' lorem ipsum dolor sit amet consectetur adipisicing elit rerum quos voluptas est natus quia deserunt debitis laudantium autem esse dolor voluptas architecto mollitia perspiciatis commodi minima illum eligendi vero voluptatibus '),
 ('55', 'slug', '0', 'en_ca', ' sample man '),
 ('55', 'title', '0', 'en_ca', ' sample man '),
 ('56', 'field', '16', 'en_ca', ' tester '),
 ('56', 'field', '1', 'en_ca', ' rerum quos voluptas est natus quia deserunt debitis laudantium autem esse dolor voluptas architecto mollitia perspiciatis commodi minima illum eligendi vero voluptatibus lorem ipsum dolor sit amet consectetur adipisicing elit rerum quos voluptas est natus quia deserunt debitis laudantium autem esse dolor voluptas architecto mollitia perspiciatis commodi minima illum eligendi vero voluptatibus '),
 ('56', 'slug', '0', 'en_ca', ' test lady '),
 ('56', 'title', '0', 'en_ca', ' test lady '),
 ('54', 'field', '47', 'en_ca', ' 1 ');



DROP TABLE IF EXISTS `4y2e9_sections`;


--
-- Schema for table `4y2e9_sections`
--
CREATE TABLE `4y2e9_sections` (
  `id` int(11) NOT NULL AUTO_INCREMENT,
  `structureId` int(11) DEFAULT NULL,
  `name` varchar(255) COLLATE utf8_unicode_ci NOT NULL,
  `handle` varchar(255) COLLATE utf8_unicode_ci NOT NULL,
  `type` enum('single','channel','structure') COLLATE utf8_unicode_ci NOT NULL DEFAULT 'channel',
  `hasUrls` tinyint(1) unsigned NOT NULL DEFAULT '1',
  `template` varchar(500) COLLATE utf8_unicode_ci DEFAULT NULL,
  `enableVersioning` tinyint(1) unsigned NOT NULL DEFAULT '0',
  `dateCreated` datetime NOT NULL,
  `dateUpdated` datetime NOT NULL,
  `uid` char(36) COLLATE utf8_unicode_ci NOT NULL DEFAULT '0',
  PRIMARY KEY (`id`),
  UNIQUE KEY `4y2e9_sections_name_unq_idx` (`name`),
  UNIQUE KEY `4y2e9_sections_handle_unq_idx` (`handle`),
  KEY `4y2e9_sections_structureId_fk` (`structureId`)
) ENGINE=InnoDB AUTO_INCREMENT=6 DEFAULT CHARSET=utf8 COLLATE=utf8_unicode_ci;

--
-- Data for table `4y2e9_sections`
--

INSERT INTO `4y2e9_sections` (`id`, `structureId`, `name`, `handle`, `type`, `hasUrls`, `template`, `enableVersioning`, `dateCreated`, `dateUpdated`, `uid`) VALUES
 ('1', NULL, 'Homepage', 'homepage', 'single', '1', 'pages/_entry', '1', '2015-09-26 20:51:48', '2015-10-17 14:49:38', '10bfc9ec-2f7d-495a-b1f6-6029f6dfcc34'),
 ('2', NULL, 'Blog', 'blog', 'channel', '1', 'blog/_entry', '1', '2015-09-26 20:51:49', '2015-10-03 15:32:43', 'fc15e9e6-e502-4e2e-abe2-694083ebd9e4'),
 ('3', '1', 'Pages', 'pages', 'structure', '1', 'pages/_entry', '1', '2015-10-03 15:30:55', '2015-10-03 15:32:05', 'e7176c90-d12f-41b4-ba90-5c8990876384'),
 ('4', NULL, 'Testimonials', 'testimonials', 'channel', '0', NULL, '0', '2015-10-03 18:30:10', '2015-10-03 18:30:10', '075fe856-1f3e-4148-b0fd-3649295132c6'),
 ('5', NULL, 'Kitchen Sink', 'kitchenSink', 'single', '1', 'kitchensink', '0', '2015-10-03 21:26:13', '2015-10-03 21:26:13', '6d0f7a80-a142-4edd-8886-9f3b1a87da35');



DROP TABLE IF EXISTS `4y2e9_sections_i18n`;


--
-- Schema for table `4y2e9_sections_i18n`
--
CREATE TABLE `4y2e9_sections_i18n` (
  `id` int(11) NOT NULL AUTO_INCREMENT,
  `sectionId` int(11) NOT NULL,
  `locale` char(12) COLLATE utf8_unicode_ci NOT NULL,
  `enabledByDefault` tinyint(1) unsigned NOT NULL DEFAULT '1',
  `urlFormat` text COLLATE utf8_unicode_ci,
  `nestedUrlFormat` text COLLATE utf8_unicode_ci,
  `dateCreated` datetime NOT NULL,
  `dateUpdated` datetime NOT NULL,
  `uid` char(36) COLLATE utf8_unicode_ci NOT NULL DEFAULT '0',
  PRIMARY KEY (`id`),
  UNIQUE KEY `4y2e9_sections_i18n_sectionId_locale_unq_idx` (`sectionId`,`locale`),
  KEY `4y2e9_sections_i18n_locale_fk` (`locale`)
) ENGINE=InnoDB AUTO_INCREMENT=6 DEFAULT CHARSET=utf8 COLLATE=utf8_unicode_ci;

--
-- Data for table `4y2e9_sections_i18n`
--

INSERT INTO `4y2e9_sections_i18n` (`id`, `sectionId`, `locale`, `enabledByDefault`, `urlFormat`, `nestedUrlFormat`, `dateCreated`, `dateUpdated`, `uid`) VALUES
 ('1', '1', 'en_ca', '0', '__home__', NULL, '2015-09-26 20:51:48', '2015-10-17 14:49:38', 'b9f865a6-7771-4e7a-b57f-fd108ce450e8'),
 ('2', '2', 'en_ca', '0', 'blog/{postDate.year}/{slug}', NULL, '2015-09-26 20:51:49', '2015-10-03 15:32:43', 'ed153525-db57-44b4-a31f-2dc7e5221a6f'),
 ('3', '3', 'en_ca', '0', '{slug}', '{parent.uri}/{slug}', '2015-10-03 15:30:55', '2015-10-03 15:30:55', '55da3d34-c0ae-4b9e-98f8-ca0e9543991b'),
 ('4', '4', 'en_ca', '0', NULL, NULL, '2015-10-03 18:30:10', '2015-10-03 18:30:10', '00872c4b-ec10-4632-b6fc-0d2ed8712d88'),
 ('5', '5', 'en_ca', '0', 'kitchen-sink', NULL, '2015-10-03 21:26:13', '2015-10-03 21:26:13', '1551806a-823e-4337-9e84-936560a45e42');



DROP TABLE IF EXISTS `4y2e9_sessions`;


--
-- Schema for table `4y2e9_sessions`
--
CREATE TABLE `4y2e9_sessions` (
  `id` int(11) NOT NULL AUTO_INCREMENT,
  `userId` int(11) NOT NULL,
  `token` char(100) COLLATE utf8_unicode_ci NOT NULL,
  `dateCreated` datetime NOT NULL,
  `dateUpdated` datetime NOT NULL,
  `uid` char(36) COLLATE utf8_unicode_ci NOT NULL DEFAULT '0',
  PRIMARY KEY (`id`),
  KEY `4y2e9_sessions_uid_idx` (`uid`),
  KEY `4y2e9_sessions_token_idx` (`token`),
  KEY `4y2e9_sessions_dateUpdated_idx` (`dateUpdated`),
  KEY `4y2e9_sessions_userId_fk` (`userId`)
) ENGINE=InnoDB AUTO_INCREMENT=8 DEFAULT CHARSET=utf8 COLLATE=utf8_unicode_ci;

DROP TABLE IF EXISTS `4y2e9_shunnedmessages`;


--
-- Schema for table `4y2e9_shunnedmessages`
--
CREATE TABLE `4y2e9_shunnedmessages` (
  `id` int(11) NOT NULL AUTO_INCREMENT,
  `userId` int(11) NOT NULL,
  `message` varchar(255) COLLATE utf8_unicode_ci NOT NULL,
  `expiryDate` datetime DEFAULT NULL,
  `dateCreated` datetime NOT NULL,
  `dateUpdated` datetime NOT NULL,
  `uid` char(36) COLLATE utf8_unicode_ci NOT NULL DEFAULT '0',
  PRIMARY KEY (`id`),
  UNIQUE KEY `4y2e9_shunnedmessages_userId_message_unq_idx` (`userId`,`message`)
) ENGINE=InnoDB DEFAULT CHARSET=utf8 COLLATE=utf8_unicode_ci;

DROP TABLE IF EXISTS `4y2e9_structureelements`;


--
-- Schema for table `4y2e9_structureelements`
--
CREATE TABLE `4y2e9_structureelements` (
  `id` int(11) NOT NULL AUTO_INCREMENT,
  `structureId` int(11) NOT NULL,
  `elementId` int(11) DEFAULT NULL,
  `root` int(11) unsigned DEFAULT NULL,
  `lft` int(11) unsigned NOT NULL,
  `rgt` int(11) unsigned NOT NULL,
  `level` smallint(6) unsigned NOT NULL,
  `dateCreated` datetime NOT NULL,
  `dateUpdated` datetime NOT NULL,
  `uid` char(36) COLLATE utf8_unicode_ci NOT NULL DEFAULT '0',
  PRIMARY KEY (`id`),
  UNIQUE KEY `4y2e9_structureelements_structureId_elementId_unq_idx` (`structureId`,`elementId`),
  KEY `4y2e9_structureelements_root_idx` (`root`),
  KEY `4y2e9_structureelements_lft_idx` (`lft`),
  KEY `4y2e9_structureelements_rgt_idx` (`rgt`),
  KEY `4y2e9_structureelements_level_idx` (`level`),
  KEY `4y2e9_structureelements_elementId_fk` (`elementId`)
) ENGINE=InnoDB AUTO_INCREMENT=11 DEFAULT CHARSET=utf8 COLLATE=utf8_unicode_ci;

--
-- Data for table `4y2e9_structureelements`
--

INSERT INTO `4y2e9_structureelements` (`id`, `structureId`, `elementId`, `root`, `lft`, `rgt`, `level`, `dateCreated`, `dateUpdated`, `uid`) VALUES
 ('1', '1', NULL, '1', '1', '20', '0', '2015-10-03 15:33:54', '2015-10-03 15:33:54', '567fad18-5d33-433b-ba0b-2287106dd482'),
 ('2', '1', '5', '1', '2', '3', '1', '2015-10-03 15:33:54', '2015-10-03 15:33:54', '5eb8bd67-d4fa-4f69-92b0-4e91cd06ead9'),
 ('3', '1', '6', '1', '4', '5', '1', '2015-10-03 15:34:10', '2015-10-03 15:34:10', '11d89025-0011-42ba-b845-039e56f538ef'),
 ('4', '1', '7', '1', '6', '13', '1', '2015-10-03 15:34:33', '2015-10-03 15:34:33', '3d9afc83-55ad-4ce9-8b50-ae36cd4c2285'),
 ('5', '1', '8', '1', '7', '8', '2', '2015-10-03 15:34:54', '2015-10-03 15:34:54', '6bfbf16a-acaa-465b-87fe-d45597d353c9'),
 ('6', '1', '9', '1', '9', '10', '2', '2015-10-03 15:35:41', '2015-10-03 15:35:41', 'a49342e7-b287-4aa1-93f1-e5481aba1b9e'),
 ('7', '1', '10', '1', '11', '12', '2', '2015-10-03 15:36:12', '2015-10-03 15:36:12', 'cc4e4fd6-b155-40fc-8860-0094090e634d'),
 ('8', '1', '11', '1', '14', '15', '1', '2015-10-03 15:36:29', '2015-10-03 15:36:29', 'b87c0314-9ec5-4511-9243-282719d115df'),
 ('9', '1', '12', '1', '16', '17', '1', '2015-10-03 15:36:40', '2015-10-03 15:36:40', 'd18ec26e-9a2b-40a3-8fd2-b977855605ef'),
 ('10', '1', '13', '1', '18', '19', '1', '2015-10-03 15:36:49', '2015-10-03 15:36:49', '1991cec7-0b83-4382-9c12-efda6a4d3a42');



DROP TABLE IF EXISTS `4y2e9_structures`;


--
-- Schema for table `4y2e9_structures`
--
CREATE TABLE `4y2e9_structures` (
  `id` int(11) NOT NULL AUTO_INCREMENT,
  `maxLevels` smallint(6) unsigned DEFAULT NULL,
  `dateCreated` datetime NOT NULL,
  `dateUpdated` datetime NOT NULL,
  `uid` char(36) COLLATE utf8_unicode_ci NOT NULL DEFAULT '0',
  PRIMARY KEY (`id`)
) ENGINE=InnoDB AUTO_INCREMENT=2 DEFAULT CHARSET=utf8 COLLATE=utf8_unicode_ci;

--
-- Data for table `4y2e9_structures`
--

INSERT INTO `4y2e9_structures` (`id`, `maxLevels`, `dateCreated`, `dateUpdated`, `uid`) VALUES
 ('1', NULL, '2015-10-03 15:30:55', '2015-10-03 15:32:05', '569128a8-fbc6-4b5e-96f4-64450540f114');



DROP TABLE IF EXISTS `4y2e9_supertableblocks`;


--
-- Schema for table `4y2e9_supertableblocks`
--
CREATE TABLE `4y2e9_supertableblocks` (
  `id` int(11) NOT NULL,
  `ownerId` int(11) NOT NULL,
  `fieldId` int(11) NOT NULL,
  `typeId` int(11) DEFAULT NULL,
  `sortOrder` tinyint(4) DEFAULT NULL,
  `ownerLocale` char(12) COLLATE utf8_unicode_ci DEFAULT NULL,
  `dateCreated` datetime NOT NULL,
  `dateUpdated` datetime NOT NULL,
  `uid` char(36) COLLATE utf8_unicode_ci NOT NULL DEFAULT '0',
  PRIMARY KEY (`id`),
  KEY `4y2e9_supertableblocks_ownerId_idx` (`ownerId`),
  KEY `4y2e9_supertableblocks_fieldId_idx` (`fieldId`),
  KEY `4y2e9_supertableblocks_typeId_idx` (`typeId`),
  KEY `4y2e9_supertableblocks_sortOrder_idx` (`sortOrder`),
  KEY `4y2e9_supertableblocks_ownerLocale_fk` (`ownerLocale`)
) ENGINE=InnoDB DEFAULT CHARSET=utf8 COLLATE=utf8_unicode_ci;

--
-- Data for table `4y2e9_supertableblocks`
--

INSERT INTO `4y2e9_supertableblocks` (`id`, `ownerId`, `fieldId`, `typeId`, `sortOrder`, `ownerLocale`, `dateCreated`, `dateUpdated`, `uid`) VALUES
 ('36', '35', '37', '1', '1', NULL, '2015-10-17 15:24:18', '2015-10-17 15:29:39', '530a1682-8139-4ea3-97f0-3d65bc7796e8'),
 ('37', '35', '37', '1', '2', NULL, '2015-10-17 15:24:18', '2015-10-17 15:29:39', '7031ccae-212b-4d24-a69c-5bd947ebf613'),
 ('38', '35', '37', '1', '3', NULL, '2015-10-17 15:24:18', '2015-10-17 15:29:39', '36f980c9-9c28-449e-bd31-fb5c05bfe663'),
 ('39', '35', '37', '1', '4', NULL, '2015-10-17 15:24:18', '2015-10-17 15:29:39', '2249aeb9-8e04-4293-88f0-ebfd1fdadc24'),
 ('48', '47', '44', '2', '1', NULL, '2015-10-18 02:16:12', '2015-10-18 23:25:31', 'ae71122c-3e9b-4207-8b76-c439cfd624e0'),
 ('49', '47', '44', '2', '2', NULL, '2015-10-18 02:16:12', '2015-10-18 23:25:31', 'd25cd0ba-bedd-4196-acd6-a2a0c200c5d2'),
 ('50', '47', '44', '2', '3', NULL, '2015-10-18 02:16:12', '2015-10-18 23:25:31', '9e6fd7b4-89c0-41c8-8c1b-0241f03ed8cb'),
 ('51', '47', '44', '2', '4', NULL, '2015-10-18 02:16:12', '2015-10-18 23:25:31', '1e9b392b-3725-42be-96f7-8e9d4c0c6f8c');



DROP TABLE IF EXISTS `4y2e9_supertableblocktypes`;


--
-- Schema for table `4y2e9_supertableblocktypes`
--
CREATE TABLE `4y2e9_supertableblocktypes` (
  `id` int(11) NOT NULL AUTO_INCREMENT,
  `fieldId` int(11) NOT NULL,
  `fieldLayoutId` int(11) DEFAULT NULL,
  `dateCreated` datetime NOT NULL,
  `dateUpdated` datetime NOT NULL,
  `uid` char(36) COLLATE utf8_unicode_ci NOT NULL DEFAULT '0',
  PRIMARY KEY (`id`),
  KEY `4y2e9_supertableblocktypes_fieldId_fk` (`fieldId`),
  KEY `4y2e9_supertableblocktypes_fieldLayoutId_fk` (`fieldLayoutId`)
) ENGINE=InnoDB AUTO_INCREMENT=3 DEFAULT CHARSET=utf8 COLLATE=utf8_unicode_ci;

--
-- Data for table `4y2e9_supertableblocktypes`
--

INSERT INTO `4y2e9_supertableblocktypes` (`id`, `fieldId`, `fieldLayoutId`, `dateCreated`, `dateUpdated`, `uid`) VALUES
 ('1', '37', '155', '2015-10-17 15:22:34', '2015-10-18 23:25:49', '2748f19e-ca42-47bd-931c-2b41e1b7d49c'),
 ('2', '44', '157', '2015-10-18 02:12:38', '2015-10-18 23:25:49', '53a1afa9-abd1-425d-8c45-79b3d32212e7');



DROP TABLE IF EXISTS `4y2e9_supertablecontent_7_tabs`;


--
-- Schema for table `4y2e9_supertablecontent_7_tabs`
--
CREATE TABLE `4y2e9_supertablecontent_7_tabs` (
  `id` int(11) NOT NULL AUTO_INCREMENT,
  `elementId` int(11) NOT NULL,
  `locale` char(12) COLLATE utf8_unicode_ci NOT NULL,
  `field_tabTitle` text COLLATE utf8_unicode_ci,
  `field_tabIcon` varchar(255) COLLATE utf8_unicode_ci DEFAULT 'oxide',
  `field_tabContent` text COLLATE utf8_unicode_ci,
  `dateCreated` datetime NOT NULL,
  `dateUpdated` datetime NOT NULL,
  `uid` char(36) COLLATE utf8_unicode_ci NOT NULL DEFAULT '0',
  PRIMARY KEY (`id`),
  UNIQUE KEY `4y2e9_supertablecontent_7_tabs_elementId_locale_unq_idx` (`elementId`,`locale`),
  KEY `4y2e9_supertablecontent_7_tabs_locale_fk` (`locale`)
) ENGINE=InnoDB AUTO_INCREMENT=5 DEFAULT CHARSET=utf8 COLLATE=utf8_unicode_ci;

--
-- Data for table `4y2e9_supertablecontent_7_tabs`
--

INSERT INTO `4y2e9_supertablecontent_7_tabs` (`id`, `elementId`, `locale`, `field_tabTitle`, `field_tabIcon`, `field_tabContent`, `dateCreated`, `dateUpdated`, `uid`) VALUES
 ('1', '36', 'en_ca', 'Ethylene Oxide', 'oxide', 'Konnexis is a leader in the design of control systems for ethylene oxide chambers. Konnexis takes your specifications into account and implements a control system which increases efficiency, functionality, and productivity. Integrating both flexibility and precision into your system, AccuSOLO is Konnexis\' most advanced solution for process control.', '2015-10-17 15:24:18', '2015-10-17 15:29:39', '9d563e4f-0325-4b50-aac5-946450071386'),
 ('2', '37', 'en_ca', 'Gamma Irradiation', 'gamma', 'Konnexis has developed a system for Gamma and E-Beam irradiators that is highly flexible in order to both suit your needs and to accommodate for the changing industry. Through seamless integration between irradiator control and product tracking, Konnexis has allowed its Gamma irradiation customers to reach unparalleled levels of productivity.', '2015-10-17 15:24:18', '2015-10-17 15:29:39', 'a97f5ba7-4239-4da6-84ae-50736fc937f1'),
 ('3', '38', 'en_ca', 'Electron Beam (E-Beam)', 'ebeam', 'Konnexis has developed a system for Gamma and E-Beam irradiators that is highly flexible in order to both suit your needs and to accommodate for the changing industry. Through seamless integration between irradiator control and product tracking, Konnexis has allowed its Gamma irradiation customers to reach unparalleled levels of productivity.', '2015-10-17 15:24:18', '2015-10-17 15:29:39', 'c91afac6-19b7-4ed3-8029-8e81e5d36bfa'),
 ('4', '39', 'en_ca', 'X-Ray', 'xray', 'Konnexis\' innovation in X-Ray sterilization has accelerated the industry and allowed the technology to advance to new heights. Through seamless integration between irradiator control and product tracking, Konnexis allows you effortless processing and reliability.', '2015-10-17 15:24:18', '2015-10-17 15:29:39', '07c0975a-d36c-4f69-b6a4-0ace11ac730e');



DROP TABLE IF EXISTS `4y2e9_supertablecontent_8_features`;


--
-- Schema for table `4y2e9_supertablecontent_8_features`
--
CREATE TABLE `4y2e9_supertablecontent_8_features` (
  `id` int(11) NOT NULL AUTO_INCREMENT,
  `elementId` int(11) NOT NULL,
  `locale` char(12) COLLATE utf8_unicode_ci NOT NULL,
  `field_featureHeading` text COLLATE utf8_unicode_ci,
  `field_featureContent` text COLLATE utf8_unicode_ci,
  `dateCreated` datetime NOT NULL,
  `dateUpdated` datetime NOT NULL,
  `uid` char(36) COLLATE utf8_unicode_ci NOT NULL DEFAULT '0',
  PRIMARY KEY (`id`),
  UNIQUE KEY `4y2e9_supertablecontent_8_features_elementId_locale_unq_idx` (`elementId`,`locale`),
  KEY `4y2e9_supertablecontent_8_features_locale_fk` (`locale`)
) ENGINE=InnoDB AUTO_INCREMENT=5 DEFAULT CHARSET=utf8 COLLATE=utf8_unicode_ci;

--
-- Data for table `4y2e9_supertablecontent_8_features`
--

INSERT INTO `4y2e9_supertablecontent_8_features` (`id`, `elementId`, `locale`, `field_featureHeading`, `field_featureContent`, `dateCreated`, `dateUpdated`, `uid`) VALUES
 ('1', '48', 'en_ca', 'Project Planning and Management', '<ul><li>Develop Installation Plan, Schedule, and project milestones</li><li>FAT/ UAT Testing and Support</li><li>Training Seminars</li></ul>', '2015-10-18 02:16:12', '2015-10-18 23:25:31', '35e6955a-599e-461f-8cef-b3b4f3c5b5f4'),
 ('2', '49', 'en_ca', 'Commissioning / Installation', '<ul><li>Remote and on-site Installation Support</li><li>On-site Commissioning Support</li></ul>', '2015-10-18 02:16:12', '2015-10-18 23:25:31', '98eb3065-dac8-4dfc-bab9-232447a2b78f'),
 ('3', '50', 'en_ca', 'Post-installation and Production', '<ul><li>Validation Support</li><li>Audit Support</li><li>24/7 Support </li></ul>', '2015-10-18 02:16:12', '2015-10-18 23:25:31', '592854b5-009e-4a14-af8c-800d1be68108'),
 ('4', '51', 'en_ca', 'Integration with other MES/ERP systems', '<p>When partnering with Konnexis you can be assured of the fastest deployment of your system. Our customers are consistently satisfied by our comprehensive and efficient validation procedures which minimize downtime and production disruption for our customers.</p>', '2015-10-18 02:16:12', '2015-10-18 23:25:31', '636eb2b8-a8f1-4b04-ac77-d5e072d7998b');



DROP TABLE IF EXISTS `4y2e9_systemsettings`;


--
-- Schema for table `4y2e9_systemsettings`
--
CREATE TABLE `4y2e9_systemsettings` (
  `id` int(11) NOT NULL AUTO_INCREMENT,
  `category` varchar(15) COLLATE utf8_unicode_ci NOT NULL,
  `settings` text COLLATE utf8_unicode_ci,
  `dateCreated` datetime NOT NULL,
  `dateUpdated` datetime NOT NULL,
  `uid` char(36) COLLATE utf8_unicode_ci NOT NULL DEFAULT '0',
  PRIMARY KEY (`id`),
  UNIQUE KEY `4y2e9_systemsettings_category_unq_idx` (`category`)
) ENGINE=InnoDB AUTO_INCREMENT=2 DEFAULT CHARSET=utf8 COLLATE=utf8_unicode_ci;

--
-- Data for table `4y2e9_systemsettings`
--

INSERT INTO `4y2e9_systemsettings` (`id`, `category`, `settings`, `dateCreated`, `dateUpdated`, `uid`) VALUES
 ('1', 'email', '{\"protocol\":\"php\",\"emailAddress\":\"heygregor@gmail.com\",\"senderName\":\"Konnexis\"}', '2015-09-26 20:51:48', '2015-09-26 20:51:48', 'eeef685d-3bde-4470-8173-ba0b9d2e12e5');



DROP TABLE IF EXISTS `4y2e9_taggroups`;


--
-- Schema for table `4y2e9_taggroups`
--
CREATE TABLE `4y2e9_taggroups` (
  `id` int(11) NOT NULL AUTO_INCREMENT,
  `name` varchar(255) COLLATE utf8_unicode_ci NOT NULL,
  `handle` varchar(255) COLLATE utf8_unicode_ci NOT NULL,
  `fieldLayoutId` int(11) DEFAULT NULL,
  `dateCreated` datetime NOT NULL,
  `dateUpdated` datetime NOT NULL,
  `uid` char(36) COLLATE utf8_unicode_ci NOT NULL DEFAULT '0',
  PRIMARY KEY (`id`),
  UNIQUE KEY `4y2e9_taggroups_name_unq_idx` (`name`),
  UNIQUE KEY `4y2e9_taggroups_handle_unq_idx` (`handle`),
  KEY `4y2e9_taggroups_fieldLayoutId_fk` (`fieldLayoutId`)
) ENGINE=InnoDB AUTO_INCREMENT=2 DEFAULT CHARSET=utf8 COLLATE=utf8_unicode_ci;

--
-- Data for table `4y2e9_taggroups`
--

INSERT INTO `4y2e9_taggroups` (`id`, `name`, `handle`, `fieldLayoutId`, `dateCreated`, `dateUpdated`, `uid`) VALUES
 ('1', 'Default', 'default', '1', '2015-09-26 20:51:48', '2015-09-26 20:51:48', '3489ad21-5b6a-4287-81cb-1652492b3e43');



DROP TABLE IF EXISTS `4y2e9_tags`;


--
-- Schema for table `4y2e9_tags`
--
CREATE TABLE `4y2e9_tags` (
  `id` int(11) NOT NULL,
  `groupId` int(11) NOT NULL,
  `dateCreated` datetime NOT NULL,
  `dateUpdated` datetime NOT NULL,
  `uid` char(36) COLLATE utf8_unicode_ci NOT NULL DEFAULT '0',
  PRIMARY KEY (`id`),
  KEY `4y2e9_tags_groupId_fk` (`groupId`)
) ENGINE=InnoDB DEFAULT CHARSET=utf8 COLLATE=utf8_unicode_ci;

DROP TABLE IF EXISTS `4y2e9_tasks`;


--
-- Schema for table `4y2e9_tasks`
--
CREATE TABLE `4y2e9_tasks` (
  `id` int(11) NOT NULL AUTO_INCREMENT,
  `root` int(11) unsigned DEFAULT NULL,
  `lft` int(11) unsigned NOT NULL,
  `rgt` int(11) unsigned NOT NULL,
  `level` smallint(6) unsigned NOT NULL,
  `currentStep` int(11) unsigned DEFAULT NULL,
  `totalSteps` int(11) unsigned DEFAULT NULL,
  `status` enum('pending','error','running') COLLATE utf8_unicode_ci DEFAULT NULL,
  `type` varchar(150) COLLATE utf8_unicode_ci NOT NULL,
  `description` varchar(255) COLLATE utf8_unicode_ci DEFAULT NULL,
  `settings` text COLLATE utf8_unicode_ci,
  `dateCreated` datetime NOT NULL,
  `dateUpdated` datetime NOT NULL,
  `uid` char(36) COLLATE utf8_unicode_ci NOT NULL DEFAULT '0',
  PRIMARY KEY (`id`),
  KEY `4y2e9_tasks_root_idx` (`root`),
  KEY `4y2e9_tasks_lft_idx` (`lft`),
  KEY `4y2e9_tasks_rgt_idx` (`rgt`),
  KEY `4y2e9_tasks_level_idx` (`level`)
) ENGINE=InnoDB DEFAULT CHARSET=utf8 COLLATE=utf8_unicode_ci;

DROP TABLE IF EXISTS `4y2e9_templatecachecriteria`;


--
-- Schema for table `4y2e9_templatecachecriteria`
--
CREATE TABLE `4y2e9_templatecachecriteria` (
  `id` int(11) NOT NULL AUTO_INCREMENT,
  `cacheId` int(11) NOT NULL,
  `type` varchar(150) COLLATE utf8_unicode_ci NOT NULL,
  `criteria` text COLLATE utf8_unicode_ci NOT NULL,
  PRIMARY KEY (`id`),
  KEY `4y2e9_templatecachecriteria_cacheId_fk` (`cacheId`),
  KEY `4y2e9_templatecachecriteria_type_idx` (`type`)
) ENGINE=InnoDB DEFAULT CHARSET=utf8 COLLATE=utf8_unicode_ci;

DROP TABLE IF EXISTS `4y2e9_templatecacheelements`;


--
-- Schema for table `4y2e9_templatecacheelements`
--
CREATE TABLE `4y2e9_templatecacheelements` (
  `cacheId` int(11) NOT NULL,
  `elementId` int(11) NOT NULL,
  KEY `4y2e9_templatecacheelements_cacheId_fk` (`cacheId`),
  KEY `4y2e9_templatecacheelements_elementId_fk` (`elementId`)
) ENGINE=InnoDB DEFAULT CHARSET=utf8 COLLATE=utf8_unicode_ci;

DROP TABLE IF EXISTS `4y2e9_templatecaches`;


--
-- Schema for table `4y2e9_templatecaches`
--
CREATE TABLE `4y2e9_templatecaches` (
  `id` int(11) NOT NULL AUTO_INCREMENT,
  `cacheKey` varchar(255) COLLATE utf8_unicode_ci NOT NULL,
  `locale` char(12) COLLATE utf8_unicode_ci NOT NULL,
  `path` varchar(255) COLLATE utf8_unicode_ci DEFAULT NULL,
  `expiryDate` datetime NOT NULL,
  `body` mediumtext COLLATE utf8_unicode_ci NOT NULL,
  PRIMARY KEY (`id`),
  KEY `4y2e9_templatecaches_expiryDate_cacheKey_locale_path_idx` (`expiryDate`,`cacheKey`,`locale`,`path`),
  KEY `4y2e9_templatecaches_locale_fk` (`locale`)
) ENGINE=InnoDB DEFAULT CHARSET=utf8 COLLATE=utf8_unicode_ci;

DROP TABLE IF EXISTS `4y2e9_tokens`;


--
-- Schema for table `4y2e9_tokens`
--
CREATE TABLE `4y2e9_tokens` (
  `id` int(11) NOT NULL AUTO_INCREMENT,
  `token` char(32) COLLATE utf8_unicode_ci NOT NULL,
  `route` text COLLATE utf8_unicode_ci,
  `usageLimit` tinyint(3) unsigned DEFAULT NULL,
  `usageCount` tinyint(3) unsigned DEFAULT NULL,
  `expiryDate` datetime NOT NULL,
  `dateCreated` datetime NOT NULL,
  `dateUpdated` datetime NOT NULL,
  `uid` char(36) COLLATE utf8_unicode_ci NOT NULL DEFAULT '0',
  PRIMARY KEY (`id`),
  UNIQUE KEY `4y2e9_tokens_token_unq_idx` (`token`),
  KEY `4y2e9_tokens_expiryDate_idx` (`expiryDate`)
) ENGINE=InnoDB DEFAULT CHARSET=utf8 COLLATE=utf8_unicode_ci;

DROP TABLE IF EXISTS `4y2e9_usergroups`;


--
-- Schema for table `4y2e9_usergroups`
--
CREATE TABLE `4y2e9_usergroups` (
  `id` int(11) NOT NULL AUTO_INCREMENT,
  `name` varchar(255) COLLATE utf8_unicode_ci NOT NULL,
  `handle` varchar(255) COLLATE utf8_unicode_ci NOT NULL,
  `dateCreated` datetime NOT NULL,
  `dateUpdated` datetime NOT NULL,
  `uid` char(36) COLLATE utf8_unicode_ci NOT NULL DEFAULT '0',
  PRIMARY KEY (`id`)
) ENGINE=InnoDB DEFAULT CHARSET=utf8 COLLATE=utf8_unicode_ci;

DROP TABLE IF EXISTS `4y2e9_usergroups_users`;


--
-- Schema for table `4y2e9_usergroups_users`
--
CREATE TABLE `4y2e9_usergroups_users` (
  `id` int(11) NOT NULL AUTO_INCREMENT,
  `groupId` int(11) NOT NULL,
  `userId` int(11) NOT NULL,
  `dateCreated` datetime NOT NULL,
  `dateUpdated` datetime NOT NULL,
  `uid` char(36) COLLATE utf8_unicode_ci NOT NULL DEFAULT '0',
  PRIMARY KEY (`id`),
  UNIQUE KEY `4y2e9_usergroups_users_groupId_userId_unq_idx` (`groupId`,`userId`),
  KEY `4y2e9_usergroups_users_userId_fk` (`userId`)
) ENGINE=InnoDB DEFAULT CHARSET=utf8 COLLATE=utf8_unicode_ci;

DROP TABLE IF EXISTS `4y2e9_userpermissions`;


--
-- Schema for table `4y2e9_userpermissions`
--
CREATE TABLE `4y2e9_userpermissions` (
  `id` int(11) NOT NULL AUTO_INCREMENT,
  `name` varchar(255) COLLATE utf8_unicode_ci NOT NULL,
  `dateCreated` datetime NOT NULL,
  `dateUpdated` datetime NOT NULL,
  `uid` char(36) COLLATE utf8_unicode_ci NOT NULL DEFAULT '0',
  PRIMARY KEY (`id`),
  UNIQUE KEY `4y2e9_userpermissions_name_unq_idx` (`name`)
) ENGINE=InnoDB DEFAULT CHARSET=utf8 COLLATE=utf8_unicode_ci;

DROP TABLE IF EXISTS `4y2e9_userpermissions_usergroups`;


--
-- Schema for table `4y2e9_userpermissions_usergroups`
--
CREATE TABLE `4y2e9_userpermissions_usergroups` (
  `id` int(11) NOT NULL AUTO_INCREMENT,
  `permissionId` int(11) NOT NULL,
  `groupId` int(11) NOT NULL,
  `dateCreated` datetime NOT NULL,
  `dateUpdated` datetime NOT NULL,
  `uid` char(36) COLLATE utf8_unicode_ci NOT NULL DEFAULT '0',
  PRIMARY KEY (`id`),
  UNIQUE KEY `4y2e9_userpermissions_usergroups_permissionId_groupId_unq_idx` (`permissionId`,`groupId`),
  KEY `4y2e9_userpermissions_usergroups_groupId_fk` (`groupId`)
) ENGINE=InnoDB DEFAULT CHARSET=utf8 COLLATE=utf8_unicode_ci;

DROP TABLE IF EXISTS `4y2e9_userpermissions_users`;


--
-- Schema for table `4y2e9_userpermissions_users`
--
CREATE TABLE `4y2e9_userpermissions_users` (
  `id` int(11) NOT NULL AUTO_INCREMENT,
  `permissionId` int(11) NOT NULL,
  `userId` int(11) NOT NULL,
  `dateCreated` datetime NOT NULL,
  `dateUpdated` datetime NOT NULL,
  `uid` char(36) COLLATE utf8_unicode_ci NOT NULL DEFAULT '0',
  PRIMARY KEY (`id`),
  UNIQUE KEY `4y2e9_userpermissions_users_permissionId_userId_unq_idx` (`permissionId`,`userId`),
  KEY `4y2e9_userpermissions_users_userId_fk` (`userId`)
) ENGINE=InnoDB DEFAULT CHARSET=utf8 COLLATE=utf8_unicode_ci;

DROP TABLE IF EXISTS `4y2e9_users`;


--
-- Schema for table `4y2e9_users`
--
CREATE TABLE `4y2e9_users` (
  `id` int(11) NOT NULL,
  `username` varchar(100) COLLATE utf8_unicode_ci NOT NULL,
  `photo` varchar(100) COLLATE utf8_unicode_ci DEFAULT NULL,
  `firstName` varchar(100) COLLATE utf8_unicode_ci DEFAULT NULL,
  `lastName` varchar(100) COLLATE utf8_unicode_ci DEFAULT NULL,
  `email` varchar(255) COLLATE utf8_unicode_ci NOT NULL,
  `password` char(255) COLLATE utf8_unicode_ci DEFAULT NULL,
  `preferredLocale` char(12) COLLATE utf8_unicode_ci DEFAULT NULL,
  `weekStartDay` tinyint(1) unsigned NOT NULL DEFAULT '0',
  `admin` tinyint(1) unsigned NOT NULL DEFAULT '0',
  `client` tinyint(1) unsigned NOT NULL DEFAULT '0',
  `locked` tinyint(1) unsigned NOT NULL DEFAULT '0',
  `suspended` tinyint(1) unsigned NOT NULL DEFAULT '0',
  `pending` tinyint(1) unsigned NOT NULL DEFAULT '0',
  `archived` tinyint(1) unsigned NOT NULL DEFAULT '0',
  `lastLoginDate` datetime DEFAULT NULL,
  `lastLoginAttemptIPAddress` varchar(45) COLLATE utf8_unicode_ci DEFAULT NULL,
  `invalidLoginWindowStart` datetime DEFAULT NULL,
  `invalidLoginCount` tinyint(4) unsigned DEFAULT NULL,
  `lastInvalidLoginDate` datetime DEFAULT NULL,
  `lockoutDate` datetime DEFAULT NULL,
  `verificationCode` char(100) COLLATE utf8_unicode_ci DEFAULT NULL,
  `verificationCodeIssuedDate` datetime DEFAULT NULL,
  `unverifiedEmail` varchar(255) COLLATE utf8_unicode_ci DEFAULT NULL,
  `passwordResetRequired` tinyint(1) unsigned NOT NULL DEFAULT '0',
  `lastPasswordChangeDate` datetime DEFAULT NULL,
  `dateCreated` datetime NOT NULL,
  `dateUpdated` datetime NOT NULL,
  `uid` char(36) COLLATE utf8_unicode_ci NOT NULL DEFAULT '0',
  PRIMARY KEY (`id`),
  UNIQUE KEY `4y2e9_users_username_unq_idx` (`username`),
  UNIQUE KEY `4y2e9_users_email_unq_idx` (`email`),
  KEY `4y2e9_users_verificationCode_idx` (`verificationCode`),
  KEY `4y2e9_users_uid_idx` (`uid`),
  KEY `4y2e9_users_preferredLocale_fk` (`preferredLocale`)
) ENGINE=InnoDB DEFAULT CHARSET=utf8 COLLATE=utf8_unicode_ci;

--
-- Data for table `4y2e9_users`
--

INSERT INTO `4y2e9_users` (`id`, `username`, `photo`, `firstName`, `lastName`, `email`, `password`, `preferredLocale`, `weekStartDay`, `admin`, `client`, `locked`, `suspended`, `pending`, `archived`, `lastLoginDate`, `lastLoginAttemptIPAddress`, `invalidLoginWindowStart`, `invalidLoginCount`, `lastInvalidLoginDate`, `lockoutDate`, `verificationCode`, `verificationCodeIssuedDate`, `unverifiedEmail`, `passwordResetRequired`, `lastPasswordChangeDate`, `dateCreated`, `dateUpdated`, `uid`) VALUES
 ('1', 'gregor', NULL, NULL, NULL, 'heygregor@gmail.com', '$2y$13$z2LNmTh66aKWsPO2M8EZGODMrcePjqUfSQ7GS1KtYsFSKR0AEHjPi', NULL, '0', '1', '0', '0', '0', '0', '0', '2016-01-04 00:16:29', '127.0.0.1', NULL, NULL, '2015-10-03 21:25:20', NULL, NULL, NULL, NULL, '0', '2015-09-26 20:51:47', '2015-09-26 20:51:47', '2016-01-04 00:16:29', '6ba0b428-7b0e-425e-861c-a7eb48b54da4');



DROP TABLE IF EXISTS `4y2e9_widgets`;


--
-- Schema for table `4y2e9_widgets`
--
CREATE TABLE `4y2e9_widgets` (
  `id` int(11) NOT NULL AUTO_INCREMENT,
  `userId` int(11) NOT NULL,
  `type` varchar(150) COLLATE utf8_unicode_ci NOT NULL,
  `sortOrder` tinyint(4) DEFAULT NULL,
  `colspan` tinyint(4) unsigned DEFAULT NULL,
  `settings` text COLLATE utf8_unicode_ci,
  `enabled` tinyint(1) unsigned NOT NULL DEFAULT '1',
  `dateCreated` datetime NOT NULL,
  `dateUpdated` datetime NOT NULL,
  `uid` char(36) COLLATE utf8_unicode_ci NOT NULL DEFAULT '0',
  PRIMARY KEY (`id`),
  KEY `4y2e9_widgets_userId_fk` (`userId`)
) ENGINE=InnoDB AUTO_INCREMENT=6 DEFAULT CHARSET=utf8 COLLATE=utf8_unicode_ci;

--
-- Data for table `4y2e9_widgets`
--

INSERT INTO `4y2e9_widgets` (`id`, `userId`, `type`, `sortOrder`, `colspan`, `settings`, `enabled`, `dateCreated`, `dateUpdated`, `uid`) VALUES
 ('1', '1', 'RecentEntries', '1', NULL, NULL, '0', '2015-09-26 20:53:27', '2015-12-09 23:16:58', '7f62c6fa-038c-4826-8b46-ff5ec5bdc847'),
 ('2', '1', 'GetHelp', '2', NULL, NULL, '1', '2015-09-26 20:53:27', '2015-09-26 20:53:27', 'da74255c-d9cd-421c-9ed8-70f63999aa79'),
 ('3', '1', 'Updates', '3', NULL, NULL, '1', '2015-09-26 20:53:27', '2015-09-26 20:53:27', '5404e0d3-b670-46b5-a198-dd044f1324e6'),
 ('4', '1', 'Feed', '4', NULL, '{\"url\":\"https:\\/\\/craftcms.com\\/news.rss\",\"title\":\"Craft News\"}', '1', '2015-09-26 20:53:27', '2015-12-09 21:04:19', '66a7ca4c-9765-46f9-8275-1cef1d7abd72'),
 ('5', '1', 'RecentEntries', '5', NULL, '{\"section\":\"3\",\"limit\":\"10\"}', '1', '2015-12-09 23:16:44', '2015-12-09 23:17:02', '9f411fa4-d870-4353-a6fa-12c7d2310a94');


--
-- Constraints for tables
--


--
-- Constraints for table `4y2e9_assetfiles`
--
ALTER TABLE `4y2e9_assetfiles`
	ADD CONSTRAINT `4y2e9_assetfiles_folderId_fk` FOREIGN KEY (`folderId`) REFERENCES `4y2e9_assetfolders` (`id`) ON DELETE CASCADE,
	ADD CONSTRAINT `4y2e9_assetfiles_id_fk` FOREIGN KEY (`id`) REFERENCES `4y2e9_elements` (`id`) ON DELETE CASCADE,
	ADD CONSTRAINT `4y2e9_assetfiles_sourceId_fk` FOREIGN KEY (`sourceId`) REFERENCES `4y2e9_assetsources` (`id`) ON DELETE CASCADE;

--
-- Constraints for table `4y2e9_assetfolders`
--
ALTER TABLE `4y2e9_assetfolders`
	ADD CONSTRAINT `4y2e9_assetfolders_parentId_fk` FOREIGN KEY (`parentId`) REFERENCES `4y2e9_assetfolders` (`id`) ON DELETE CASCADE,
	ADD CONSTRAINT `4y2e9_assetfolders_sourceId_fk` FOREIGN KEY (`sourceId`) REFERENCES `4y2e9_assetsources` (`id`) ON DELETE CASCADE;

--
-- Constraints for table `4y2e9_assetindexdata`
--
ALTER TABLE `4y2e9_assetindexdata`
	ADD CONSTRAINT `4y2e9_assetindexdata_sourceId_fk` FOREIGN KEY (`sourceId`) REFERENCES `4y2e9_assetsources` (`id`) ON DELETE CASCADE;

--
-- Constraints for table `4y2e9_assetsources`
--
ALTER TABLE `4y2e9_assetsources`
	ADD CONSTRAINT `4y2e9_assetsources_fieldLayoutId_fk` FOREIGN KEY (`fieldLayoutId`) REFERENCES `4y2e9_fieldlayouts` (`id`) ON DELETE SET NULL;

--
-- Constraints for table `4y2e9_categories`
--
ALTER TABLE `4y2e9_categories`
	ADD CONSTRAINT `4y2e9_categories_groupId_fk` FOREIGN KEY (`groupId`) REFERENCES `4y2e9_categorygroups` (`id`) ON DELETE CASCADE,
	ADD CONSTRAINT `4y2e9_categories_id_fk` FOREIGN KEY (`id`) REFERENCES `4y2e9_elements` (`id`) ON DELETE CASCADE;

--
-- Constraints for table `4y2e9_categorygroups`
--
ALTER TABLE `4y2e9_categorygroups`
	ADD CONSTRAINT `4y2e9_categorygroups_fieldLayoutId_fk` FOREIGN KEY (`fieldLayoutId`) REFERENCES `4y2e9_fieldlayouts` (`id`) ON DELETE SET NULL,
	ADD CONSTRAINT `4y2e9_categorygroups_structureId_fk` FOREIGN KEY (`structureId`) REFERENCES `4y2e9_structures` (`id`) ON DELETE CASCADE;

--
-- Constraints for table `4y2e9_categorygroups_i18n`
--
ALTER TABLE `4y2e9_categorygroups_i18n`
	ADD CONSTRAINT `4y2e9_categorygroups_i18n_groupId_fk` FOREIGN KEY (`groupId`) REFERENCES `4y2e9_categorygroups` (`id`) ON DELETE CASCADE,
	ADD CONSTRAINT `4y2e9_categorygroups_i18n_locale_fk` FOREIGN KEY (`locale`) REFERENCES `4y2e9_locales` (`locale`) ON DELETE CASCADE ON UPDATE CASCADE;

--
-- Constraints for table `4y2e9_content`
--
ALTER TABLE `4y2e9_content`
	ADD CONSTRAINT `4y2e9_content_elementId_fk` FOREIGN KEY (`elementId`) REFERENCES `4y2e9_elements` (`id`) ON DELETE CASCADE,
	ADD CONSTRAINT `4y2e9_content_locale_fk` FOREIGN KEY (`locale`) REFERENCES `4y2e9_locales` (`locale`) ON DELETE CASCADE ON UPDATE CASCADE;

--
-- Constraints for table `4y2e9_elements_i18n`
--
ALTER TABLE `4y2e9_elements_i18n`
	ADD CONSTRAINT `4y2e9_elements_i18n_elementId_fk` FOREIGN KEY (`elementId`) REFERENCES `4y2e9_elements` (`id`) ON DELETE CASCADE,
	ADD CONSTRAINT `4y2e9_elements_i18n_locale_fk` FOREIGN KEY (`locale`) REFERENCES `4y2e9_locales` (`locale`) ON DELETE CASCADE ON UPDATE CASCADE;

--
-- Constraints for table `4y2e9_emailmessages`
--
ALTER TABLE `4y2e9_emailmessages`
	ADD CONSTRAINT `4y2e9_emailmessages_locale_fk` FOREIGN KEY (`locale`) REFERENCES `4y2e9_locales` (`locale`) ON DELETE CASCADE ON UPDATE CASCADE;

--
-- Constraints for table `4y2e9_entries`
--
ALTER TABLE `4y2e9_entries`
	ADD CONSTRAINT `4y2e9_entries_authorId_fk` FOREIGN KEY (`authorId`) REFERENCES `4y2e9_users` (`id`) ON DELETE CASCADE,
	ADD CONSTRAINT `4y2e9_entries_id_fk` FOREIGN KEY (`id`) REFERENCES `4y2e9_elements` (`id`) ON DELETE CASCADE,
	ADD CONSTRAINT `4y2e9_entries_sectionId_fk` FOREIGN KEY (`sectionId`) REFERENCES `4y2e9_sections` (`id`) ON DELETE CASCADE,
	ADD CONSTRAINT `4y2e9_entries_typeId_fk` FOREIGN KEY (`typeId`) REFERENCES `4y2e9_entrytypes` (`id`) ON DELETE CASCADE;

--
-- Constraints for table `4y2e9_entrydrafts`
--
ALTER TABLE `4y2e9_entrydrafts`
	ADD CONSTRAINT `4y2e9_entrydrafts_creatorId_fk` FOREIGN KEY (`creatorId`) REFERENCES `4y2e9_users` (`id`) ON DELETE CASCADE,
	ADD CONSTRAINT `4y2e9_entrydrafts_entryId_fk` FOREIGN KEY (`entryId`) REFERENCES `4y2e9_entries` (`id`) ON DELETE CASCADE,
	ADD CONSTRAINT `4y2e9_entrydrafts_locale_fk` FOREIGN KEY (`locale`) REFERENCES `4y2e9_locales` (`locale`) ON DELETE CASCADE ON UPDATE CASCADE,
	ADD CONSTRAINT `4y2e9_entrydrafts_sectionId_fk` FOREIGN KEY (`sectionId`) REFERENCES `4y2e9_sections` (`id`) ON DELETE CASCADE;

--
-- Constraints for table `4y2e9_entrytypes`
--
ALTER TABLE `4y2e9_entrytypes`
	ADD CONSTRAINT `4y2e9_entrytypes_fieldLayoutId_fk` FOREIGN KEY (`fieldLayoutId`) REFERENCES `4y2e9_fieldlayouts` (`id`) ON DELETE SET NULL,
	ADD CONSTRAINT `4y2e9_entrytypes_sectionId_fk` FOREIGN KEY (`sectionId`) REFERENCES `4y2e9_sections` (`id`) ON DELETE CASCADE;

--
-- Constraints for table `4y2e9_entryversions`
--
ALTER TABLE `4y2e9_entryversions`
	ADD CONSTRAINT `4y2e9_entryversions_creatorId_fk` FOREIGN KEY (`creatorId`) REFERENCES `4y2e9_users` (`id`) ON DELETE SET NULL,
	ADD CONSTRAINT `4y2e9_entryversions_entryId_fk` FOREIGN KEY (`entryId`) REFERENCES `4y2e9_entries` (`id`) ON DELETE CASCADE,
	ADD CONSTRAINT `4y2e9_entryversions_locale_fk` FOREIGN KEY (`locale`) REFERENCES `4y2e9_locales` (`locale`) ON DELETE CASCADE ON UPDATE CASCADE,
	ADD CONSTRAINT `4y2e9_entryversions_sectionId_fk` FOREIGN KEY (`sectionId`) REFERENCES `4y2e9_sections` (`id`) ON DELETE CASCADE;

--
-- Constraints for table `4y2e9_fieldlayoutfields`
--
ALTER TABLE `4y2e9_fieldlayoutfields`
	ADD CONSTRAINT `4y2e9_fieldlayoutfields_fieldId_fk` FOREIGN KEY (`fieldId`) REFERENCES `4y2e9_fields` (`id`) ON DELETE CASCADE,
	ADD CONSTRAINT `4y2e9_fieldlayoutfields_layoutId_fk` FOREIGN KEY (`layoutId`) REFERENCES `4y2e9_fieldlayouts` (`id`) ON DELETE CASCADE,
	ADD CONSTRAINT `4y2e9_fieldlayoutfields_tabId_fk` FOREIGN KEY (`tabId`) REFERENCES `4y2e9_fieldlayouttabs` (`id`) ON DELETE CASCADE;

--
-- Constraints for table `4y2e9_fieldlayouttabs`
--
ALTER TABLE `4y2e9_fieldlayouttabs`
	ADD CONSTRAINT `4y2e9_fieldlayouttabs_layoutId_fk` FOREIGN KEY (`layoutId`) REFERENCES `4y2e9_fieldlayouts` (`id`) ON DELETE CASCADE;

--
-- Constraints for table `4y2e9_fields`
--
ALTER TABLE `4y2e9_fields`
	ADD CONSTRAINT `4y2e9_fields_groupId_fk` FOREIGN KEY (`groupId`) REFERENCES `4y2e9_fieldgroups` (`id`) ON DELETE CASCADE;

--
-- Constraints for table `4y2e9_globalsets`
--
ALTER TABLE `4y2e9_globalsets`
	ADD CONSTRAINT `4y2e9_globalsets_fieldLayoutId_fk` FOREIGN KEY (`fieldLayoutId`) REFERENCES `4y2e9_fieldlayouts` (`id`) ON DELETE SET NULL,
	ADD CONSTRAINT `4y2e9_globalsets_id_fk` FOREIGN KEY (`id`) REFERENCES `4y2e9_elements` (`id`) ON DELETE CASCADE;

--
-- Constraints for table `4y2e9_matrixblocks`
--
ALTER TABLE `4y2e9_matrixblocks`
	ADD CONSTRAINT `4y2e9_matrixblocks_fieldId_fk` FOREIGN KEY (`fieldId`) REFERENCES `4y2e9_fields` (`id`) ON DELETE CASCADE,
	ADD CONSTRAINT `4y2e9_matrixblocks_id_fk` FOREIGN KEY (`id`) REFERENCES `4y2e9_elements` (`id`) ON DELETE CASCADE,
	ADD CONSTRAINT `4y2e9_matrixblocks_ownerId_fk` FOREIGN KEY (`ownerId`) REFERENCES `4y2e9_elements` (`id`) ON DELETE CASCADE,
	ADD CONSTRAINT `4y2e9_matrixblocks_ownerLocale_fk` FOREIGN KEY (`ownerLocale`) REFERENCES `4y2e9_locales` (`locale`) ON DELETE CASCADE ON UPDATE CASCADE,
	ADD CONSTRAINT `4y2e9_matrixblocks_typeId_fk` FOREIGN KEY (`typeId`) REFERENCES `4y2e9_matrixblocktypes` (`id`) ON DELETE CASCADE;

--
-- Constraints for table `4y2e9_matrixblocktypes`
--
ALTER TABLE `4y2e9_matrixblocktypes`
	ADD CONSTRAINT `4y2e9_matrixblocktypes_fieldId_fk` FOREIGN KEY (`fieldId`) REFERENCES `4y2e9_fields` (`id`) ON DELETE CASCADE,
	ADD CONSTRAINT `4y2e9_matrixblocktypes_fieldLayoutId_fk` FOREIGN KEY (`fieldLayoutId`) REFERENCES `4y2e9_fieldlayouts` (`id`) ON DELETE SET NULL;

--
-- Constraints for table `4y2e9_matrixcontent_pagelayout`
--
ALTER TABLE `4y2e9_matrixcontent_pagelayout`
	ADD CONSTRAINT `4y2e9_matrixcontent_pagelayout_elementId_fk` FOREIGN KEY (`elementId`) REFERENCES `4y2e9_elements` (`id`) ON DELETE CASCADE,
	ADD CONSTRAINT `4y2e9_matrixcontent_pagelayout_locale_fk` FOREIGN KEY (`locale`) REFERENCES `4y2e9_locales` (`locale`) ON DELETE CASCADE ON UPDATE CASCADE;

--
-- Constraints for table `4y2e9_migrations`
--
ALTER TABLE `4y2e9_migrations`
	ADD CONSTRAINT `4y2e9_migrations_pluginId_fk` FOREIGN KEY (`pluginId`) REFERENCES `4y2e9_plugins` (`id`) ON DELETE CASCADE;

--
-- Constraints for table `4y2e9_relations`
--
ALTER TABLE `4y2e9_relations`
	ADD CONSTRAINT `4y2e9_relations_fieldId_fk` FOREIGN KEY (`fieldId`) REFERENCES `4y2e9_fields` (`id`) ON DELETE CASCADE,
	ADD CONSTRAINT `4y2e9_relations_sourceId_fk` FOREIGN KEY (`sourceId`) REFERENCES `4y2e9_elements` (`id`) ON DELETE CASCADE,
	ADD CONSTRAINT `4y2e9_relations_sourceLocale_fk` FOREIGN KEY (`sourceLocale`) REFERENCES `4y2e9_locales` (`locale`) ON DELETE CASCADE ON UPDATE CASCADE,
	ADD CONSTRAINT `4y2e9_relations_targetId_fk` FOREIGN KEY (`targetId`) REFERENCES `4y2e9_elements` (`id`) ON DELETE CASCADE;

--
-- Constraints for table `4y2e9_routes`
--
ALTER TABLE `4y2e9_routes`
	ADD CONSTRAINT `4y2e9_routes_locale_fk` FOREIGN KEY (`locale`) REFERENCES `4y2e9_locales` (`locale`) ON DELETE CASCADE ON UPDATE CASCADE;

--
-- Constraints for table `4y2e9_sections`
--
ALTER TABLE `4y2e9_sections`
	ADD CONSTRAINT `4y2e9_sections_structureId_fk` FOREIGN KEY (`structureId`) REFERENCES `4y2e9_structures` (`id`) ON DELETE SET NULL;

--
-- Constraints for table `4y2e9_sections_i18n`
--
ALTER TABLE `4y2e9_sections_i18n`
	ADD CONSTRAINT `4y2e9_sections_i18n_locale_fk` FOREIGN KEY (`locale`) REFERENCES `4y2e9_locales` (`locale`) ON DELETE CASCADE ON UPDATE CASCADE,
	ADD CONSTRAINT `4y2e9_sections_i18n_sectionId_fk` FOREIGN KEY (`sectionId`) REFERENCES `4y2e9_sections` (`id`) ON DELETE CASCADE;

--
-- Constraints for table `4y2e9_sessions`
--
ALTER TABLE `4y2e9_sessions`
	ADD CONSTRAINT `4y2e9_sessions_userId_fk` FOREIGN KEY (`userId`) REFERENCES `4y2e9_users` (`id`) ON DELETE CASCADE;

--
-- Constraints for table `4y2e9_shunnedmessages`
--
ALTER TABLE `4y2e9_shunnedmessages`
	ADD CONSTRAINT `4y2e9_shunnedmessages_userId_fk` FOREIGN KEY (`userId`) REFERENCES `4y2e9_users` (`id`) ON DELETE CASCADE;

--
-- Constraints for table `4y2e9_structureelements`
--
ALTER TABLE `4y2e9_structureelements`
	ADD CONSTRAINT `4y2e9_structureelements_elementId_fk` FOREIGN KEY (`elementId`) REFERENCES `4y2e9_elements` (`id`) ON DELETE CASCADE,
	ADD CONSTRAINT `4y2e9_structureelements_structureId_fk` FOREIGN KEY (`structureId`) REFERENCES `4y2e9_structures` (`id`) ON DELETE CASCADE;

--
-- Constraints for table `4y2e9_supertableblocks`
--
ALTER TABLE `4y2e9_supertableblocks`
	ADD CONSTRAINT `4y2e9_supertableblocks_fieldId_fk` FOREIGN KEY (`fieldId`) REFERENCES `4y2e9_fields` (`id`) ON DELETE CASCADE,
	ADD CONSTRAINT `4y2e9_supertableblocks_id_fk` FOREIGN KEY (`id`) REFERENCES `4y2e9_elements` (`id`) ON DELETE CASCADE,
	ADD CONSTRAINT `4y2e9_supertableblocks_ownerId_fk` FOREIGN KEY (`ownerId`) REFERENCES `4y2e9_elements` (`id`) ON DELETE CASCADE,
	ADD CONSTRAINT `4y2e9_supertableblocks_ownerLocale_fk` FOREIGN KEY (`ownerLocale`) REFERENCES `4y2e9_locales` (`locale`) ON DELETE CASCADE ON UPDATE CASCADE,
	ADD CONSTRAINT `4y2e9_supertableblocks_typeId_fk` FOREIGN KEY (`typeId`) REFERENCES `4y2e9_supertableblocktypes` (`id`) ON DELETE CASCADE;

--
-- Constraints for table `4y2e9_supertableblocktypes`
--
ALTER TABLE `4y2e9_supertableblocktypes`
	ADD CONSTRAINT `4y2e9_supertableblocktypes_fieldId_fk` FOREIGN KEY (`fieldId`) REFERENCES `4y2e9_fields` (`id`) ON DELETE CASCADE,
	ADD CONSTRAINT `4y2e9_supertableblocktypes_fieldLayoutId_fk` FOREIGN KEY (`fieldLayoutId`) REFERENCES `4y2e9_fieldlayouts` (`id`) ON DELETE SET NULL;

--
-- Constraints for table `4y2e9_supertablecontent_7_tabs`
--
ALTER TABLE `4y2e9_supertablecontent_7_tabs`
	ADD CONSTRAINT `4y2e9_supertablecontent_7_tabs_elementId_fk` FOREIGN KEY (`elementId`) REFERENCES `4y2e9_elements` (`id`) ON DELETE CASCADE,
	ADD CONSTRAINT `4y2e9_supertablecontent_7_tabs_locale_fk` FOREIGN KEY (`locale`) REFERENCES `4y2e9_locales` (`locale`) ON DELETE CASCADE ON UPDATE CASCADE;

--
-- Constraints for table `4y2e9_supertablecontent_8_features`
--
ALTER TABLE `4y2e9_supertablecontent_8_features`
	ADD CONSTRAINT `4y2e9_supertablecontent_8_features_elementId_fk` FOREIGN KEY (`elementId`) REFERENCES `4y2e9_elements` (`id`) ON DELETE CASCADE,
	ADD CONSTRAINT `4y2e9_supertablecontent_8_features_locale_fk` FOREIGN KEY (`locale`) REFERENCES `4y2e9_locales` (`locale`) ON DELETE CASCADE ON UPDATE CASCADE;

--
-- Constraints for table `4y2e9_taggroups`
--
ALTER TABLE `4y2e9_taggroups`
	ADD CONSTRAINT `4y2e9_taggroups_fieldLayoutId_fk` FOREIGN KEY (`fieldLayoutId`) REFERENCES `4y2e9_fieldlayouts` (`id`) ON DELETE SET NULL;

--
-- Constraints for table `4y2e9_tags`
--
ALTER TABLE `4y2e9_tags`
	ADD CONSTRAINT `4y2e9_tags_groupId_fk` FOREIGN KEY (`groupId`) REFERENCES `4y2e9_taggroups` (`id`) ON DELETE CASCADE,
	ADD CONSTRAINT `4y2e9_tags_id_fk` FOREIGN KEY (`id`) REFERENCES `4y2e9_elements` (`id`) ON DELETE CASCADE;

--
-- Constraints for table `4y2e9_templatecachecriteria`
--
ALTER TABLE `4y2e9_templatecachecriteria`
	ADD CONSTRAINT `4y2e9_templatecachecriteria_cacheId_fk` FOREIGN KEY (`cacheId`) REFERENCES `4y2e9_templatecaches` (`id`) ON DELETE CASCADE;

--
-- Constraints for table `4y2e9_templatecacheelements`
--
ALTER TABLE `4y2e9_templatecacheelements`
	ADD CONSTRAINT `4y2e9_templatecacheelements_cacheId_fk` FOREIGN KEY (`cacheId`) REFERENCES `4y2e9_templatecaches` (`id`) ON DELETE CASCADE,
	ADD CONSTRAINT `4y2e9_templatecacheelements_elementId_fk` FOREIGN KEY (`elementId`) REFERENCES `4y2e9_elements` (`id`) ON DELETE CASCADE;

--
-- Constraints for table `4y2e9_templatecaches`
--
ALTER TABLE `4y2e9_templatecaches`
	ADD CONSTRAINT `4y2e9_templatecaches_locale_fk` FOREIGN KEY (`locale`) REFERENCES `4y2e9_locales` (`locale`) ON DELETE CASCADE ON UPDATE CASCADE;

--
-- Constraints for table `4y2e9_usergroups_users`
--
ALTER TABLE `4y2e9_usergroups_users`
	ADD CONSTRAINT `4y2e9_usergroups_users_groupId_fk` FOREIGN KEY (`groupId`) REFERENCES `4y2e9_usergroups` (`id`) ON DELETE CASCADE,
	ADD CONSTRAINT `4y2e9_usergroups_users_userId_fk` FOREIGN KEY (`userId`) REFERENCES `4y2e9_users` (`id`) ON DELETE CASCADE;

--
-- Constraints for table `4y2e9_userpermissions_usergroups`
--
ALTER TABLE `4y2e9_userpermissions_usergroups`
	ADD CONSTRAINT `4y2e9_userpermissions_usergroups_groupId_fk` FOREIGN KEY (`groupId`) REFERENCES `4y2e9_usergroups` (`id`) ON DELETE CASCADE,
	ADD CONSTRAINT `4y2e9_userpermissions_usergroups_permissionId_fk` FOREIGN KEY (`permissionId`) REFERENCES `4y2e9_userpermissions` (`id`) ON DELETE CASCADE;

--
-- Constraints for table `4y2e9_userpermissions_users`
--
ALTER TABLE `4y2e9_userpermissions_users`
	ADD CONSTRAINT `4y2e9_userpermissions_users_permissionId_fk` FOREIGN KEY (`permissionId`) REFERENCES `4y2e9_userpermissions` (`id`) ON DELETE CASCADE,
	ADD CONSTRAINT `4y2e9_userpermissions_users_userId_fk` FOREIGN KEY (`userId`) REFERENCES `4y2e9_users` (`id`) ON DELETE CASCADE;

--
-- Constraints for table `4y2e9_users`
--
ALTER TABLE `4y2e9_users`
	ADD CONSTRAINT `4y2e9_users_id_fk` FOREIGN KEY (`id`) REFERENCES `4y2e9_elements` (`id`) ON DELETE CASCADE,
	ADD CONSTRAINT `4y2e9_users_preferredLocale_fk` FOREIGN KEY (`preferredLocale`) REFERENCES `4y2e9_locales` (`locale`) ON DELETE SET NULL ON UPDATE CASCADE;

--
-- Constraints for table `4y2e9_widgets`
--
ALTER TABLE `4y2e9_widgets`
	ADD CONSTRAINT `4y2e9_widgets_userId_fk` FOREIGN KEY (`userId`) REFERENCES `4y2e9_users` (`id`) ON DELETE CASCADE;

SET FOREIGN_KEY_CHECKS = 1;
