-- Generated by Craft v2.4.2696 on Oct 17, 2015, 1:26:49 PM.

--
-- Disable foreign key checks and autocommit.
--

SET FOREIGN_KEY_CHECKS = 0;
SET SQL_MODE = "NO_AUTO_VALUE_ON_ZERO";
SET AUTOCOMMIT = 0;
SET NAMES utf8;


DROP TABLE IF EXISTS `4y2e9_assetfiles`;


--
-- Schema for table `4y2e9_assetfiles`
--
CREATE TABLE `4y2e9_assetfiles` (
  `id` int(11) NOT NULL,
  `sourceId` int(11) DEFAULT NULL,
  `folderId` int(11) NOT NULL,
  `filename` varchar(255) COLLATE utf8_unicode_ci NOT NULL,
  `kind` varchar(50) COLLATE utf8_unicode_ci NOT NULL DEFAULT 'unknown',
  `width` smallint(6) unsigned DEFAULT NULL,
  `height` smallint(6) unsigned DEFAULT NULL,
  `size` int(11) unsigned DEFAULT NULL,
  `dateModified` datetime DEFAULT NULL,
  `dateCreated` datetime NOT NULL,
  `dateUpdated` datetime NOT NULL,
  `uid` char(36) COLLATE utf8_unicode_ci NOT NULL DEFAULT '0',
  PRIMARY KEY (`id`),
  UNIQUE KEY `4y2e9_assetfiles_filename_folderId_unq_idx` (`filename`,`folderId`),
  KEY `4y2e9_assetfiles_sourceId_fk` (`sourceId`),
  KEY `4y2e9_assetfiles_folderId_fk` (`folderId`)
) ENGINE=InnoDB DEFAULT CHARSET=utf8 COLLATE=utf8_unicode_ci;

--
-- Data for table `4y2e9_assetfiles`
--

INSERT INTO `4y2e9_assetfiles` (`id`, `sourceId`, `folderId`, `filename`, `kind`, `width`, `height`, `size`, `dateModified`, `dateCreated`, `dateUpdated`, `uid`) VALUES ('4', '1', '1', 'stock-photo-27046268-steady-hands-for-a-delicate-procedure.jpg', 'image', '556', '370', '22529', '2015-10-03 15:07:35', '2015-10-03 15:07:35', '2015-10-03 15:07:35', '4f23e3c0-9cc3-4ed7-859f-9cba6a903db3');
INSERT INTO `4y2e9_assetfiles` (`id`, `sourceId`, `folderId`, `filename`, `kind`, `width`, `height`, `size`, `dateModified`, `dateCreated`, `dateUpdated`, `uid`) VALUES ('21', '1', '1', 'Disk_cropped-1617373_220x165.jpg', 'image', '220', '165', '14571', '2015-10-03 23:08:36', '2015-10-03 23:08:36', '2015-10-03 23:08:36', 'ffd693ff-bd77-4603-ac5e-bd40510dee89');



DROP TABLE IF EXISTS `4y2e9_assetfolders`;


--
-- Schema for table `4y2e9_assetfolders`
--
CREATE TABLE `4y2e9_assetfolders` (
  `id` int(11) NOT NULL AUTO_INCREMENT,
  `parentId` int(11) DEFAULT NULL,
  `sourceId` int(11) DEFAULT NULL,
  `name` varchar(255) COLLATE utf8_unicode_ci NOT NULL,
  `path` varchar(255) COLLATE utf8_unicode_ci DEFAULT NULL,
  `dateCreated` datetime NOT NULL,
  `dateUpdated` datetime NOT NULL,
  `uid` char(36) COLLATE utf8_unicode_ci NOT NULL DEFAULT '0',
  PRIMARY KEY (`id`),
  UNIQUE KEY `4y2e9_assetfolders_name_parentId_sourceId_unq_idx` (`name`,`parentId`,`sourceId`),
  KEY `4y2e9_assetfolders_parentId_fk` (`parentId`),
  KEY `4y2e9_assetfolders_sourceId_fk` (`sourceId`)
) ENGINE=InnoDB AUTO_INCREMENT=2 DEFAULT CHARSET=utf8 COLLATE=utf8_unicode_ci;

--
-- Data for table `4y2e9_assetfolders`
--

INSERT INTO `4y2e9_assetfolders` (`id`, `parentId`, `sourceId`, `name`, `path`, `dateCreated`, `dateUpdated`, `uid`) VALUES ('1', NULL, '1', 'Uploads Folder', '', '2015-10-03 14:27:43', '2015-10-03 14:34:12', '1deef921-d76d-40e8-8313-e51161f3d1f5');



DROP TABLE IF EXISTS `4y2e9_assetindexdata`;


--
-- Schema for table `4y2e9_assetindexdata`
--
CREATE TABLE `4y2e9_assetindexdata` (
  `id` int(11) NOT NULL AUTO_INCREMENT,
  `sessionId` varchar(36) COLLATE utf8_unicode_ci NOT NULL DEFAULT '',
  `sourceId` int(11) NOT NULL,
  `offset` int(11) NOT NULL,
  `uri` varchar(255) COLLATE utf8_unicode_ci DEFAULT NULL,
  `size` int(11) DEFAULT NULL,
  `recordId` int(11) DEFAULT NULL,
  `dateCreated` datetime NOT NULL,
  `dateUpdated` datetime NOT NULL,
  `uid` char(36) COLLATE utf8_unicode_ci NOT NULL DEFAULT '0',
  PRIMARY KEY (`id`),
  UNIQUE KEY `4y2e9_assetindexdata_sessionId_sourceId_offset_unq_idx` (`sessionId`,`sourceId`,`offset`),
  KEY `4y2e9_assetindexdata_sourceId_fk` (`sourceId`)
) ENGINE=InnoDB DEFAULT CHARSET=utf8 COLLATE=utf8_unicode_ci;

DROP TABLE IF EXISTS `4y2e9_assetsources`;


--
-- Schema for table `4y2e9_assetsources`
--
CREATE TABLE `4y2e9_assetsources` (
  `id` int(11) NOT NULL AUTO_INCREMENT,
  `name` varchar(255) COLLATE utf8_unicode_ci NOT NULL,
  `handle` varchar(255) COLLATE utf8_unicode_ci NOT NULL,
  `type` varchar(150) COLLATE utf8_unicode_ci NOT NULL,
  `settings` text COLLATE utf8_unicode_ci,
  `sortOrder` tinyint(4) DEFAULT NULL,
  `fieldLayoutId` int(11) DEFAULT NULL,
  `dateCreated` datetime NOT NULL,
  `dateUpdated` datetime NOT NULL,
  `uid` char(36) COLLATE utf8_unicode_ci NOT NULL DEFAULT '0',
  PRIMARY KEY (`id`),
  UNIQUE KEY `4y2e9_assetsources_name_unq_idx` (`name`),
  UNIQUE KEY `4y2e9_assetsources_handle_unq_idx` (`handle`),
  KEY `4y2e9_assetsources_fieldLayoutId_fk` (`fieldLayoutId`)
) ENGINE=InnoDB AUTO_INCREMENT=2 DEFAULT CHARSET=utf8 COLLATE=utf8_unicode_ci;

--
-- Data for table `4y2e9_assetsources`
--

INSERT INTO `4y2e9_assetsources` (`id`, `name`, `handle`, `type`, `settings`, `sortOrder`, `fieldLayoutId`, `dateCreated`, `dateUpdated`, `uid`) VALUES ('1', 'Uploads Folder', 'uploadsFolder', 'Local', '{\"path\":\"uploads\\/\",\"url\":\"http:\\/\\/konnexis.dev\\/uploads\\/\"}', '1', '11', '2015-10-03 14:27:43', '2015-10-03 15:06:22', 'd66aa6e1-0477-4877-875b-f5db4ccf33cb');



DROP TABLE IF EXISTS `4y2e9_assettransformindex`;


--
-- Schema for table `4y2e9_assettransformindex`
--
CREATE TABLE `4y2e9_assettransformindex` (
  `id` int(11) NOT NULL AUTO_INCREMENT,
  `fileId` int(11) NOT NULL,
  `filename` varchar(255) COLLATE utf8_unicode_ci DEFAULT NULL,
  `format` varchar(255) COLLATE utf8_unicode_ci DEFAULT NULL,
  `location` varchar(255) COLLATE utf8_unicode_ci NOT NULL,
  `sourceId` int(11) DEFAULT NULL,
  `fileExists` tinyint(1) DEFAULT NULL,
  `inProgress` tinyint(1) DEFAULT NULL,
  `dateIndexed` datetime DEFAULT NULL,
  `dateCreated` datetime NOT NULL,
  `dateUpdated` datetime NOT NULL,
  `uid` char(36) COLLATE utf8_unicode_ci NOT NULL DEFAULT '0',
  PRIMARY KEY (`id`),
  KEY `4y2e9_assettransformindex_sourceId_fileId_location_idx` (`sourceId`,`fileId`,`location`)
) ENGINE=InnoDB AUTO_INCREMENT=8 DEFAULT CHARSET=utf8 COLLATE=utf8_unicode_ci;

DROP TABLE IF EXISTS `4y2e9_assettransforms`;


--
-- Schema for table `4y2e9_assettransforms`
--
CREATE TABLE `4y2e9_assettransforms` (
  `id` int(11) NOT NULL AUTO_INCREMENT,
  `name` varchar(255) COLLATE utf8_unicode_ci NOT NULL,
  `handle` varchar(255) COLLATE utf8_unicode_ci NOT NULL,
  `mode` enum('stretch','fit','crop') COLLATE utf8_unicode_ci NOT NULL DEFAULT 'crop',
  `position` enum('top-left','top-center','top-right','center-left','center-center','center-right','bottom-left','bottom-center','bottom-right') COLLATE utf8_unicode_ci NOT NULL DEFAULT 'center-center',
  `height` int(11) DEFAULT NULL,
  `width` int(11) DEFAULT NULL,
  `format` varchar(255) COLLATE utf8_unicode_ci DEFAULT NULL,
  `quality` int(11) DEFAULT NULL,
  `dimensionChangeTime` datetime DEFAULT NULL,
  `dateCreated` datetime NOT NULL,
  `dateUpdated` datetime NOT NULL,
  `uid` char(36) COLLATE utf8_unicode_ci NOT NULL DEFAULT '0',
  PRIMARY KEY (`id`),
  UNIQUE KEY `4y2e9_assettransforms_name_unq_idx` (`name`),
  UNIQUE KEY `4y2e9_assettransforms_handle_unq_idx` (`handle`)
) ENGINE=InnoDB AUTO_INCREMENT=4 DEFAULT CHARSET=utf8 COLLATE=utf8_unicode_ci;

--
-- Data for table `4y2e9_assettransforms`
--

INSERT INTO `4y2e9_assettransforms` (`id`, `name`, `handle`, `mode`, `position`, `height`, `width`, `format`, `quality`, `dimensionChangeTime`, `dateCreated`, `dateUpdated`, `uid`) VALUES ('1', 'Thumbnail', 'thumbnail', 'crop', 'center-center', '250', '250', NULL, '60', '2015-10-03 15:07:11', '2015-10-03 15:07:11', '2015-10-03 15:07:26', '66945716-e600-4a5d-829b-db87ce9b7326');
INSERT INTO `4y2e9_assettransforms` (`id`, `name`, `handle`, `mode`, `position`, `height`, `width`, `format`, `quality`, `dimensionChangeTime`, `dateCreated`, `dateUpdated`, `uid`) VALUES ('2', 'Blog Thumb', 'blogThumb', 'crop', 'center-center', '240', '440', NULL, NULL, '2015-10-03 23:12:54', '2015-10-03 23:12:54', '2015-10-03 23:12:54', '913b291a-d533-4c3e-837d-e4e4332cdfa5');
INSERT INTO `4y2e9_assettransforms` (`id`, `name`, `handle`, `mode`, `position`, `height`, `width`, `format`, `quality`, `dimensionChangeTime`, `dateCreated`, `dateUpdated`, `uid`) VALUES ('3', 'Full-Width', 'fullWidth', 'crop', 'center-center', '600', '2000', NULL, NULL, '2015-10-12 22:45:20', '2015-10-12 22:41:54', '2015-10-12 22:45:20', 'c483c0e4-b785-4b49-a166-5200d0a49922');



DROP TABLE IF EXISTS `4y2e9_categories`;


--
-- Schema for table `4y2e9_categories`
--
CREATE TABLE `4y2e9_categories` (
  `id` int(11) NOT NULL,
  `groupId` int(11) NOT NULL,
  `dateCreated` datetime NOT NULL,
  `dateUpdated` datetime NOT NULL,
  `uid` char(36) COLLATE utf8_unicode_ci NOT NULL DEFAULT '0',
  PRIMARY KEY (`id`),
  KEY `4y2e9_categories_groupId_fk` (`groupId`)
) ENGINE=InnoDB DEFAULT CHARSET=utf8 COLLATE=utf8_unicode_ci;

DROP TABLE IF EXISTS `4y2e9_categorygroups`;


--
-- Schema for table `4y2e9_categorygroups`
--
CREATE TABLE `4y2e9_categorygroups` (
  `id` int(11) NOT NULL AUTO_INCREMENT,
  `structureId` int(11) NOT NULL,
  `fieldLayoutId` int(11) DEFAULT NULL,
  `name` varchar(255) COLLATE utf8_unicode_ci NOT NULL,
  `handle` varchar(255) COLLATE utf8_unicode_ci NOT NULL,
  `hasUrls` tinyint(1) unsigned NOT NULL DEFAULT '1',
  `template` varchar(500) COLLATE utf8_unicode_ci DEFAULT NULL,
  `dateCreated` datetime NOT NULL,
  `dateUpdated` datetime NOT NULL,
  `uid` char(36) COLLATE utf8_unicode_ci NOT NULL DEFAULT '0',
  PRIMARY KEY (`id`),
  UNIQUE KEY `4y2e9_categorygroups_name_unq_idx` (`name`),
  UNIQUE KEY `4y2e9_categorygroups_handle_unq_idx` (`handle`),
  KEY `4y2e9_categorygroups_structureId_fk` (`structureId`),
  KEY `4y2e9_categorygroups_fieldLayoutId_fk` (`fieldLayoutId`)
) ENGINE=InnoDB DEFAULT CHARSET=utf8 COLLATE=utf8_unicode_ci;

DROP TABLE IF EXISTS `4y2e9_categorygroups_i18n`;


--
-- Schema for table `4y2e9_categorygroups_i18n`
--
CREATE TABLE `4y2e9_categorygroups_i18n` (
  `id` int(11) NOT NULL AUTO_INCREMENT,
  `groupId` int(11) NOT NULL,
  `locale` char(12) COLLATE utf8_unicode_ci NOT NULL,
  `urlFormat` varchar(255) COLLATE utf8_unicode_ci DEFAULT NULL,
  `nestedUrlFormat` varchar(255) COLLATE utf8_unicode_ci DEFAULT NULL,
  `dateCreated` datetime NOT NULL,
  `dateUpdated` datetime NOT NULL,
  `uid` char(36) COLLATE utf8_unicode_ci NOT NULL DEFAULT '0',
  PRIMARY KEY (`id`),
  UNIQUE KEY `4y2e9_categorygroups_i18n_groupId_locale_unq_idx` (`groupId`,`locale`),
  KEY `4y2e9_categorygroups_i18n_locale_fk` (`locale`)
) ENGINE=InnoDB DEFAULT CHARSET=utf8 COLLATE=utf8_unicode_ci;

DROP TABLE IF EXISTS `4y2e9_content`;


--
-- Schema for table `4y2e9_content`
--
CREATE TABLE `4y2e9_content` (
  `id` int(11) NOT NULL AUTO_INCREMENT,
  `elementId` int(11) NOT NULL,
  `locale` char(12) COLLATE utf8_unicode_ci NOT NULL,
  `title` varchar(255) COLLATE utf8_unicode_ci DEFAULT NULL,
  `field_body` text COLLATE utf8_unicode_ci,
  `field_tagline` varchar(140) COLLATE utf8_unicode_ci DEFAULT NULL,
  `field_taglineSubtext` text COLLATE utf8_unicode_ci,
  `field_caption` text COLLATE utf8_unicode_ci,
  `field_jobTitle` text COLLATE utf8_unicode_ci,
  `field_emailAddress` text COLLATE utf8_unicode_ci,
  `field_phoneNumber` text COLLATE utf8_unicode_ci,
  `field_address` text COLLATE utf8_unicode_ci,
  `field_twitterUrl` text COLLATE utf8_unicode_ci,
  `field_linkedinUrl` text COLLATE utf8_unicode_ci,
  `dateCreated` datetime NOT NULL,
  `dateUpdated` datetime NOT NULL,
  `uid` char(36) COLLATE utf8_unicode_ci NOT NULL DEFAULT '0',
  PRIMARY KEY (`id`),
  UNIQUE KEY `4y2e9_content_elementId_locale_unq_idx` (`elementId`,`locale`),
  KEY `4y2e9_content_title_idx` (`title`),
  KEY `4y2e9_content_locale_fk` (`locale`)
) ENGINE=InnoDB AUTO_INCREMENT=22 DEFAULT CHARSET=utf8 COLLATE=utf8_unicode_ci;

--
-- Data for table `4y2e9_content`
--

INSERT INTO `4y2e9_content` (`id`, `elementId`, `locale`, `title`, `field_body`, `field_tagline`, `field_taglineSubtext`, `field_caption`, `field_jobTitle`, `field_emailAddress`, `field_phoneNumber`, `field_address`, `field_twitterUrl`, `field_linkedinUrl`, `dateCreated`, `dateUpdated`, `uid`) VALUES ('1', '1', 'en_ca', NULL, NULL, NULL, NULL, NULL, NULL, NULL, NULL, NULL, NULL, NULL, '2015-09-26 20:51:47', '2015-09-26 20:51:47', '5067ca9b-e4f8-47f5-8e65-89aa43f4abbf');
INSERT INTO `4y2e9_content` (`id`, `elementId`, `locale`, `title`, `field_body`, `field_tagline`, `field_taglineSubtext`, `field_caption`, `field_jobTitle`, `field_emailAddress`, `field_phoneNumber`, `field_address`, `field_twitterUrl`, `field_linkedinUrl`, `dateCreated`, `dateUpdated`, `uid`) VALUES ('2', '2', 'en_ca', 'Konnexis', '<p>It’s true, this site doesn’t have a whole lot of content yet, but don’t worry. Our web developers have just installed the CMS, and they’re setting things up for the content editors this very moment. Soon Konnexis.dev will be an oasis of fresh perspectives, sharp analyses, and astute opinions that will keep you coming back again and again.</p>', 'Global Market Leaders in Sterilization Control and Monitoring Systems', 'Advanced monitoring solutions designed for the sterilization industry, for growth, production efficiency and the long term.', NULL, NULL, NULL, NULL, NULL, NULL, NULL, '2015-09-26 20:51:48', '2015-10-03 15:09:20', '6a7e834e-4619-423d-a8fe-a60013784d76');
INSERT INTO `4y2e9_content` (`id`, `elementId`, `locale`, `title`, `field_body`, `field_tagline`, `field_taglineSubtext`, `field_caption`, `field_jobTitle`, `field_emailAddress`, `field_phoneNumber`, `field_address`, `field_twitterUrl`, `field_linkedinUrl`, `dateCreated`, `dateUpdated`, `uid`) VALUES ('3', '3', 'en_ca', 'We just installed Craft!', '<p>Craft is the CMS that’s powering Konnexis.dev. It’s beautiful, powerful, flexible, and easy-to-use, and it’s made by Pixel & Tonic. We can’t wait to dive in and see what it’s capable of!</p><!--pagebreak--><p>This is even more captivating content, which you couldn’t see on the News index page because it was entered after a Page Break, and the News index template only likes to show the content on the first page.</p><p>Craft: a nice alternative to Word, if you’re making a website.</p>', NULL, NULL, NULL, NULL, NULL, NULL, NULL, NULL, NULL, '2015-09-26 20:51:49', '2015-10-03 23:14:07', '92cc1d6a-2e07-4253-b7d9-db2d9584e878');
INSERT INTO `4y2e9_content` (`id`, `elementId`, `locale`, `title`, `field_body`, `field_tagline`, `field_taglineSubtext`, `field_caption`, `field_jobTitle`, `field_emailAddress`, `field_phoneNumber`, `field_address`, `field_twitterUrl`, `field_linkedinUrl`, `dateCreated`, `dateUpdated`, `uid`) VALUES ('4', '4', 'en_ca', 'Home Header', NULL, NULL, NULL, '', NULL, NULL, NULL, NULL, NULL, NULL, '2015-10-03 15:07:35', '2015-10-03 15:07:49', '83f48ce3-98d1-496a-a1b0-bbae3664ece7');
INSERT INTO `4y2e9_content` (`id`, `elementId`, `locale`, `title`, `field_body`, `field_tagline`, `field_taglineSubtext`, `field_caption`, `field_jobTitle`, `field_emailAddress`, `field_phoneNumber`, `field_address`, `field_twitterUrl`, `field_linkedinUrl`, `dateCreated`, `dateUpdated`, `uid`) VALUES ('5', '5', 'en_ca', 'Medical Device Manufacturers', NULL, NULL, 'Konnexis helps you ensure that your products are efficiently and properly sterilized through integration of data management systems in Irradiator and chamber control. Our systems include product tracking, specification management, and process monitoring. We offer seamless integration with our customers’ MRP systems, providing enterprise-wide access to on-the-floor information in real time.', NULL, NULL, NULL, NULL, NULL, NULL, NULL, '2015-10-03 15:33:54', '2015-10-12 19:44:17', 'e80f4875-5b5f-4f87-a2cd-9cdbe7be10d7');
INSERT INTO `4y2e9_content` (`id`, `elementId`, `locale`, `title`, `field_body`, `field_tagline`, `field_taglineSubtext`, `field_caption`, `field_jobTitle`, `field_emailAddress`, `field_phoneNumber`, `field_address`, `field_twitterUrl`, `field_linkedinUrl`, `dateCreated`, `dateUpdated`, `uid`) VALUES ('6', '6', 'en_ca', 'Sterilization Services Contractors', NULL, NULL, 'Konnexis provides competitive advantage through affordable scalability through integration of data management in Irradiator and chamber control. Our systems include product tracking, specification management, and process monitoring. We offer seamless integration with our customers’ MRP systems, providing enterprise-wide access to on-the-floor information in real time.', NULL, NULL, NULL, NULL, NULL, NULL, NULL, '2015-10-03 15:34:10', '2015-10-12 19:43:59', '1a99290f-dfdc-423b-a959-08f0490e2b06');
INSERT INTO `4y2e9_content` (`id`, `elementId`, `locale`, `title`, `field_body`, `field_tagline`, `field_taglineSubtext`, `field_caption`, `field_jobTitle`, `field_emailAddress`, `field_phoneNumber`, `field_address`, `field_twitterUrl`, `field_linkedinUrl`, `dateCreated`, `dateUpdated`, `uid`) VALUES ('7', '7', 'en_ca', 'Products & Services', NULL, NULL, NULL, NULL, NULL, NULL, NULL, NULL, NULL, NULL, '2015-10-03 15:34:32', '2015-10-03 15:34:32', 'c4baed94-17d5-4434-844f-cbe337495423');
INSERT INTO `4y2e9_content` (`id`, `elementId`, `locale`, `title`, `field_body`, `field_tagline`, `field_taglineSubtext`, `field_caption`, `field_jobTitle`, `field_emailAddress`, `field_phoneNumber`, `field_address`, `field_twitterUrl`, `field_linkedinUrl`, `dateCreated`, `dateUpdated`, `uid`) VALUES ('8', '8', 'en_ca', 'AccuSOLO', NULL, NULL, NULL, NULL, NULL, NULL, NULL, NULL, NULL, NULL, '2015-10-03 15:34:54', '2015-10-03 15:34:54', 'f319c3de-b911-4344-8577-273965a512d2');
INSERT INTO `4y2e9_content` (`id`, `elementId`, `locale`, `title`, `field_body`, `field_tagline`, `field_taglineSubtext`, `field_caption`, `field_jobTitle`, `field_emailAddress`, `field_phoneNumber`, `field_address`, `field_twitterUrl`, `field_linkedinUrl`, `dateCreated`, `dateUpdated`, `uid`) VALUES ('9', '9', 'en_ca', 'KonnTRACK', NULL, NULL, NULL, NULL, NULL, NULL, NULL, NULL, NULL, NULL, '2015-10-03 15:35:41', '2015-10-03 15:35:41', '5bbc0382-bb66-485e-b08d-3ab1db7425c9');
INSERT INTO `4y2e9_content` (`id`, `elementId`, `locale`, `title`, `field_body`, `field_tagline`, `field_taglineSubtext`, `field_caption`, `field_jobTitle`, `field_emailAddress`, `field_phoneNumber`, `field_address`, `field_twitterUrl`, `field_linkedinUrl`, `dateCreated`, `dateUpdated`, `uid`) VALUES ('10', '10', 'en_ca', 'Consulting', NULL, NULL, NULL, NULL, NULL, NULL, NULL, NULL, NULL, NULL, '2015-10-03 15:36:12', '2015-10-03 15:36:12', 'b1424b83-24c4-44c0-a951-3cc72020a97b');
INSERT INTO `4y2e9_content` (`id`, `elementId`, `locale`, `title`, `field_body`, `field_tagline`, `field_taglineSubtext`, `field_caption`, `field_jobTitle`, `field_emailAddress`, `field_phoneNumber`, `field_address`, `field_twitterUrl`, `field_linkedinUrl`, `dateCreated`, `dateUpdated`, `uid`) VALUES ('11', '11', 'en_ca', 'Sterilization Methods', NULL, NULL, NULL, NULL, NULL, NULL, NULL, NULL, NULL, NULL, '2015-10-03 15:36:28', '2015-10-03 15:36:28', '31cbe06e-1ba4-4b85-8960-dc482e780a0c');
INSERT INTO `4y2e9_content` (`id`, `elementId`, `locale`, `title`, `field_body`, `field_tagline`, `field_taglineSubtext`, `field_caption`, `field_jobTitle`, `field_emailAddress`, `field_phoneNumber`, `field_address`, `field_twitterUrl`, `field_linkedinUrl`, `dateCreated`, `dateUpdated`, `uid`) VALUES ('12', '12', 'en_ca', 'Help Desk', NULL, NULL, NULL, NULL, NULL, NULL, NULL, NULL, NULL, NULL, '2015-10-03 15:36:40', '2015-10-03 15:36:40', 'c5d50888-e132-42e3-a5fc-75cd9db028c7');
INSERT INTO `4y2e9_content` (`id`, `elementId`, `locale`, `title`, `field_body`, `field_tagline`, `field_taglineSubtext`, `field_caption`, `field_jobTitle`, `field_emailAddress`, `field_phoneNumber`, `field_address`, `field_twitterUrl`, `field_linkedinUrl`, `dateCreated`, `dateUpdated`, `uid`) VALUES ('13', '13', 'en_ca', 'About Us', NULL, NULL, 'Originally from Slovakia, Peter Veselovsky came to Canada to study process engineering at the University of Toronto. As an avid skier he fell in love with Canadian winters and decided to stay. While working with Nordion leading their Irradiator Control Systems group and their Radiation Therapy Controls group he realized that the level of integration into large company systems was severely lacking. Peter believed that it was possible to integrate sterilization control systems with manufacturer’s complex work flows and still have highly effective and safe systems that would meet stringent regulatory standards. With this aim, Peter formed Konnexis in 2000 and now, with his hand picked team, provides control systems and integration services for sterilization systems of all kinds around the world.', NULL, NULL, NULL, NULL, NULL, NULL, NULL, '2015-10-03 15:36:49', '2015-10-12 19:42:28', '4cc639ce-af66-4c6a-b5a6-c36f973da0c3');
INSERT INTO `4y2e9_content` (`id`, `elementId`, `locale`, `title`, `field_body`, `field_tagline`, `field_taglineSubtext`, `field_caption`, `field_jobTitle`, `field_emailAddress`, `field_phoneNumber`, `field_address`, `field_twitterUrl`, `field_linkedinUrl`, `dateCreated`, `dateUpdated`, `uid`) VALUES ('14', '14', 'en_ca', 'Ron Nyegard', '<p>Konnexis continues to provide excellent consulting, system development, and end-user support services to STERIS Isomedix Services. With over a 6-year business relationship, we have used Konnexis resources for development and implementation of our ERP application, business-to-business web services, customer web portal, and various process control and monitoring systems for both gamma and ethylene oxide processing. Their system’s expertise has delivered innovative solutions to our business requirements, resulting in positive impacts on our daily operations and our overall customer satisfaction ratings.</p>', NULL, NULL, NULL, 'Director of Operations Systems Development at STERIS Isomedix Services', NULL, NULL, NULL, NULL, NULL, '2015-10-03 18:33:38', '2015-10-03 18:33:38', 'a36a794e-ec58-4b28-a9e0-5ec23c1a0d7d');
INSERT INTO `4y2e9_content` (`id`, `elementId`, `locale`, `title`, `field_body`, `field_tagline`, `field_taglineSubtext`, `field_caption`, `field_jobTitle`, `field_emailAddress`, `field_phoneNumber`, `field_address`, `field_twitterUrl`, `field_linkedinUrl`, `dateCreated`, `dateUpdated`, `uid`) VALUES ('15', '15', 'en_ca', NULL, NULL, NULL, NULL, NULL, NULL, 'sales@konnexis.com', '1-613-599-7371 x223', '300 March Road, Suite 102, Kanata, ON K2K 2E2', 'https://twitter.com/Konnexis', 'http://www.linkedin.com/company/konnexis', '2015-10-03 18:37:49', '2015-10-03 18:41:11', 'e03dbc54-1d2e-499b-a41c-00765e8aca84');
INSERT INTO `4y2e9_content` (`id`, `elementId`, `locale`, `title`, `field_body`, `field_tagline`, `field_taglineSubtext`, `field_caption`, `field_jobTitle`, `field_emailAddress`, `field_phoneNumber`, `field_address`, `field_twitterUrl`, `field_linkedinUrl`, `dateCreated`, `dateUpdated`, `uid`) VALUES ('16', '16', 'en_ca', 'Kitchen Sink', NULL, NULL, NULL, NULL, NULL, NULL, NULL, NULL, NULL, NULL, '2015-10-03 21:26:13', '2015-10-03 21:26:13', 'b3890c6d-5d5a-4672-be10-8bf87d53090f');
INSERT INTO `4y2e9_content` (`id`, `elementId`, `locale`, `title`, `field_body`, `field_tagline`, `field_taglineSubtext`, `field_caption`, `field_jobTitle`, `field_emailAddress`, `field_phoneNumber`, `field_address`, `field_twitterUrl`, `field_linkedinUrl`, `dateCreated`, `dateUpdated`, `uid`) VALUES ('17', '17', 'en_ca', 'Integrated Control Systems', '<p>Konnexis’ control systems do more than simply monitor your sterilization process.  This is because our systems are fully integrated with product tracking and process monitoring!  Read <a title=\"Why Konnexis?\" href=\"http://www.konnexis.com/why-integrate/\">About Us&gt;&gt;Why Konnexis?</a> to find out about the benefits of our systems.</p>', NULL, NULL, NULL, NULL, NULL, NULL, NULL, NULL, NULL, '2015-10-03 22:39:22', '2015-10-03 23:08:41', 'e34a107e-8150-4ee7-af0d-2feeef542223');
INSERT INTO `4y2e9_content` (`id`, `elementId`, `locale`, `title`, `field_body`, `field_tagline`, `field_taglineSubtext`, `field_caption`, `field_jobTitle`, `field_emailAddress`, `field_phoneNumber`, `field_address`, `field_twitterUrl`, `field_linkedinUrl`, `dateCreated`, `dateUpdated`, `uid`) VALUES ('18', '18', 'en_ca', 'test entry', '<p>Lorem ipsum dolor sit amet, consectetur adipisicing elit, sed do eiusmod tempor incididunt ut labore et dolore magna aliqua. Ut enim ad minim veniam, quis nostrud exercitation ullamco laboris nisi ut aliquip ex ea commodo consequat. Duis aute irure dolor in reprehenderit in voluptate velit esse cillum dolore eu fugiat nulla pariatur. Excepteur sint occaecat cupidatat non proident, sunt in culpa qui officia deserunt mollit anim id est laborum.</p>', NULL, NULL, NULL, NULL, NULL, NULL, NULL, NULL, NULL, '2015-10-03 22:56:20', '2015-10-03 23:13:53', '25fb6508-7ea3-434c-b441-6f3821c7397d');
INSERT INTO `4y2e9_content` (`id`, `elementId`, `locale`, `title`, `field_body`, `field_tagline`, `field_taglineSubtext`, `field_caption`, `field_jobTitle`, `field_emailAddress`, `field_phoneNumber`, `field_address`, `field_twitterUrl`, `field_linkedinUrl`, `dateCreated`, `dateUpdated`, `uid`) VALUES ('19', '19', 'en_ca', 'test 2', '<p>Lorem ipsum dolor sit amet, consectetur adipisicing elit, sed do eiusmod tempor incididunt ut labore et dolore magna aliqua. Ut enim ad minim veniam, quis nostrud exercitation ullamco laboris nisi ut aliquip ex ea commodo consequat. Duis aute irure dolor in reprehenderit in voluptate velit esse cillum dolore eu fugiat nulla pariatur. Excepteur sint occaecat cupidatat non proident, sunt in culpa qui officia deserunt mollit anim id est laborum.</p>', NULL, NULL, NULL, NULL, NULL, NULL, NULL, NULL, NULL, '2015-10-03 22:56:28', '2015-10-03 23:14:30', '0ab69061-be01-48b1-894d-671860cf2463');
INSERT INTO `4y2e9_content` (`id`, `elementId`, `locale`, `title`, `field_body`, `field_tagline`, `field_taglineSubtext`, `field_caption`, `field_jobTitle`, `field_emailAddress`, `field_phoneNumber`, `field_address`, `field_twitterUrl`, `field_linkedinUrl`, `dateCreated`, `dateUpdated`, `uid`) VALUES ('20', '20', 'en_ca', 'test 3', '<p>Lorem ipsum dolor sit amet, consectetur adipisicing elit, sed do eiusmod tempor incididunt ut labore et dolore magna aliqua. Ut enim ad minim veniam, quis nostrud exercitation ullamco laboris nisi ut aliquip ex ea commodo consequat. Duis aute irure dolor in reprehenderit in voluptate velit esse cillum dolore eu fugiat nulla pariatur. Excepteur sint occaecat cupidatat non proident, sunt in culpa qui officia deserunt mollit anim id est laborum.</p>', NULL, NULL, NULL, NULL, NULL, NULL, NULL, NULL, NULL, '2015-10-03 22:56:37', '2015-10-03 23:13:41', '0597f17a-b3e4-4f57-9746-62d34e8087a5');
INSERT INTO `4y2e9_content` (`id`, `elementId`, `locale`, `title`, `field_body`, `field_tagline`, `field_taglineSubtext`, `field_caption`, `field_jobTitle`, `field_emailAddress`, `field_phoneNumber`, `field_address`, `field_twitterUrl`, `field_linkedinUrl`, `dateCreated`, `dateUpdated`, `uid`) VALUES ('21', '21', 'en_ca', 'Disk cropped-1617373 220x165', NULL, NULL, NULL, NULL, NULL, NULL, NULL, NULL, NULL, NULL, '2015-10-03 23:08:36', '2015-10-03 23:08:36', 'd65fdeb4-6f60-4a35-b58b-4da68b0bb406');



DROP TABLE IF EXISTS `4y2e9_deprecationerrors`;


--
-- Schema for table `4y2e9_deprecationerrors`
--
CREATE TABLE `4y2e9_deprecationerrors` (
  `id` int(11) NOT NULL AUTO_INCREMENT,
  `key` varchar(255) COLLATE utf8_unicode_ci NOT NULL,
  `fingerprint` varchar(255) COLLATE utf8_unicode_ci NOT NULL,
  `lastOccurrence` datetime NOT NULL,
  `file` varchar(255) COLLATE utf8_unicode_ci NOT NULL,
  `line` smallint(6) unsigned NOT NULL,
  `class` varchar(255) COLLATE utf8_unicode_ci DEFAULT NULL,
  `method` varchar(255) COLLATE utf8_unicode_ci DEFAULT NULL,
  `template` varchar(255) COLLATE utf8_unicode_ci DEFAULT NULL,
  `templateLine` smallint(6) unsigned DEFAULT NULL,
  `message` varchar(255) COLLATE utf8_unicode_ci DEFAULT NULL,
  `traces` text COLLATE utf8_unicode_ci,
  `dateCreated` datetime NOT NULL,
  `dateUpdated` datetime NOT NULL,
  `uid` char(36) COLLATE utf8_unicode_ci NOT NULL DEFAULT '0',
  PRIMARY KEY (`id`),
  UNIQUE KEY `4y2e9_deprecationerrors_key_fingerprint_unq_idx` (`key`,`fingerprint`)
) ENGINE=InnoDB DEFAULT CHARSET=utf8 COLLATE=utf8_unicode_ci;

DROP TABLE IF EXISTS `4y2e9_elements`;


--
-- Schema for table `4y2e9_elements`
--
CREATE TABLE `4y2e9_elements` (
  `id` int(11) NOT NULL AUTO_INCREMENT,
  `type` varchar(150) COLLATE utf8_unicode_ci NOT NULL,
  `enabled` tinyint(1) unsigned NOT NULL DEFAULT '1',
  `archived` tinyint(1) unsigned NOT NULL DEFAULT '0',
  `dateCreated` datetime NOT NULL,
  `dateUpdated` datetime NOT NULL,
  `uid` char(36) COLLATE utf8_unicode_ci NOT NULL DEFAULT '0',
  PRIMARY KEY (`id`),
  KEY `4y2e9_elements_type_idx` (`type`),
  KEY `4y2e9_elements_enabled_idx` (`enabled`),
  KEY `4y2e9_elements_archived_dateCreated_idx` (`archived`,`dateCreated`)
) ENGINE=InnoDB AUTO_INCREMENT=26 DEFAULT CHARSET=utf8 COLLATE=utf8_unicode_ci;

--
-- Data for table `4y2e9_elements`
--

INSERT INTO `4y2e9_elements` (`id`, `type`, `enabled`, `archived`, `dateCreated`, `dateUpdated`, `uid`) VALUES ('1', 'User', '1', '0', '2015-09-26 20:51:47', '2015-09-26 20:51:47', '169105f4-f8a0-4cc2-a21a-16a63f2347b9');
INSERT INTO `4y2e9_elements` (`id`, `type`, `enabled`, `archived`, `dateCreated`, `dateUpdated`, `uid`) VALUES ('2', 'Entry', '1', '0', '2015-09-26 20:51:48', '2015-10-03 15:09:20', 'c6208b11-80be-4ef6-9b93-da62fd76503d');
INSERT INTO `4y2e9_elements` (`id`, `type`, `enabled`, `archived`, `dateCreated`, `dateUpdated`, `uid`) VALUES ('3', 'Entry', '1', '0', '2015-09-26 20:51:49', '2015-10-03 23:14:07', 'be374485-eaf5-4e8c-8ae3-740257af937f');
INSERT INTO `4y2e9_elements` (`id`, `type`, `enabled`, `archived`, `dateCreated`, `dateUpdated`, `uid`) VALUES ('4', 'Asset', '1', '0', '2015-10-03 15:07:35', '2015-10-03 15:07:49', '50b2f0ee-5055-44fd-8e13-78398d473969');
INSERT INTO `4y2e9_elements` (`id`, `type`, `enabled`, `archived`, `dateCreated`, `dateUpdated`, `uid`) VALUES ('5', 'Entry', '1', '0', '2015-10-03 15:33:53', '2015-10-12 19:44:17', '5cd87f1c-518b-4517-8ea7-9fb556f4638d');
INSERT INTO `4y2e9_elements` (`id`, `type`, `enabled`, `archived`, `dateCreated`, `dateUpdated`, `uid`) VALUES ('6', 'Entry', '1', '0', '2015-10-03 15:34:10', '2015-10-12 19:43:59', '27be46f1-8e47-414e-afb6-4f59a179d042');
INSERT INTO `4y2e9_elements` (`id`, `type`, `enabled`, `archived`, `dateCreated`, `dateUpdated`, `uid`) VALUES ('7', 'Entry', '1', '0', '2015-10-03 15:34:32', '2015-10-03 15:34:32', '750365a0-f95e-47d2-a2aa-44de181e2d58');
INSERT INTO `4y2e9_elements` (`id`, `type`, `enabled`, `archived`, `dateCreated`, `dateUpdated`, `uid`) VALUES ('8', 'Entry', '1', '0', '2015-10-03 15:34:54', '2015-10-03 15:34:54', '61848091-8bfb-446c-bc78-2fb58c625ecc');
INSERT INTO `4y2e9_elements` (`id`, `type`, `enabled`, `archived`, `dateCreated`, `dateUpdated`, `uid`) VALUES ('9', 'Entry', '1', '0', '2015-10-03 15:35:40', '2015-10-03 15:35:40', 'c52b5d81-88de-41ec-831e-7101f84ad5af');
INSERT INTO `4y2e9_elements` (`id`, `type`, `enabled`, `archived`, `dateCreated`, `dateUpdated`, `uid`) VALUES ('10', 'Entry', '1', '0', '2015-10-03 15:36:12', '2015-10-03 15:36:12', 'eeca0b7d-666f-4abc-a8dd-853e6ea5181d');
INSERT INTO `4y2e9_elements` (`id`, `type`, `enabled`, `archived`, `dateCreated`, `dateUpdated`, `uid`) VALUES ('11', 'Entry', '1', '0', '2015-10-03 15:36:28', '2015-10-03 15:36:28', 'f117a849-4fb2-4d67-989d-a00a7e26a907');
INSERT INTO `4y2e9_elements` (`id`, `type`, `enabled`, `archived`, `dateCreated`, `dateUpdated`, `uid`) VALUES ('12', 'Entry', '1', '0', '2015-10-03 15:36:40', '2015-10-03 15:36:40', '540ce4b6-d69d-4c1a-b9c0-a48bcbc4d65b');
INSERT INTO `4y2e9_elements` (`id`, `type`, `enabled`, `archived`, `dateCreated`, `dateUpdated`, `uid`) VALUES ('13', 'Entry', '1', '0', '2015-10-03 15:36:49', '2015-10-12 19:42:28', '99996fec-0146-4dfe-ab4d-aa065ab2c987');
INSERT INTO `4y2e9_elements` (`id`, `type`, `enabled`, `archived`, `dateCreated`, `dateUpdated`, `uid`) VALUES ('14', 'Entry', '1', '0', '2015-10-03 18:33:38', '2015-10-03 18:33:38', '3959d8fe-9976-40aa-9f54-b72822551319');
INSERT INTO `4y2e9_elements` (`id`, `type`, `enabled`, `archived`, `dateCreated`, `dateUpdated`, `uid`) VALUES ('15', 'GlobalSet', '1', '0', '2015-10-03 18:37:49', '2015-10-03 18:41:11', 'ef4fd2d3-3fbf-49fe-9fae-2ea0cacd2ee4');
INSERT INTO `4y2e9_elements` (`id`, `type`, `enabled`, `archived`, `dateCreated`, `dateUpdated`, `uid`) VALUES ('16', 'Entry', '1', '0', '2015-10-03 21:26:13', '2015-10-03 21:26:13', '216d8bc2-39fd-4c3e-a3f7-fa60f9414e05');
INSERT INTO `4y2e9_elements` (`id`, `type`, `enabled`, `archived`, `dateCreated`, `dateUpdated`, `uid`) VALUES ('17', 'Entry', '1', '0', '2015-10-03 22:39:22', '2015-10-03 23:08:41', '8e8b0df7-f6c1-4f3f-a9d7-c29932e12c6a');
INSERT INTO `4y2e9_elements` (`id`, `type`, `enabled`, `archived`, `dateCreated`, `dateUpdated`, `uid`) VALUES ('18', 'Entry', '1', '0', '2015-10-03 22:56:20', '2015-10-03 23:13:53', 'ab108643-1bb7-4396-94cf-f40c19aee025');
INSERT INTO `4y2e9_elements` (`id`, `type`, `enabled`, `archived`, `dateCreated`, `dateUpdated`, `uid`) VALUES ('19', 'Entry', '1', '0', '2015-10-03 22:56:28', '2015-10-03 23:14:30', 'f4ee0daf-8144-434e-bcb7-cb557afc6d3f');
INSERT INTO `4y2e9_elements` (`id`, `type`, `enabled`, `archived`, `dateCreated`, `dateUpdated`, `uid`) VALUES ('20', 'Entry', '1', '0', '2015-10-03 22:56:37', '2015-10-03 23:13:41', 'ecf197ed-0944-437c-ab71-c1b0cb38823d');
INSERT INTO `4y2e9_elements` (`id`, `type`, `enabled`, `archived`, `dateCreated`, `dateUpdated`, `uid`) VALUES ('21', 'Asset', '1', '0', '2015-10-03 23:08:36', '2015-10-03 23:08:36', '1657db8e-b3f4-4c7e-baf7-0555a5a52364');
INSERT INTO `4y2e9_elements` (`id`, `type`, `enabled`, `archived`, `dateCreated`, `dateUpdated`, `uid`) VALUES ('22', 'MatrixBlock', '1', '0', '2015-10-12 18:29:59', '2015-10-12 19:43:59', 'dd9585ac-295c-4ced-af57-21ea0fd28b27');
INSERT INTO `4y2e9_elements` (`id`, `type`, `enabled`, `archived`, `dateCreated`, `dateUpdated`, `uid`) VALUES ('23', 'MatrixBlock', '1', '0', '2015-10-12 18:38:01', '2015-10-12 19:43:59', '1b0f40ac-37bf-4356-a227-a6e6bb3511a2');
INSERT INTO `4y2e9_elements` (`id`, `type`, `enabled`, `archived`, `dateCreated`, `dateUpdated`, `uid`) VALUES ('24', 'MatrixBlock', '1', '0', '2015-10-12 18:47:12', '2015-10-12 19:43:59', '3223998a-4a8f-48bd-81f2-7bc0de3448e4');
INSERT INTO `4y2e9_elements` (`id`, `type`, `enabled`, `archived`, `dateCreated`, `dateUpdated`, `uid`) VALUES ('25', 'MatrixBlock', '1', '0', '2015-10-12 19:42:29', '2015-10-12 19:42:29', '902afbe4-6756-41f9-9520-0070a875d515');



DROP TABLE IF EXISTS `4y2e9_elements_i18n`;


--
-- Schema for table `4y2e9_elements_i18n`
--
CREATE TABLE `4y2e9_elements_i18n` (
  `id` int(11) NOT NULL AUTO_INCREMENT,
  `elementId` int(11) NOT NULL,
  `locale` char(12) COLLATE utf8_unicode_ci NOT NULL,
  `slug` varchar(255) COLLATE utf8_unicode_ci DEFAULT NULL,
  `uri` varchar(255) COLLATE utf8_unicode_ci DEFAULT NULL,
  `enabled` tinyint(1) unsigned NOT NULL DEFAULT '1',
  `dateCreated` datetime NOT NULL,
  `dateUpdated` datetime NOT NULL,
  `uid` char(36) COLLATE utf8_unicode_ci NOT NULL DEFAULT '0',
  PRIMARY KEY (`id`),
  UNIQUE KEY `4y2e9_elements_i18n_elementId_locale_unq_idx` (`elementId`,`locale`),
  UNIQUE KEY `4y2e9_elements_i18n_uri_locale_unq_idx` (`uri`,`locale`),
  KEY `4y2e9_elements_i18n_slug_locale_idx` (`slug`,`locale`),
  KEY `4y2e9_elements_i18n_enabled_idx` (`enabled`),
  KEY `4y2e9_elements_i18n_locale_fk` (`locale`)
) ENGINE=InnoDB AUTO_INCREMENT=26 DEFAULT CHARSET=utf8 COLLATE=utf8_unicode_ci;

--
-- Data for table `4y2e9_elements_i18n`
--

INSERT INTO `4y2e9_elements_i18n` (`id`, `elementId`, `locale`, `slug`, `uri`, `enabled`, `dateCreated`, `dateUpdated`, `uid`) VALUES ('1', '1', 'en_ca', '', NULL, '1', '2015-09-26 20:51:47', '2015-09-26 20:51:47', 'b0a34a5c-8d37-4fc2-a3cb-96902c868a2f');
INSERT INTO `4y2e9_elements_i18n` (`id`, `elementId`, `locale`, `slug`, `uri`, `enabled`, `dateCreated`, `dateUpdated`, `uid`) VALUES ('2', '2', 'en_ca', 'homepage', '__home__', '1', '2015-09-26 20:51:48', '2015-10-03 15:09:20', '65b9bf5f-40af-4ea2-a0ad-32287e69928d');
INSERT INTO `4y2e9_elements_i18n` (`id`, `elementId`, `locale`, `slug`, `uri`, `enabled`, `dateCreated`, `dateUpdated`, `uid`) VALUES ('3', '3', 'en_ca', 'we-just-installed-craft', 'blog/2015/we-just-installed-craft', '1', '2015-09-26 20:51:49', '2015-10-03 23:14:07', '41dadb05-afc6-4675-bbd2-b24e0db8fc29');
INSERT INTO `4y2e9_elements_i18n` (`id`, `elementId`, `locale`, `slug`, `uri`, `enabled`, `dateCreated`, `dateUpdated`, `uid`) VALUES ('4', '4', 'en_ca', 'stock-photo-27046268-steady-hands-for-a-delicate-procedure', NULL, '1', '2015-10-03 15:07:35', '2015-10-03 15:07:49', '18c7fa93-4abb-427f-8c06-9135ca99de72');
INSERT INTO `4y2e9_elements_i18n` (`id`, `elementId`, `locale`, `slug`, `uri`, `enabled`, `dateCreated`, `dateUpdated`, `uid`) VALUES ('5', '5', 'en_ca', 'medical-device-manufacturers', 'medical-device-manufacturers', '1', '2015-10-03 15:33:54', '2015-10-12 19:44:17', 'd79072c9-a3bd-4679-b071-e61bfb55a885');
INSERT INTO `4y2e9_elements_i18n` (`id`, `elementId`, `locale`, `slug`, `uri`, `enabled`, `dateCreated`, `dateUpdated`, `uid`) VALUES ('6', '6', 'en_ca', 'sterilization-services-contractors', 'sterilization-services-contractors', '1', '2015-10-03 15:34:10', '2015-10-12 19:43:59', '7f15f0d0-12f5-444b-8974-1874b2fdf5a8');
INSERT INTO `4y2e9_elements_i18n` (`id`, `elementId`, `locale`, `slug`, `uri`, `enabled`, `dateCreated`, `dateUpdated`, `uid`) VALUES ('7', '7', 'en_ca', 'products-services', 'products-services', '1', '2015-10-03 15:34:33', '2015-10-03 15:34:34', 'cf0db5da-6622-4cbb-9c37-0fe8f07020cb');
INSERT INTO `4y2e9_elements_i18n` (`id`, `elementId`, `locale`, `slug`, `uri`, `enabled`, `dateCreated`, `dateUpdated`, `uid`) VALUES ('8', '8', 'en_ca', 'accusolo', 'products-services/accusolo', '1', '2015-10-03 15:34:54', '2015-10-03 15:34:56', '5ed210d5-5e66-47dd-af40-52285288eb46');
INSERT INTO `4y2e9_elements_i18n` (`id`, `elementId`, `locale`, `slug`, `uri`, `enabled`, `dateCreated`, `dateUpdated`, `uid`) VALUES ('9', '9', 'en_ca', 'konntrack', 'products-services/konntrack', '1', '2015-10-03 15:35:41', '2015-10-03 15:35:42', '30115b66-1f24-4ea1-9a35-29e963690708');
INSERT INTO `4y2e9_elements_i18n` (`id`, `elementId`, `locale`, `slug`, `uri`, `enabled`, `dateCreated`, `dateUpdated`, `uid`) VALUES ('10', '10', 'en_ca', 'consulting', 'products-services/consulting', '1', '2015-10-03 15:36:12', '2015-10-03 15:36:14', 'f41041ba-2d33-4bd3-9297-2a4150948cc2');
INSERT INTO `4y2e9_elements_i18n` (`id`, `elementId`, `locale`, `slug`, `uri`, `enabled`, `dateCreated`, `dateUpdated`, `uid`) VALUES ('11', '11', 'en_ca', 'sterilization-methods', 'sterilization-methods', '1', '2015-10-03 15:36:29', '2015-10-03 15:36:30', '34d86366-e1a1-4466-bef9-09cbd6736d97');
INSERT INTO `4y2e9_elements_i18n` (`id`, `elementId`, `locale`, `slug`, `uri`, `enabled`, `dateCreated`, `dateUpdated`, `uid`) VALUES ('12', '12', 'en_ca', 'help-desk', 'help-desk', '1', '2015-10-03 15:36:40', '2015-10-03 15:36:42', 'c0bc2c7f-d069-4cae-85c7-1cc125ff1f5b');
INSERT INTO `4y2e9_elements_i18n` (`id`, `elementId`, `locale`, `slug`, `uri`, `enabled`, `dateCreated`, `dateUpdated`, `uid`) VALUES ('13', '13', 'en_ca', 'about-us', 'about-us', '1', '2015-10-03 15:36:49', '2015-10-12 19:42:28', '4274e875-8566-4cc2-9e45-0b5d4bc36e2e');
INSERT INTO `4y2e9_elements_i18n` (`id`, `elementId`, `locale`, `slug`, `uri`, `enabled`, `dateCreated`, `dateUpdated`, `uid`) VALUES ('14', '14', 'en_ca', 'ron-nyegard', NULL, '1', '2015-10-03 18:33:38', '2015-10-03 18:33:38', '3fb5bacf-ac4b-4931-978e-b064f27bbe23');
INSERT INTO `4y2e9_elements_i18n` (`id`, `elementId`, `locale`, `slug`, `uri`, `enabled`, `dateCreated`, `dateUpdated`, `uid`) VALUES ('15', '15', 'en_ca', '', NULL, '1', '2015-10-03 18:37:49', '2015-10-03 18:41:11', 'dc51ea66-74d7-47cf-af76-98bc6afb6956');
INSERT INTO `4y2e9_elements_i18n` (`id`, `elementId`, `locale`, `slug`, `uri`, `enabled`, `dateCreated`, `dateUpdated`, `uid`) VALUES ('16', '16', 'en_ca', 'kitchen-sink', 'kitchen-sink', '1', '2015-10-03 21:26:13', '2015-10-03 21:26:13', '91560212-f9e8-4f14-8f62-bd20e53c41e4');
INSERT INTO `4y2e9_elements_i18n` (`id`, `elementId`, `locale`, `slug`, `uri`, `enabled`, `dateCreated`, `dateUpdated`, `uid`) VALUES ('17', '17', 'en_ca', 'integrated-control-systems', 'blog/2013/integrated-control-systems', '1', '2015-10-03 22:39:22', '2015-10-03 23:08:41', '67d415a8-f82e-4c88-815d-8542669f40cf');
INSERT INTO `4y2e9_elements_i18n` (`id`, `elementId`, `locale`, `slug`, `uri`, `enabled`, `dateCreated`, `dateUpdated`, `uid`) VALUES ('18', '18', 'en_ca', 'test-entry', 'blog/2015/test-entry', '1', '2015-10-03 22:56:20', '2015-10-03 23:13:53', 'fd567498-d086-4ffd-be3a-b8fa6bf7db2e');
INSERT INTO `4y2e9_elements_i18n` (`id`, `elementId`, `locale`, `slug`, `uri`, `enabled`, `dateCreated`, `dateUpdated`, `uid`) VALUES ('19', '19', 'en_ca', 'test-2', 'blog/2015/test-2', '1', '2015-10-03 22:56:28', '2015-10-03 23:14:30', '91e35db1-e2ac-420d-8340-d054146cf922');
INSERT INTO `4y2e9_elements_i18n` (`id`, `elementId`, `locale`, `slug`, `uri`, `enabled`, `dateCreated`, `dateUpdated`, `uid`) VALUES ('20', '20', 'en_ca', 'test-3', 'blog/2015/test-3', '1', '2015-10-03 22:56:37', '2015-10-03 23:13:41', '16ffa54b-c3ee-4211-9b0b-81210856e054');
INSERT INTO `4y2e9_elements_i18n` (`id`, `elementId`, `locale`, `slug`, `uri`, `enabled`, `dateCreated`, `dateUpdated`, `uid`) VALUES ('21', '21', 'en_ca', 'disk-cropped-1617373-220x165', NULL, '1', '2015-10-03 23:08:36', '2015-10-03 23:08:36', 'e873c7fd-fc50-46a5-ab6f-75418773412d');
INSERT INTO `4y2e9_elements_i18n` (`id`, `elementId`, `locale`, `slug`, `uri`, `enabled`, `dateCreated`, `dateUpdated`, `uid`) VALUES ('22', '22', 'en_ca', '', NULL, '1', '2015-10-12 18:29:59', '2015-10-12 19:43:59', 'ce9cd76d-b5cb-400c-b67e-5ad18680e95b');
INSERT INTO `4y2e9_elements_i18n` (`id`, `elementId`, `locale`, `slug`, `uri`, `enabled`, `dateCreated`, `dateUpdated`, `uid`) VALUES ('23', '23', 'en_ca', '', NULL, '1', '2015-10-12 18:38:01', '2015-10-12 19:43:59', 'e431228e-77b8-4fa6-b615-f6708b8e8973');
INSERT INTO `4y2e9_elements_i18n` (`id`, `elementId`, `locale`, `slug`, `uri`, `enabled`, `dateCreated`, `dateUpdated`, `uid`) VALUES ('24', '24', 'en_ca', '', NULL, '1', '2015-10-12 18:47:12', '2015-10-12 19:43:59', 'e75ea237-8c5c-4be9-8e0e-e00312864d44');
INSERT INTO `4y2e9_elements_i18n` (`id`, `elementId`, `locale`, `slug`, `uri`, `enabled`, `dateCreated`, `dateUpdated`, `uid`) VALUES ('25', '25', 'en_ca', '', NULL, '1', '2015-10-12 19:42:29', '2015-10-12 19:42:29', 'fc9e184d-8da9-4580-9dfe-f1e7b00ea7b9');



DROP TABLE IF EXISTS `4y2e9_emailmessages`;


--
-- Schema for table `4y2e9_emailmessages`
--
CREATE TABLE `4y2e9_emailmessages` (
  `id` int(11) NOT NULL AUTO_INCREMENT,
  `key` char(150) COLLATE utf8_unicode_ci NOT NULL,
  `locale` char(12) COLLATE utf8_unicode_ci NOT NULL,
  `subject` varchar(1000) COLLATE utf8_unicode_ci NOT NULL,
  `body` text COLLATE utf8_unicode_ci NOT NULL,
  `dateCreated` datetime NOT NULL,
  `dateUpdated` datetime NOT NULL,
  `uid` char(36) COLLATE utf8_unicode_ci NOT NULL DEFAULT '0',
  PRIMARY KEY (`id`),
  UNIQUE KEY `4y2e9_emailmessages_key_locale_unq_idx` (`key`,`locale`),
  KEY `4y2e9_emailmessages_locale_fk` (`locale`)
) ENGINE=InnoDB DEFAULT CHARSET=utf8 COLLATE=utf8_unicode_ci;

DROP TABLE IF EXISTS `4y2e9_entries`;


--
-- Schema for table `4y2e9_entries`
--
CREATE TABLE `4y2e9_entries` (
  `id` int(11) NOT NULL,
  `sectionId` int(11) NOT NULL,
  `typeId` int(11) DEFAULT NULL,
  `authorId` int(11) DEFAULT NULL,
  `postDate` datetime DEFAULT NULL,
  `expiryDate` datetime DEFAULT NULL,
  `dateCreated` datetime NOT NULL,
  `dateUpdated` datetime NOT NULL,
  `uid` char(36) COLLATE utf8_unicode_ci NOT NULL DEFAULT '0',
  PRIMARY KEY (`id`),
  KEY `4y2e9_entries_sectionId_idx` (`sectionId`),
  KEY `4y2e9_entries_typeId_idx` (`typeId`),
  KEY `4y2e9_entries_postDate_idx` (`postDate`),
  KEY `4y2e9_entries_expiryDate_idx` (`expiryDate`),
  KEY `4y2e9_entries_authorId_fk` (`authorId`)
) ENGINE=InnoDB DEFAULT CHARSET=utf8 COLLATE=utf8_unicode_ci;

--
-- Data for table `4y2e9_entries`
--

INSERT INTO `4y2e9_entries` (`id`, `sectionId`, `typeId`, `authorId`, `postDate`, `expiryDate`, `dateCreated`, `dateUpdated`, `uid`) VALUES ('2', '1', NULL, NULL, '2015-09-26 20:51:48', NULL, '2015-09-26 20:51:48', '2015-10-03 15:09:20', '3288da8f-7259-4679-a427-35d86d3ee6e5');
INSERT INTO `4y2e9_entries` (`id`, `sectionId`, `typeId`, `authorId`, `postDate`, `expiryDate`, `dateCreated`, `dateUpdated`, `uid`) VALUES ('3', '2', '2', '1', '2015-09-26 20:51:00', NULL, '2015-09-26 20:51:49', '2015-10-03 23:14:07', 'b0b07113-16ee-420f-882c-cf827853f552');
INSERT INTO `4y2e9_entries` (`id`, `sectionId`, `typeId`, `authorId`, `postDate`, `expiryDate`, `dateCreated`, `dateUpdated`, `uid`) VALUES ('5', '3', '3', '1', '2015-10-03 15:33:00', NULL, '2015-10-03 15:33:54', '2015-10-12 19:44:17', '4261aea8-c21e-4388-985e-3bc7d1f1a79c');
INSERT INTO `4y2e9_entries` (`id`, `sectionId`, `typeId`, `authorId`, `postDate`, `expiryDate`, `dateCreated`, `dateUpdated`, `uid`) VALUES ('6', '3', '3', '1', '2015-10-03 15:34:00', NULL, '2015-10-03 15:34:10', '2015-10-12 19:43:59', 'ec5dd882-fccc-499f-92b5-52e3099c3cd4');
INSERT INTO `4y2e9_entries` (`id`, `sectionId`, `typeId`, `authorId`, `postDate`, `expiryDate`, `dateCreated`, `dateUpdated`, `uid`) VALUES ('7', '3', '3', '1', '2015-10-03 15:34:32', NULL, '2015-10-03 15:34:33', '2015-10-03 15:34:33', '5b7e3856-d31e-430f-867d-30f78174f515');
INSERT INTO `4y2e9_entries` (`id`, `sectionId`, `typeId`, `authorId`, `postDate`, `expiryDate`, `dateCreated`, `dateUpdated`, `uid`) VALUES ('8', '3', '4', '1', '2015-10-03 15:34:54', NULL, '2015-10-03 15:34:54', '2015-10-03 15:34:54', 'be40d9d3-a2a6-4cf5-aa6a-7e29dcb5db18');
INSERT INTO `4y2e9_entries` (`id`, `sectionId`, `typeId`, `authorId`, `postDate`, `expiryDate`, `dateCreated`, `dateUpdated`, `uid`) VALUES ('9', '3', '4', '1', '2015-10-03 15:35:40', NULL, '2015-10-03 15:35:41', '2015-10-03 15:35:41', 'b2cd0528-64ce-4776-a216-afca172706e0');
INSERT INTO `4y2e9_entries` (`id`, `sectionId`, `typeId`, `authorId`, `postDate`, `expiryDate`, `dateCreated`, `dateUpdated`, `uid`) VALUES ('10', '3', '3', '1', '2015-10-03 15:36:12', NULL, '2015-10-03 15:36:12', '2015-10-03 15:36:12', '569113c0-ae5d-4432-ab76-2086713dca1c');
INSERT INTO `4y2e9_entries` (`id`, `sectionId`, `typeId`, `authorId`, `postDate`, `expiryDate`, `dateCreated`, `dateUpdated`, `uid`) VALUES ('11', '3', '3', '1', '2015-10-03 15:36:28', NULL, '2015-10-03 15:36:29', '2015-10-03 15:36:29', '87b33490-a29b-4d22-a11e-a64b48f38eaa');
INSERT INTO `4y2e9_entries` (`id`, `sectionId`, `typeId`, `authorId`, `postDate`, `expiryDate`, `dateCreated`, `dateUpdated`, `uid`) VALUES ('12', '3', '3', '1', '2015-10-03 15:36:40', NULL, '2015-10-03 15:36:40', '2015-10-03 15:36:40', 'ae8a6d77-75df-44a4-9224-93767050b977');
INSERT INTO `4y2e9_entries` (`id`, `sectionId`, `typeId`, `authorId`, `postDate`, `expiryDate`, `dateCreated`, `dateUpdated`, `uid`) VALUES ('13', '3', '3', '1', '2015-10-03 15:36:00', NULL, '2015-10-03 15:36:49', '2015-10-12 19:42:29', '3b7b4c2a-d537-4de3-bb7e-09935e74edfc');
INSERT INTO `4y2e9_entries` (`id`, `sectionId`, `typeId`, `authorId`, `postDate`, `expiryDate`, `dateCreated`, `dateUpdated`, `uid`) VALUES ('14', '4', '5', '1', '2015-10-03 18:33:38', NULL, '2015-10-03 18:33:38', '2015-10-03 18:33:38', '0e9fefae-d795-4338-83c9-9bc080def415');
INSERT INTO `4y2e9_entries` (`id`, `sectionId`, `typeId`, `authorId`, `postDate`, `expiryDate`, `dateCreated`, `dateUpdated`, `uid`) VALUES ('16', '5', NULL, NULL, '2015-10-03 21:26:13', NULL, '2015-10-03 21:26:13', '2015-10-03 21:26:13', '798ecbfe-fbf1-4a50-af2c-c71f05edc727');
INSERT INTO `4y2e9_entries` (`id`, `sectionId`, `typeId`, `authorId`, `postDate`, `expiryDate`, `dateCreated`, `dateUpdated`, `uid`) VALUES ('17', '2', '2', '1', '2013-02-28 00:00:00', NULL, '2015-10-03 22:39:22', '2015-10-03 23:08:41', '87d84552-1a3c-42e2-8f50-a79cbef27149');
INSERT INTO `4y2e9_entries` (`id`, `sectionId`, `typeId`, `authorId`, `postDate`, `expiryDate`, `dateCreated`, `dateUpdated`, `uid`) VALUES ('18', '2', '2', '1', '2015-10-03 22:56:00', NULL, '2015-10-03 22:56:20', '2015-10-03 23:13:53', '1a21c812-f07c-41cc-9556-4ea961107015');
INSERT INTO `4y2e9_entries` (`id`, `sectionId`, `typeId`, `authorId`, `postDate`, `expiryDate`, `dateCreated`, `dateUpdated`, `uid`) VALUES ('19', '2', '2', '1', '2015-10-03 22:56:00', NULL, '2015-10-03 22:56:28', '2015-10-03 23:14:30', 'be30638c-729f-45b2-930d-742c54201835');
INSERT INTO `4y2e9_entries` (`id`, `sectionId`, `typeId`, `authorId`, `postDate`, `expiryDate`, `dateCreated`, `dateUpdated`, `uid`) VALUES ('20', '2', '2', '1', '2015-10-03 22:56:00', NULL, '2015-10-03 22:56:37', '2015-10-03 23:13:42', '2fe06671-ac92-4298-8dd0-a5e974551255');



DROP TABLE IF EXISTS `4y2e9_entrydrafts`;


--
-- Schema for table `4y2e9_entrydrafts`
--
CREATE TABLE `4y2e9_entrydrafts` (
  `id` int(11) NOT NULL AUTO_INCREMENT,
  `entryId` int(11) NOT NULL,
  `sectionId` int(11) NOT NULL,
  `creatorId` int(11) NOT NULL,
  `locale` char(12) COLLATE utf8_unicode_ci NOT NULL,
  `name` varchar(255) COLLATE utf8_unicode_ci NOT NULL,
  `notes` tinytext COLLATE utf8_unicode_ci,
  `data` mediumtext COLLATE utf8_unicode_ci NOT NULL,
  `dateCreated` datetime NOT NULL,
  `dateUpdated` datetime NOT NULL,
  `uid` char(36) COLLATE utf8_unicode_ci NOT NULL DEFAULT '0',
  PRIMARY KEY (`id`),
  KEY `4y2e9_entrydrafts_entryId_locale_idx` (`entryId`,`locale`),
  KEY `4y2e9_entrydrafts_sectionId_fk` (`sectionId`),
  KEY `4y2e9_entrydrafts_creatorId_fk` (`creatorId`),
  KEY `4y2e9_entrydrafts_locale_fk` (`locale`)
) ENGINE=InnoDB DEFAULT CHARSET=utf8 COLLATE=utf8_unicode_ci;

DROP TABLE IF EXISTS `4y2e9_entrytypes`;


--
-- Schema for table `4y2e9_entrytypes`
--
CREATE TABLE `4y2e9_entrytypes` (
  `id` int(11) NOT NULL AUTO_INCREMENT,
  `sectionId` int(11) NOT NULL,
  `fieldLayoutId` int(11) DEFAULT NULL,
  `name` varchar(255) COLLATE utf8_unicode_ci NOT NULL,
  `handle` varchar(255) COLLATE utf8_unicode_ci NOT NULL,
  `hasTitleField` tinyint(1) unsigned NOT NULL DEFAULT '1',
  `titleLabel` varchar(255) COLLATE utf8_unicode_ci DEFAULT 'Title',
  `titleFormat` varchar(255) COLLATE utf8_unicode_ci DEFAULT NULL,
  `sortOrder` tinyint(4) DEFAULT NULL,
  `dateCreated` datetime NOT NULL,
  `dateUpdated` datetime NOT NULL,
  `uid` char(36) COLLATE utf8_unicode_ci NOT NULL DEFAULT '0',
  PRIMARY KEY (`id`),
  UNIQUE KEY `4y2e9_entrytypes_name_sectionId_unq_idx` (`name`,`sectionId`),
  UNIQUE KEY `4y2e9_entrytypes_handle_sectionId_unq_idx` (`handle`,`sectionId`),
  KEY `4y2e9_entrytypes_sectionId_fk` (`sectionId`),
  KEY `4y2e9_entrytypes_fieldLayoutId_fk` (`fieldLayoutId`)
) ENGINE=InnoDB AUTO_INCREMENT=7 DEFAULT CHARSET=utf8 COLLATE=utf8_unicode_ci;

--
-- Data for table `4y2e9_entrytypes`
--

INSERT INTO `4y2e9_entrytypes` (`id`, `sectionId`, `fieldLayoutId`, `name`, `handle`, `hasTitleField`, `titleLabel`, `titleFormat`, `sortOrder`, `dateCreated`, `dateUpdated`, `uid`) VALUES ('1', '1', '10', 'Homepage', 'homepage', '1', 'Title', NULL, NULL, '2015-09-26 20:51:48', '2015-10-03 14:35:06', 'beda6419-b32e-4df5-baea-d959b5a77a5b');
INSERT INTO `4y2e9_entrytypes` (`id`, `sectionId`, `fieldLayoutId`, `name`, `handle`, `hasTitleField`, `titleLabel`, `titleFormat`, `sortOrder`, `dateCreated`, `dateUpdated`, `uid`) VALUES ('2', '2', '30', 'Blog Post', 'blogPost', '1', 'Title', NULL, NULL, '2015-09-26 20:51:49', '2015-10-03 23:07:51', '11aa2832-ac6e-44c8-a211-2ad1e6bde322');
INSERT INTO `4y2e9_entrytypes` (`id`, `sectionId`, `fieldLayoutId`, `name`, `handle`, `hasTitleField`, `titleLabel`, `titleFormat`, `sortOrder`, `dateCreated`, `dateUpdated`, `uid`) VALUES ('3', '3', '31', 'Page', 'page', '1', 'Title', NULL, NULL, '2015-10-03 15:30:55', '2015-10-12 17:31:28', '4ee831b7-2a3b-4c7a-80d4-0812b01db51e');
INSERT INTO `4y2e9_entrytypes` (`id`, `sectionId`, `fieldLayoutId`, `name`, `handle`, `hasTitleField`, `titleLabel`, `titleFormat`, `sortOrder`, `dateCreated`, `dateUpdated`, `uid`) VALUES ('4', '3', '14', 'Product', 'product', '1', 'Title', NULL, NULL, '2015-10-03 15:31:36', '2015-10-03 15:31:36', '06692a0a-3b60-49d3-b7c1-586a04bb5bf1');
INSERT INTO `4y2e9_entrytypes` (`id`, `sectionId`, `fieldLayoutId`, `name`, `handle`, `hasTitleField`, `titleLabel`, `titleFormat`, `sortOrder`, `dateCreated`, `dateUpdated`, `uid`) VALUES ('5', '4', '23', 'Testimonial', 'testimonial', '1', 'Full Name', NULL, NULL, '2015-10-03 18:30:10', '2015-10-03 18:32:37', 'fe91ad86-53f9-4a4e-a8db-20ec35b5c5df');
INSERT INTO `4y2e9_entrytypes` (`id`, `sectionId`, `fieldLayoutId`, `name`, `handle`, `hasTitleField`, `titleLabel`, `titleFormat`, `sortOrder`, `dateCreated`, `dateUpdated`, `uid`) VALUES ('6', '5', '29', 'Kitchen Sink', 'kitchenSink', '0', NULL, '{section.name|raw}', NULL, '2015-10-03 21:26:13', '2015-10-03 21:26:13', 'b025d459-1940-45c7-b799-3a7e326f45d3');



DROP TABLE IF EXISTS `4y2e9_entryversions`;


--
-- Schema for table `4y2e9_entryversions`
--
CREATE TABLE `4y2e9_entryversions` (
  `id` int(11) NOT NULL AUTO_INCREMENT,
  `entryId` int(11) NOT NULL,
  `sectionId` int(11) NOT NULL,
  `creatorId` int(11) DEFAULT NULL,
  `locale` char(12) COLLATE utf8_unicode_ci NOT NULL,
  `num` smallint(6) unsigned NOT NULL,
  `notes` tinytext COLLATE utf8_unicode_ci,
  `data` mediumtext COLLATE utf8_unicode_ci NOT NULL,
  `dateCreated` datetime NOT NULL,
  `dateUpdated` datetime NOT NULL,
  `uid` char(36) COLLATE utf8_unicode_ci NOT NULL DEFAULT '0',
  PRIMARY KEY (`id`),
  KEY `4y2e9_entryversions_entryId_locale_idx` (`entryId`,`locale`),
  KEY `4y2e9_entryversions_sectionId_fk` (`sectionId`),
  KEY `4y2e9_entryversions_creatorId_fk` (`creatorId`),
  KEY `4y2e9_entryversions_locale_fk` (`locale`)
) ENGINE=InnoDB AUTO_INCREMENT=29 DEFAULT CHARSET=utf8 COLLATE=utf8_unicode_ci;

--
-- Data for table `4y2e9_entryversions`
--

INSERT INTO `4y2e9_entryversions` (`id`, `entryId`, `sectionId`, `creatorId`, `locale`, `num`, `notes`, `data`, `dateCreated`, `dateUpdated`, `uid`) VALUES ('1', '2', '1', '1', 'en_ca', '1', '', '{\"typeId\":null,\"authorId\":null,\"title\":\"Welcome to Konnexis.dev!\",\"slug\":\"homepage\",\"postDate\":1443300708,\"expiryDate\":null,\"enabled\":1,\"fields\":{\"5\":[\"4\"],\"3\":\"Global Market Leaders in Sterilization Control and Monitoring Systems\",\"4\":\"Advanced monitoring solutions designed for the sterilization industry, for growth, production efficiency and the long term.\"}}', '2015-10-03 15:09:10', '2015-10-03 15:09:10', 'ec92be7b-ff18-4a34-80c6-f4f5a03b3d36');
INSERT INTO `4y2e9_entryversions` (`id`, `entryId`, `sectionId`, `creatorId`, `locale`, `num`, `notes`, `data`, `dateCreated`, `dateUpdated`, `uid`) VALUES ('2', '2', '1', '1', 'en_ca', '2', '', '{\"typeId\":null,\"authorId\":null,\"title\":\"Konnexis\",\"slug\":\"homepage\",\"postDate\":1443300708,\"expiryDate\":null,\"enabled\":1,\"fields\":{\"5\":[\"4\"],\"3\":\"Global Market Leaders in Sterilization Control and Monitoring Systems\",\"4\":\"Advanced monitoring solutions designed for the sterilization industry, for growth, production efficiency and the long term.\"}}', '2015-10-03 15:09:20', '2015-10-03 15:09:20', '64a8519b-fd10-49cd-ba6b-5e88e64e18fe');
INSERT INTO `4y2e9_entryversions` (`id`, `entryId`, `sectionId`, `creatorId`, `locale`, `num`, `notes`, `data`, `dateCreated`, `dateUpdated`, `uid`) VALUES ('3', '5', '3', '1', 'en_ca', '1', '', '{\"typeId\":\"3\",\"authorId\":\"1\",\"title\":\"Medical Device Manufacturers\",\"slug\":\"medical-device-manufacturers\",\"postDate\":1443886433,\"expiryDate\":null,\"enabled\":1,\"fields\":[]}', '2015-10-03 15:33:54', '2015-10-03 15:33:54', 'dc3b02f0-d922-4c5b-ba83-6ce88455d111');
INSERT INTO `4y2e9_entryversions` (`id`, `entryId`, `sectionId`, `creatorId`, `locale`, `num`, `notes`, `data`, `dateCreated`, `dateUpdated`, `uid`) VALUES ('4', '6', '3', '1', 'en_ca', '1', '', '{\"typeId\":\"3\",\"authorId\":\"1\",\"title\":\"Sterilization Services Contractors\",\"slug\":\"sterilization-services-contractors\",\"postDate\":1443886450,\"expiryDate\":null,\"enabled\":1,\"fields\":[]}', '2015-10-03 15:34:10', '2015-10-03 15:34:10', '34d2541b-ddaf-4076-8376-cc9fc50681c9');
INSERT INTO `4y2e9_entryversions` (`id`, `entryId`, `sectionId`, `creatorId`, `locale`, `num`, `notes`, `data`, `dateCreated`, `dateUpdated`, `uid`) VALUES ('5', '7', '3', '1', 'en_ca', '1', '', '{\"typeId\":\"3\",\"authorId\":\"1\",\"title\":\"Products & Services\",\"slug\":\"products-services\",\"postDate\":1443886472,\"expiryDate\":null,\"enabled\":1,\"fields\":[]}', '2015-10-03 15:34:33', '2015-10-03 15:34:33', '403506c1-ee34-4e16-8ca1-cae955a9503b');
INSERT INTO `4y2e9_entryversions` (`id`, `entryId`, `sectionId`, `creatorId`, `locale`, `num`, `notes`, `data`, `dateCreated`, `dateUpdated`, `uid`) VALUES ('6', '8', '3', '1', 'en_ca', '1', '', '{\"typeId\":\"4\",\"authorId\":\"1\",\"title\":\"AccuSOLO\",\"slug\":\"accusolo\",\"postDate\":1443886494,\"expiryDate\":null,\"enabled\":1,\"fields\":[]}', '2015-10-03 15:34:55', '2015-10-03 15:34:55', 'aa76d060-45fd-4b8f-8446-3282d6312955');
INSERT INTO `4y2e9_entryversions` (`id`, `entryId`, `sectionId`, `creatorId`, `locale`, `num`, `notes`, `data`, `dateCreated`, `dateUpdated`, `uid`) VALUES ('7', '9', '3', '1', 'en_ca', '1', '', '{\"typeId\":\"4\",\"authorId\":\"1\",\"title\":\"KonnTRACK\",\"slug\":\"konntrack\",\"postDate\":1443886540,\"expiryDate\":null,\"enabled\":1,\"fields\":[]}', '2015-10-03 15:35:41', '2015-10-03 15:35:41', '2fdac4ca-2cbd-4c56-9180-122eddc86853');
INSERT INTO `4y2e9_entryversions` (`id`, `entryId`, `sectionId`, `creatorId`, `locale`, `num`, `notes`, `data`, `dateCreated`, `dateUpdated`, `uid`) VALUES ('8', '10', '3', '1', 'en_ca', '1', '', '{\"typeId\":\"3\",\"authorId\":\"1\",\"title\":\"Consulting\",\"slug\":\"consulting\",\"postDate\":1443886572,\"expiryDate\":null,\"enabled\":1,\"fields\":[]}', '2015-10-03 15:36:12', '2015-10-03 15:36:12', 'ac1fd23a-fc9b-4cec-be6c-de3debc2a783');
INSERT INTO `4y2e9_entryversions` (`id`, `entryId`, `sectionId`, `creatorId`, `locale`, `num`, `notes`, `data`, `dateCreated`, `dateUpdated`, `uid`) VALUES ('9', '11', '3', '1', 'en_ca', '1', '', '{\"typeId\":\"3\",\"authorId\":\"1\",\"title\":\"Sterilization Methods\",\"slug\":\"sterilization-methods\",\"postDate\":1443886588,\"expiryDate\":null,\"enabled\":1,\"fields\":[]}', '2015-10-03 15:36:29', '2015-10-03 15:36:29', 'f0dd0d30-8592-41de-b262-387d7830b775');
INSERT INTO `4y2e9_entryversions` (`id`, `entryId`, `sectionId`, `creatorId`, `locale`, `num`, `notes`, `data`, `dateCreated`, `dateUpdated`, `uid`) VALUES ('10', '12', '3', '1', 'en_ca', '1', '', '{\"typeId\":\"3\",\"authorId\":\"1\",\"title\":\"Help Desk\",\"slug\":\"help-desk\",\"postDate\":1443886600,\"expiryDate\":null,\"enabled\":1,\"fields\":[]}', '2015-10-03 15:36:40', '2015-10-03 15:36:40', '53caa687-e17d-499c-8921-1fe33f0d785d');
INSERT INTO `4y2e9_entryversions` (`id`, `entryId`, `sectionId`, `creatorId`, `locale`, `num`, `notes`, `data`, `dateCreated`, `dateUpdated`, `uid`) VALUES ('11', '13', '3', '1', 'en_ca', '1', '', '{\"typeId\":\"3\",\"authorId\":\"1\",\"title\":\"About Us\",\"slug\":\"about-us\",\"postDate\":1443886609,\"expiryDate\":null,\"enabled\":1,\"fields\":[]}', '2015-10-03 15:36:49', '2015-10-03 15:36:49', '7214732e-2bdc-4a79-b86a-0010e4f192a7');
INSERT INTO `4y2e9_entryversions` (`id`, `entryId`, `sectionId`, `creatorId`, `locale`, `num`, `notes`, `data`, `dateCreated`, `dateUpdated`, `uid`) VALUES ('12', '17', '2', '1', 'en_ca', '1', '', '{\"typeId\":null,\"authorId\":\"1\",\"title\":\"Integrated Control Systems\",\"slug\":\"integrated-control-systems\",\"postDate\":1362009600,\"expiryDate\":null,\"enabled\":1,\"fields\":{\"1\":\"<p>Konnexis\\u2019 control systems do more than simply monitor your sterilization process.  This is because our systems are fully integrated with product tracking and process monitoring!  Read <a title=\\\"Why Konnexis?\\\" href=\\\"http:\\/\\/www.konnexis.com\\/why-integrate\\/\\\">About Us&gt;&gt;Why Konnexis?<\\/a> to find out about the benefits of our systems.<\\/p>\",\"2\":\"\"}}', '2015-10-03 22:39:22', '2015-10-03 22:39:22', '93c908ba-b462-4ac0-9109-e119bb208c27');
INSERT INTO `4y2e9_entryversions` (`id`, `entryId`, `sectionId`, `creatorId`, `locale`, `num`, `notes`, `data`, `dateCreated`, `dateUpdated`, `uid`) VALUES ('13', '18', '2', '1', 'en_ca', '1', '', '{\"typeId\":null,\"authorId\":\"1\",\"title\":\"test entry\",\"slug\":\"test-entry\",\"postDate\":1443912979,\"expiryDate\":null,\"enabled\":1,\"fields\":{\"1\":\"<p>Lorem ipsum dolor sit amet, consectetur adipisicing elit, sed do eiusmod tempor incididunt ut labore et dolore magna aliqua. Ut enim ad minim veniam, quis nostrud exercitation ullamco laboris nisi ut aliquip ex ea commodo consequat. Duis aute irure dolor in reprehenderit in voluptate velit esse cillum dolore eu fugiat nulla pariatur. Excepteur sint occaecat cupidatat non proident, sunt in culpa qui officia deserunt mollit anim id est laborum.<\\/p>\",\"2\":\"\"}}', '2015-10-03 22:56:20', '2015-10-03 22:56:20', 'e5baf41d-b086-4879-8644-7a10da9a645f');
INSERT INTO `4y2e9_entryversions` (`id`, `entryId`, `sectionId`, `creatorId`, `locale`, `num`, `notes`, `data`, `dateCreated`, `dateUpdated`, `uid`) VALUES ('14', '19', '2', '1', 'en_ca', '1', '', '{\"typeId\":null,\"authorId\":\"1\",\"title\":\"test 2\",\"slug\":\"test-2\",\"postDate\":1443912988,\"expiryDate\":null,\"enabled\":1,\"fields\":{\"1\":\"<p>Lorem ipsum dolor sit amet, consectetur adipisicing elit, sed do eiusmod tempor incididunt ut labore et dolore magna aliqua. Ut enim ad minim veniam, quis nostrud exercitation ullamco laboris nisi ut aliquip ex ea commodo consequat. Duis aute irure dolor in reprehenderit in voluptate velit esse cillum dolore eu fugiat nulla pariatur. Excepteur sint occaecat cupidatat non proident, sunt in culpa qui officia deserunt mollit anim id est laborum.<\\/p>\",\"2\":\"\"}}', '2015-10-03 22:56:28', '2015-10-03 22:56:28', 'd77ab6b9-943d-40f2-82b6-50a245c8a5d7');
INSERT INTO `4y2e9_entryversions` (`id`, `entryId`, `sectionId`, `creatorId`, `locale`, `num`, `notes`, `data`, `dateCreated`, `dateUpdated`, `uid`) VALUES ('15', '20', '2', '1', 'en_ca', '1', '', '{\"typeId\":null,\"authorId\":\"1\",\"title\":\"test 3\",\"slug\":\"test-3\",\"postDate\":1443912997,\"expiryDate\":null,\"enabled\":1,\"fields\":{\"1\":\"<p>Lorem ipsum dolor sit amet, consectetur adipisicing elit, sed do eiusmod tempor incididunt ut labore et dolore magna aliqua. Ut enim ad minim veniam, quis nostrud exercitation ullamco laboris nisi ut aliquip ex ea commodo consequat. Duis aute irure dolor in reprehenderit in voluptate velit esse cillum dolore eu fugiat nulla pariatur. Excepteur sint occaecat cupidatat non proident, sunt in culpa qui officia deserunt mollit anim id est laborum.<\\/p>\",\"2\":\"\"}}', '2015-10-03 22:56:37', '2015-10-03 22:56:37', '616b752e-6dcd-4b74-a569-e45ef0724932');
INSERT INTO `4y2e9_entryversions` (`id`, `entryId`, `sectionId`, `creatorId`, `locale`, `num`, `notes`, `data`, `dateCreated`, `dateUpdated`, `uid`) VALUES ('16', '17', '2', '1', 'en_ca', '2', '', '{\"typeId\":\"2\",\"authorId\":\"1\",\"title\":\"Integrated Control Systems\",\"slug\":\"integrated-control-systems\",\"postDate\":1362009600,\"expiryDate\":null,\"enabled\":1,\"fields\":{\"22\":[\"21\"],\"1\":\"<p>Konnexis\\u2019 control systems do more than simply monitor your sterilization process.  This is because our systems are fully integrated with product tracking and process monitoring!  Read <a title=\\\"Why Konnexis?\\\" href=\\\"http:\\/\\/www.konnexis.com\\/why-integrate\\/\\\">About Us&gt;&gt;Why Konnexis?<\\/a> to find out about the benefits of our systems.<\\/p>\"}}', '2015-10-03 23:08:41', '2015-10-03 23:08:41', 'd16e1fa0-9a1d-4b13-b09b-b469e02c38f1');
INSERT INTO `4y2e9_entryversions` (`id`, `entryId`, `sectionId`, `creatorId`, `locale`, `num`, `notes`, `data`, `dateCreated`, `dateUpdated`, `uid`) VALUES ('17', '20', '2', '1', 'en_ca', '2', '', '{\"typeId\":\"2\",\"authorId\":\"1\",\"title\":\"test 3\",\"slug\":\"test-3\",\"postDate\":1443912960,\"expiryDate\":null,\"enabled\":1,\"fields\":{\"22\":[\"4\"],\"1\":\"<p>Lorem ipsum dolor sit amet, consectetur adipisicing elit, sed do eiusmod tempor incididunt ut labore et dolore magna aliqua. Ut enim ad minim veniam, quis nostrud exercitation ullamco laboris nisi ut aliquip ex ea commodo consequat. Duis aute irure dolor in reprehenderit in voluptate velit esse cillum dolore eu fugiat nulla pariatur. Excepteur sint occaecat cupidatat non proident, sunt in culpa qui officia deserunt mollit anim id est laborum.<\\/p>\"}}', '2015-10-03 23:13:42', '2015-10-03 23:13:42', '61b1c6fe-05a1-4fa0-a84e-e8dbd20e54df');
INSERT INTO `4y2e9_entryversions` (`id`, `entryId`, `sectionId`, `creatorId`, `locale`, `num`, `notes`, `data`, `dateCreated`, `dateUpdated`, `uid`) VALUES ('18', '18', '2', '1', 'en_ca', '2', '', '{\"typeId\":\"2\",\"authorId\":\"1\",\"title\":\"test entry\",\"slug\":\"test-entry\",\"postDate\":1443912960,\"expiryDate\":null,\"enabled\":1,\"fields\":{\"22\":[\"4\"],\"1\":\"<p>Lorem ipsum dolor sit amet, consectetur adipisicing elit, sed do eiusmod tempor incididunt ut labore et dolore magna aliqua. Ut enim ad minim veniam, quis nostrud exercitation ullamco laboris nisi ut aliquip ex ea commodo consequat. Duis aute irure dolor in reprehenderit in voluptate velit esse cillum dolore eu fugiat nulla pariatur. Excepteur sint occaecat cupidatat non proident, sunt in culpa qui officia deserunt mollit anim id est laborum.<\\/p>\"}}', '2015-10-03 23:13:53', '2015-10-03 23:13:53', '340ed009-74c3-4516-a52b-091de8ca3cb2');
INSERT INTO `4y2e9_entryversions` (`id`, `entryId`, `sectionId`, `creatorId`, `locale`, `num`, `notes`, `data`, `dateCreated`, `dateUpdated`, `uid`) VALUES ('19', '3', '2', '1', 'en_ca', '1', '', '{\"typeId\":\"2\",\"authorId\":\"1\",\"title\":\"We just installed Craft!\",\"slug\":\"we-just-installed-craft\",\"postDate\":1443300660,\"expiryDate\":null,\"enabled\":1,\"fields\":{\"22\":[\"4\"],\"1\":\"<p>Craft is the CMS that\\u2019s powering Konnexis.dev. It\\u2019s beautiful, powerful, flexible, and easy-to-use, and it\\u2019s made by Pixel & Tonic. We can\\u2019t wait to dive in and see what it\\u2019s capable of!<\\/p><hr class=\\\"redactor_pagebreak\\\" style=\\\"display:none\\\" unselectable=\\\"on\\\" contenteditable=\\\"false\\\"><p>This is even more captivating content, which you couldn\\u2019t see on the News index page because it was entered after a Page Break, and the News index template only likes to show the content on the first page.<\\/p><p>Craft: a nice alternative to Word, if you\\u2019re making a website.<\\/p>\"}}', '2015-10-03 23:14:07', '2015-10-03 23:14:07', 'e82b2032-08e1-41e2-a548-e57045e0baa3');
INSERT INTO `4y2e9_entryversions` (`id`, `entryId`, `sectionId`, `creatorId`, `locale`, `num`, `notes`, `data`, `dateCreated`, `dateUpdated`, `uid`) VALUES ('20', '19', '2', '1', 'en_ca', '2', '', '{\"typeId\":\"2\",\"authorId\":\"1\",\"title\":\"test 2\",\"slug\":\"test-2\",\"postDate\":1443912960,\"expiryDate\":null,\"enabled\":1,\"fields\":{\"22\":[\"21\"],\"1\":\"<p>Lorem ipsum dolor sit amet, consectetur adipisicing elit, sed do eiusmod tempor incididunt ut labore et dolore magna aliqua. Ut enim ad minim veniam, quis nostrud exercitation ullamco laboris nisi ut aliquip ex ea commodo consequat. Duis aute irure dolor in reprehenderit in voluptate velit esse cillum dolore eu fugiat nulla pariatur. Excepteur sint occaecat cupidatat non proident, sunt in culpa qui officia deserunt mollit anim id est laborum.<\\/p>\"}}', '2015-10-03 23:14:31', '2015-10-03 23:14:31', '17626c3c-460b-4aa9-b077-f9ce47aad682');
INSERT INTO `4y2e9_entryversions` (`id`, `entryId`, `sectionId`, `creatorId`, `locale`, `num`, `notes`, `data`, `dateCreated`, `dateUpdated`, `uid`) VALUES ('21', '6', '3', '1', 'en_ca', '2', '', '{\"typeId\":\"3\",\"authorId\":\"1\",\"title\":\"Sterilization Services Contractors\",\"slug\":\"sterilization-services-contractors\",\"postDate\":1443886440,\"expiryDate\":null,\"enabled\":1,\"fields\":{\"5\":[\"4\"],\"7\":\"\",\"4\":\"This is the tagling subtext\"}}', '2015-10-12 17:31:53', '2015-10-12 17:31:53', 'db649bc8-8a90-4173-ac94-f5d28e2c897f');
INSERT INTO `4y2e9_entryversions` (`id`, `entryId`, `sectionId`, `creatorId`, `locale`, `num`, `notes`, `data`, `dateCreated`, `dateUpdated`, `uid`) VALUES ('22', '6', '3', '1', 'en_ca', '3', '', '{\"typeId\":\"3\",\"authorId\":\"1\",\"title\":\"Sterilization Services Contractors\",\"slug\":\"sterilization-services-contractors\",\"postDate\":1443886440,\"expiryDate\":null,\"enabled\":1,\"fields\":{\"5\":[\"4\"],\"7\":{\"new1\":{\"type\":\"twoColumnText\",\"enabled\":\"1\",\"fields\":{\"heading\":\"Sterilization Service Contractors\",\"leftColumnText\":\"<p>Lorem ipsum dolor sit amet, consectetur adipisicing elit, sed do eiusmod tempor incididunt ut labore et dolore magna aliqua. Ut enim ad minim veniam, quis nostrud exercitation ullamco laboris nisi ut aliquip ex ea commodo consequat. Duis aute irure dolor in reprehenderit in voluptate velit esse cillum dolore eu fugiat nulla pariatur. Excepteur sint occaecat cupidatat non proident, sunt in culpa qui officia deserunt mollit anim id est laborum.<\\/p>\",\"rightColumnText\":\"<p>Lorem ipsum dolor sit amet, consectetur adipisicing elit, sed do eiusmod tempor incididunt ut labore et dolore magna aliqua. Ut enim ad minim veniam, quis nostrud exercitation ullamco laboris nisi ut aliquip ex ea commodo consequat. Duis aute irure dolor in reprehenderit in voluptate velit esse cillum dolore eu fugiat nulla pariatur. Excepteur sint occaecat cupidatat non proident, sunt in culpa qui officia deserunt mollit anim id est laborum.<\\/p>\",\"backgroundColor\":\"White\"}}},\"4\":\"This is the tagline subtext\"}}', '2015-10-12 18:29:59', '2015-10-12 18:29:59', '2f90a389-68bf-44ec-b195-0fc2ce3c1ae4');
INSERT INTO `4y2e9_entryversions` (`id`, `entryId`, `sectionId`, `creatorId`, `locale`, `num`, `notes`, `data`, `dateCreated`, `dateUpdated`, `uid`) VALUES ('23', '6', '3', '1', 'en_ca', '4', '', '{\"typeId\":\"3\",\"authorId\":\"1\",\"title\":\"Sterilization Services Contractors\",\"slug\":\"sterilization-services-contractors\",\"postDate\":1443886440,\"expiryDate\":null,\"enabled\":1,\"fields\":{\"5\":[\"4\"],\"7\":{\"22\":{\"type\":\"twoColumnText\",\"enabled\":\"1\",\"fields\":{\"heading\":\"Sterilization Service Contractors\",\"leftColumnText\":\"<p>Lorem ipsum dolor sit amet, consectetur adipisicing elit, sed do eiusmod tempor incididunt ut labore et dolore magna aliqua. Ut enim ad minim veniam, quis nostrud exercitation ullamco laboris nisi ut aliquip ex ea commodo consequat. Duis aute irure dolor in reprehenderit in voluptate velit esse cillum dolore eu fugiat nulla pariatur. Excepteur sint occaecat cupidatat non proident, sunt in culpa qui officia deserunt mollit anim id est laborum.<\\/p>\",\"rightColumnText\":\"<p>Lorem ipsum dolor sit amet, consectetur adipisicing elit, sed do eiusmod tempor incididunt ut labore et dolore magna aliqua. Ut enim ad minim veniam, quis nostrud exercitation ullamco laboris nisi ut aliquip ex ea commodo consequat. Duis aute irure dolor in reprehenderit in voluptate velit esse cillum dolore eu fugiat nulla pariatur. Excepteur sint occaecat cupidatat non proident, sunt in culpa qui officia deserunt mollit anim id est laborum.<\\/p>\",\"backgroundColor\":\"White\"}},\"new1\":{\"type\":\"testimonialSlider\",\"enabled\":\"1\",\"fields\":{\"testimonials\":[\"14\"]}}},\"4\":\"This is the tagline subtext\"}}', '2015-10-12 18:38:01', '2015-10-12 18:38:01', '041514b0-d4a9-4cc9-ac57-0d749c8672f3');
INSERT INTO `4y2e9_entryversions` (`id`, `entryId`, `sectionId`, `creatorId`, `locale`, `num`, `notes`, `data`, `dateCreated`, `dateUpdated`, `uid`) VALUES ('24', '6', '3', '1', 'en_ca', '5', '', '{\"typeId\":\"3\",\"authorId\":\"1\",\"title\":\"Sterilization Services Contractors\",\"slug\":\"sterilization-services-contractors\",\"postDate\":1443886440,\"expiryDate\":null,\"enabled\":1,\"fields\":{\"5\":[\"4\"],\"7\":{\"22\":{\"type\":\"twoColumnText\",\"enabled\":\"1\",\"fields\":{\"heading\":\"Sterilization Service Contractors\",\"leftColumnText\":\"<p>Lorem ipsum dolor sit amet, consectetur adipisicing elit, sed do eiusmod tempor incididunt ut labore et dolore magna aliqua. Ut enim ad minim veniam, quis nostrud exercitation ullamco laboris nisi ut aliquip ex ea commodo consequat. Duis aute irure dolor in reprehenderit in voluptate velit esse cillum dolore eu fugiat nulla pariatur. Excepteur sint occaecat cupidatat non proident, sunt in culpa qui officia deserunt mollit anim id est laborum.\\r\\n<\\/p>\",\"rightColumnText\":\"<p>Lorem ipsum dolor sit amet, consectetur adipisicing elit, sed do eiusmod tempor incididunt ut labore et dolore magna aliqua. Ut enim ad minim veniam, quis nostrud exercitation ullamco laboris nisi ut aliquip ex ea commodo consequat. Duis aute irure dolor in reprehenderit in voluptate velit esse cillum dolore eu fugiat nulla pariatur. Excepteur sint occaecat cupidatat non proident, sunt in culpa qui officia deserunt mollit anim id est laborum.\\r\\n<\\/p>\",\"backgroundColor\":\"White\"}},\"23\":{\"type\":\"testimonialSlider\",\"enabled\":\"1\",\"fields\":{\"testimonials\":[\"14\"]}},\"new1\":{\"type\":\"callToAction\",\"enabled\":\"1\",\"fields\":{\"introHeading\":\"For more information or to request a quote\",\"ctaButtonText\":\"Contact Us\",\"ctaButtonLink\":[\"16\"]}}},\"4\":\"This is the tagline subtext\"}}', '2015-10-12 18:47:12', '2015-10-12 18:47:12', 'df0bcf33-69be-4fb3-b7d7-a32b6dffc8b6');
INSERT INTO `4y2e9_entryversions` (`id`, `entryId`, `sectionId`, `creatorId`, `locale`, `num`, `notes`, `data`, `dateCreated`, `dateUpdated`, `uid`) VALUES ('25', '13', '3', '1', 'en_ca', '2', '', '{\"typeId\":\"3\",\"authorId\":\"1\",\"title\":\"About Us\",\"slug\":\"about-us\",\"postDate\":1443886560,\"expiryDate\":null,\"enabled\":1,\"fields\":{\"5\":[\"4\"],\"7\":\"\",\"4\":\"Originally from Slovakia, Peter Veselovsky came to Canada to study process engineering at the University of Toronto. As an avid skier he fell in love with Canadian winters and decided to stay. While working with Nordion leading their Irradiator Control Systems group and their Radiation Therapy Controls group he realized that the level of integration into large company systems was severely lacking. Peter believed that it was possible to integrate sterilization control systems with manufacturer\\u2019s complex work flows and still have highly effective and safe systems that would meet stringent regulatory standards. With this aim, Peter formed Konnexis in 2000 and now, with his hand picked team, provides control systems and integration services for sterilization systems of all kinds around the world.\"}}', '2015-10-12 19:38:26', '2015-10-12 19:38:26', 'dab46263-3c13-4db4-ba48-72802a0e82c6');
INSERT INTO `4y2e9_entryversions` (`id`, `entryId`, `sectionId`, `creatorId`, `locale`, `num`, `notes`, `data`, `dateCreated`, `dateUpdated`, `uid`) VALUES ('26', '13', '3', '1', 'en_ca', '3', '', '{\"typeId\":\"3\",\"authorId\":\"1\",\"title\":\"About Us\",\"slug\":\"about-us\",\"postDate\":1443886560,\"expiryDate\":null,\"enabled\":1,\"fields\":{\"5\":[\"4\"],\"7\":{\"new1\":{\"type\":\"twoColumnText\",\"enabled\":\"1\",\"fields\":{\"heading\":\"\",\"leftColumnText\":\"<h2>Dedicated to the Sterilization Industry<\\/h2><p>Konnexis Inc. provides process control systems specifically for the sterilization industry delivering advanced and expert control and monitoring solutions for growth, production efficiency, and a future-proof system. Since 2000, Konnexis Inc. has grown to establish an international presence within the sterilization industry partnering with some of the world\\u2019s largest <a href=\\\"http:\\/\\/konnexis.dev\\/sterilization-services-contractors#entry:6\\\">contract sterilization companies<\\/a> and <a href=\\\"http:\\/\\/konnexis.dev\\/medical-device-manufacturers#entry:5\\\">medical device manufacturers<\\/a>.\\r\\n<\\/p>\",\"rightColumnText\":\"<h2>Global Market Leaders in Sterilization Control Systems<\\/h2><p>Konnexis is a global market leader of modern sterilization control systems. We have a range of proven solutions that have undergone rigorous testing to provide you with a reliable and dependable solution for any sterilization modality. Konnexis was selected as the control system for the world\\u2019s first high volume industrial sterilization x-ray facility. Our control systems are being used throughout the world which <strong>sterilize over 1 million pallets per year.<\\/strong>\\r\\n<\\/p>\",\"backgroundColor\":\"white\"}}},\"4\":\"Originally from Slovakia, Peter Veselovsky came to Canada to study process engineering at the University of Toronto. As an avid skier he fell in love with Canadian winters and decided to stay. While working with Nordion leading their Irradiator Control Systems group and their Radiation Therapy Controls group he realized that the level of integration into large company systems was severely lacking. Peter believed that it was possible to integrate sterilization control systems with manufacturer\\u2019s complex work flows and still have highly effective and safe systems that would meet stringent regulatory standards. With this aim, Peter formed Konnexis in 2000 and now, with his hand picked team, provides control systems and integration services for sterilization systems of all kinds around the world.\"}}', '2015-10-12 19:42:29', '2015-10-12 19:42:29', '400480b9-4004-4245-be31-0e999dcb4ccb');
INSERT INTO `4y2e9_entryversions` (`id`, `entryId`, `sectionId`, `creatorId`, `locale`, `num`, `notes`, `data`, `dateCreated`, `dateUpdated`, `uid`) VALUES ('27', '6', '3', '1', 'en_ca', '6', '', '{\"typeId\":\"3\",\"authorId\":\"1\",\"title\":\"Sterilization Services Contractors\",\"slug\":\"sterilization-services-contractors\",\"postDate\":1443886440,\"expiryDate\":null,\"enabled\":1,\"fields\":{\"5\":[\"4\"],\"7\":{\"22\":{\"type\":\"twoColumnText\",\"enabled\":\"1\",\"fields\":{\"heading\":\"Sterilization Service Contractors\",\"leftColumnText\":\"<p>Lorem ipsum dolor sit amet, consectetur adipisicing elit, sed do eiusmod tempor incididunt ut labore et dolore magna aliqua. Ut enim ad minim veniam, quis nostrud exercitation ullamco laboris nisi ut aliquip ex ea commodo consequat. Duis aute irure dolor in reprehenderit in voluptate velit esse cillum dolore eu fugiat nulla pariatur. Excepteur sint occaecat cupidatat non proident, sunt in culpa qui officia deserunt mollit anim id est laborum.\\r\\n<\\/p>\",\"rightColumnText\":\"<p>Lorem ipsum dolor sit amet, consectetur adipisicing elit, sed do eiusmod tempor incididunt ut labore et dolore magna aliqua. Ut enim ad minim veniam, quis nostrud exercitation ullamco laboris nisi ut aliquip ex ea commodo consequat. Duis aute irure dolor in reprehenderit in voluptate velit esse cillum dolore eu fugiat nulla pariatur. Excepteur sint occaecat cupidatat non proident, sunt in culpa qui officia deserunt mollit anim id est laborum.\\r\\n<\\/p>\"}},\"23\":{\"type\":\"testimonialSlider\",\"enabled\":\"1\",\"fields\":{\"testimonials\":[\"14\"]}},\"24\":{\"type\":\"callToAction\",\"enabled\":\"1\",\"fields\":{\"introHeading\":\"For more information or to request a quote\",\"ctaButtonText\":\"Contact Us\",\"ctaButtonLink\":[\"16\"],\"backgroundColor\":\"white\"}}},\"4\":\"Konnexis provides competitive advantage through affordable scalability through integration of data management in Irradiator and chamber control. Our systems include product tracking, specification management, and process monitoring. We offer seamless integration with our customers\\u2019 MRP systems, providing enterprise-wide access to on-the-floor information in real time.\"}}', '2015-10-12 19:43:59', '2015-10-12 19:43:59', '2d703f1f-cf9e-4a12-ac0b-d86cdb93735b');
INSERT INTO `4y2e9_entryversions` (`id`, `entryId`, `sectionId`, `creatorId`, `locale`, `num`, `notes`, `data`, `dateCreated`, `dateUpdated`, `uid`) VALUES ('28', '5', '3', '1', 'en_ca', '2', '', '{\"typeId\":\"3\",\"authorId\":\"1\",\"title\":\"Medical Device Manufacturers\",\"slug\":\"medical-device-manufacturers\",\"postDate\":1443886380,\"expiryDate\":null,\"enabled\":1,\"fields\":{\"5\":[\"4\"],\"7\":\"\",\"4\":\"Konnexis helps you ensure that your products are efficiently and properly sterilized through integration of data management systems in Irradiator and chamber control. Our systems include product tracking, specification management, and process monitoring. We offer seamless integration with our customers\\u2019 MRP systems, providing enterprise-wide access to on-the-floor information in real time.\"}}', '2015-10-12 19:44:17', '2015-10-12 19:44:17', 'ea6be8a6-ffaa-4b7f-9390-fca919de162a');



DROP TABLE IF EXISTS `4y2e9_fieldgroups`;


--
-- Schema for table `4y2e9_fieldgroups`
--
CREATE TABLE `4y2e9_fieldgroups` (
  `id` int(11) NOT NULL AUTO_INCREMENT,
  `name` varchar(255) COLLATE utf8_unicode_ci NOT NULL,
  `dateCreated` datetime NOT NULL,
  `dateUpdated` datetime NOT NULL,
  `uid` char(36) COLLATE utf8_unicode_ci NOT NULL DEFAULT '0',
  PRIMARY KEY (`id`),
  UNIQUE KEY `4y2e9_fieldgroups_name_unq_idx` (`name`)
) ENGINE=InnoDB AUTO_INCREMENT=2 DEFAULT CHARSET=utf8 COLLATE=utf8_unicode_ci;

--
-- Data for table `4y2e9_fieldgroups`
--

INSERT INTO `4y2e9_fieldgroups` (`id`, `name`, `dateCreated`, `dateUpdated`, `uid`) VALUES ('1', 'Default', '2015-09-26 20:51:48', '2015-09-26 20:51:48', '21ace603-d441-486c-8dca-4bef3eccb1d4');



DROP TABLE IF EXISTS `4y2e9_fieldlayoutfields`;


--
-- Schema for table `4y2e9_fieldlayoutfields`
--
CREATE TABLE `4y2e9_fieldlayoutfields` (
  `id` int(11) NOT NULL AUTO_INCREMENT,
  `layoutId` int(11) NOT NULL,
  `tabId` int(11) NOT NULL,
  `fieldId` int(11) NOT NULL,
  `required` tinyint(1) unsigned NOT NULL DEFAULT '0',
  `sortOrder` tinyint(4) DEFAULT NULL,
  `dateCreated` datetime NOT NULL,
  `dateUpdated` datetime NOT NULL,
  `uid` char(36) COLLATE utf8_unicode_ci NOT NULL DEFAULT '0',
  PRIMARY KEY (`id`),
  UNIQUE KEY `4y2e9_fieldlayoutfields_layoutId_fieldId_unq_idx` (`layoutId`,`fieldId`),
  KEY `4y2e9_fieldlayoutfields_sortOrder_idx` (`sortOrder`),
  KEY `4y2e9_fieldlayoutfields_tabId_fk` (`tabId`),
  KEY `4y2e9_fieldlayoutfields_fieldId_fk` (`fieldId`)
) ENGINE=InnoDB AUTO_INCREMENT=116 DEFAULT CHARSET=utf8 COLLATE=utf8_unicode_ci;

--
-- Data for table `4y2e9_fieldlayoutfields`
--

INSERT INTO `4y2e9_fieldlayoutfields` (`id`, `layoutId`, `tabId`, `fieldId`, `required`, `sortOrder`, `dateCreated`, `dateUpdated`, `uid`) VALUES ('7', '10', '6', '5', '0', '1', '2015-10-03 14:35:06', '2015-10-03 14:35:06', 'd1680e44-0eba-4ccf-b261-d6b26c00564f');
INSERT INTO `4y2e9_fieldlayoutfields` (`id`, `layoutId`, `tabId`, `fieldId`, `required`, `sortOrder`, `dateCreated`, `dateUpdated`, `uid`) VALUES ('8', '10', '6', '3', '0', '2', '2015-10-03 14:35:06', '2015-10-03 14:35:06', '4360298d-71d8-4c8f-bc12-09249717b788');
INSERT INTO `4y2e9_fieldlayoutfields` (`id`, `layoutId`, `tabId`, `fieldId`, `required`, `sortOrder`, `dateCreated`, `dateUpdated`, `uid`) VALUES ('9', '10', '6', '4', '0', '3', '2015-10-03 14:35:06', '2015-10-03 14:35:06', '2c8d858f-d8f7-4d1c-a00e-bb6c150a2c78');
INSERT INTO `4y2e9_fieldlayoutfields` (`id`, `layoutId`, `tabId`, `fieldId`, `required`, `sortOrder`, `dateCreated`, `dateUpdated`, `uid`) VALUES ('10', '11', '7', '6', '0', '1', '2015-10-03 15:06:22', '2015-10-03 15:06:22', 'fd487b10-0f4e-4497-8548-9d62b17fcf04');
INSERT INTO `4y2e9_fieldlayoutfields` (`id`, `layoutId`, `tabId`, `fieldId`, `required`, `sortOrder`, `dateCreated`, `dateUpdated`, `uid`) VALUES ('22', '23', '12', '16', '0', '1', '2015-10-03 18:32:37', '2015-10-03 18:32:37', 'd482f5ee-6945-47c7-b462-5aa617e96ee3');
INSERT INTO `4y2e9_fieldlayoutfields` (`id`, `layoutId`, `tabId`, `fieldId`, `required`, `sortOrder`, `dateCreated`, `dateUpdated`, `uid`) VALUES ('23', '23', '12', '1', '0', '2', '2015-10-03 18:32:37', '2015-10-03 18:32:37', '486eef0e-9296-4cd4-99f5-9dbab9f6780f');
INSERT INTO `4y2e9_fieldlayoutfields` (`id`, `layoutId`, `tabId`, `fieldId`, `required`, `sortOrder`, `dateCreated`, `dateUpdated`, `uid`) VALUES ('33', '28', '16', '17', '0', '1', '2015-10-03 18:40:00', '2015-10-03 18:40:00', 'fe251be9-6fda-44fb-bc0f-05b35a8e91ed');
INSERT INTO `4y2e9_fieldlayoutfields` (`id`, `layoutId`, `tabId`, `fieldId`, `required`, `sortOrder`, `dateCreated`, `dateUpdated`, `uid`) VALUES ('34', '28', '16', '18', '0', '2', '2015-10-03 18:40:00', '2015-10-03 18:40:00', '69a34809-9507-482d-a8ca-f8b5b58c9722');
INSERT INTO `4y2e9_fieldlayoutfields` (`id`, `layoutId`, `tabId`, `fieldId`, `required`, `sortOrder`, `dateCreated`, `dateUpdated`, `uid`) VALUES ('35', '28', '16', '19', '0', '3', '2015-10-03 18:40:00', '2015-10-03 18:40:00', 'b66c3969-2b0d-44e8-aec4-be4b5f630682');
INSERT INTO `4y2e9_fieldlayoutfields` (`id`, `layoutId`, `tabId`, `fieldId`, `required`, `sortOrder`, `dateCreated`, `dateUpdated`, `uid`) VALUES ('36', '28', '16', '20', '0', '4', '2015-10-03 18:40:00', '2015-10-03 18:40:00', '0a226d9c-ade2-468a-825b-2d00b7c86724');
INSERT INTO `4y2e9_fieldlayoutfields` (`id`, `layoutId`, `tabId`, `fieldId`, `required`, `sortOrder`, `dateCreated`, `dateUpdated`, `uid`) VALUES ('37', '28', '16', '21', '0', '5', '2015-10-03 18:40:00', '2015-10-03 18:40:00', '150cdf7a-9f92-4f62-ab14-eb5fbc334a1d');
INSERT INTO `4y2e9_fieldlayoutfields` (`id`, `layoutId`, `tabId`, `fieldId`, `required`, `sortOrder`, `dateCreated`, `dateUpdated`, `uid`) VALUES ('38', '30', '17', '22', '0', '1', '2015-10-03 23:07:51', '2015-10-03 23:07:51', '5ef6a32e-52db-4529-8ec9-e42f771eb4f9');
INSERT INTO `4y2e9_fieldlayoutfields` (`id`, `layoutId`, `tabId`, `fieldId`, `required`, `sortOrder`, `dateCreated`, `dateUpdated`, `uid`) VALUES ('39', '30', '17', '1', '1', '2', '2015-10-03 23:07:51', '2015-10-03 23:07:51', 'f2328108-392f-4c0f-930b-1d4c0e05f7ba');
INSERT INTO `4y2e9_fieldlayoutfields` (`id`, `layoutId`, `tabId`, `fieldId`, `required`, `sortOrder`, `dateCreated`, `dateUpdated`, `uid`) VALUES ('40', '31', '18', '5', '0', '1', '2015-10-12 17:31:28', '2015-10-12 17:31:28', '0b210d10-9282-4e6c-8cf8-448f960fcdd7');
INSERT INTO `4y2e9_fieldlayoutfields` (`id`, `layoutId`, `tabId`, `fieldId`, `required`, `sortOrder`, `dateCreated`, `dateUpdated`, `uid`) VALUES ('41', '31', '18', '4', '0', '2', '2015-10-12 17:31:28', '2015-10-12 17:31:28', '802495f1-5c0f-45b1-a3d6-ffa77a277418');
INSERT INTO `4y2e9_fieldlayoutfields` (`id`, `layoutId`, `tabId`, `fieldId`, `required`, `sortOrder`, `dateCreated`, `dateUpdated`, `uid`) VALUES ('42', '31', '18', '7', '0', '3', '2015-10-12 17:31:28', '2015-10-12 17:31:28', 'cabcc27c-336e-4f92-94b9-7393ef39aad1');
INSERT INTO `4y2e9_fieldlayoutfields` (`id`, `layoutId`, `tabId`, `fieldId`, `required`, `sortOrder`, `dateCreated`, `dateUpdated`, `uid`) VALUES ('100', '47', '34', '8', '0', '1', '2015-10-12 19:07:44', '2015-10-12 19:07:44', '4839a04e-1d1a-4910-aace-a4f3adbee3e3');
INSERT INTO `4y2e9_fieldlayoutfields` (`id`, `layoutId`, `tabId`, `fieldId`, `required`, `sortOrder`, `dateCreated`, `dateUpdated`, `uid`) VALUES ('101', '47', '34', '9', '0', '2', '2015-10-12 19:07:44', '2015-10-12 19:07:44', 'd1de963d-fda7-491c-ab15-4c9a196283e4');
INSERT INTO `4y2e9_fieldlayoutfields` (`id`, `layoutId`, `tabId`, `fieldId`, `required`, `sortOrder`, `dateCreated`, `dateUpdated`, `uid`) VALUES ('102', '47', '34', '10', '0', '3', '2015-10-12 19:07:44', '2015-10-12 19:07:44', 'fc52d50c-f1d4-4efa-93ad-acd50b491a4a');
INSERT INTO `4y2e9_fieldlayoutfields` (`id`, `layoutId`, `tabId`, `fieldId`, `required`, `sortOrder`, `dateCreated`, `dateUpdated`, `uid`) VALUES ('103', '47', '34', '11', '0', '4', '2015-10-12 19:07:44', '2015-10-12 19:07:44', '2b83c61e-2587-4140-9da2-2d9f2ef9b503');
INSERT INTO `4y2e9_fieldlayoutfields` (`id`, `layoutId`, `tabId`, `fieldId`, `required`, `sortOrder`, `dateCreated`, `dateUpdated`, `uid`) VALUES ('104', '47', '34', '12', '0', '5', '2015-10-12 19:07:44', '2015-10-12 19:07:44', '3a2d2f4d-58a2-4335-8ca5-823c29cae2ce');
INSERT INTO `4y2e9_fieldlayoutfields` (`id`, `layoutId`, `tabId`, `fieldId`, `required`, `sortOrder`, `dateCreated`, `dateUpdated`, `uid`) VALUES ('105', '47', '34', '13', '0', '6', '2015-10-12 19:07:44', '2015-10-12 19:07:44', '5ed0ac4a-02ee-4a4a-91fe-73777dffbb49');
INSERT INTO `4y2e9_fieldlayoutfields` (`id`, `layoutId`, `tabId`, `fieldId`, `required`, `sortOrder`, `dateCreated`, `dateUpdated`, `uid`) VALUES ('106', '47', '34', '14', '0', '7', '2015-10-12 19:07:44', '2015-10-12 19:07:44', '407ea98a-d5b7-4c27-ae0c-84f6d0922f86');
INSERT INTO `4y2e9_fieldlayoutfields` (`id`, `layoutId`, `tabId`, `fieldId`, `required`, `sortOrder`, `dateCreated`, `dateUpdated`, `uid`) VALUES ('107', '48', '35', '23', '0', '1', '2015-10-12 19:07:44', '2015-10-12 19:07:44', 'a29753fe-e61c-4715-b229-ebb4ef044f07');
INSERT INTO `4y2e9_fieldlayoutfields` (`id`, `layoutId`, `tabId`, `fieldId`, `required`, `sortOrder`, `dateCreated`, `dateUpdated`, `uid`) VALUES ('108', '48', '35', '24', '0', '2', '2015-10-12 19:07:44', '2015-10-12 19:07:44', '173b71c7-fe98-4eff-9185-fac4c5833cb3');
INSERT INTO `4y2e9_fieldlayoutfields` (`id`, `layoutId`, `tabId`, `fieldId`, `required`, `sortOrder`, `dateCreated`, `dateUpdated`, `uid`) VALUES ('109', '48', '35', '25', '0', '3', '2015-10-12 19:07:44', '2015-10-12 19:07:44', '1c8e5f82-cf88-4cb6-9117-cd2af623af8a');
INSERT INTO `4y2e9_fieldlayoutfields` (`id`, `layoutId`, `tabId`, `fieldId`, `required`, `sortOrder`, `dateCreated`, `dateUpdated`, `uid`) VALUES ('110', '48', '35', '26', '0', '4', '2015-10-12 19:07:44', '2015-10-12 19:07:44', 'f6c34824-db23-45f9-889b-c3a63495a16a');
INSERT INTO `4y2e9_fieldlayoutfields` (`id`, `layoutId`, `tabId`, `fieldId`, `required`, `sortOrder`, `dateCreated`, `dateUpdated`, `uid`) VALUES ('111', '49', '36', '15', '0', '1', '2015-10-12 19:07:44', '2015-10-12 19:07:44', 'd86a4257-ec46-4d06-9b83-9415eb286b87');
INSERT INTO `4y2e9_fieldlayoutfields` (`id`, `layoutId`, `tabId`, `fieldId`, `required`, `sortOrder`, `dateCreated`, `dateUpdated`, `uid`) VALUES ('112', '50', '37', '27', '0', '1', '2015-10-12 19:07:44', '2015-10-12 19:07:44', '3bbbf449-d5ca-48e4-b738-febd1bd97fee');
INSERT INTO `4y2e9_fieldlayoutfields` (`id`, `layoutId`, `tabId`, `fieldId`, `required`, `sortOrder`, `dateCreated`, `dateUpdated`, `uid`) VALUES ('113', '50', '37', '28', '0', '2', '2015-10-12 19:07:44', '2015-10-12 19:07:44', '822c408a-5934-434e-b91a-30db45491240');
INSERT INTO `4y2e9_fieldlayoutfields` (`id`, `layoutId`, `tabId`, `fieldId`, `required`, `sortOrder`, `dateCreated`, `dateUpdated`, `uid`) VALUES ('114', '50', '37', '29', '0', '3', '2015-10-12 19:07:44', '2015-10-12 19:07:44', '63aed7ff-96bf-44dc-bdaa-30085f1da41e');
INSERT INTO `4y2e9_fieldlayoutfields` (`id`, `layoutId`, `tabId`, `fieldId`, `required`, `sortOrder`, `dateCreated`, `dateUpdated`, `uid`) VALUES ('115', '50', '37', '30', '0', '4', '2015-10-12 19:07:44', '2015-10-12 19:07:44', '582fd83f-d3d1-4d71-b730-727dfc244d59');



DROP TABLE IF EXISTS `4y2e9_fieldlayouts`;


--
-- Schema for table `4y2e9_fieldlayouts`
--
CREATE TABLE `4y2e9_fieldlayouts` (
  `id` int(11) NOT NULL AUTO_INCREMENT,
  `type` varchar(150) COLLATE utf8_unicode_ci NOT NULL,
  `dateCreated` datetime NOT NULL,
  `dateUpdated` datetime NOT NULL,
  `uid` char(36) COLLATE utf8_unicode_ci NOT NULL DEFAULT '0',
  PRIMARY KEY (`id`),
  KEY `4y2e9_fieldlayouts_type_idx` (`type`)
) ENGINE=InnoDB AUTO_INCREMENT=51 DEFAULT CHARSET=utf8 COLLATE=utf8_unicode_ci;

--
-- Data for table `4y2e9_fieldlayouts`
--

INSERT INTO `4y2e9_fieldlayouts` (`id`, `type`, `dateCreated`, `dateUpdated`, `uid`) VALUES ('1', 'Tag', '2015-09-26 20:51:48', '2015-09-26 20:51:48', 'c7ef6b70-90eb-4cea-bdd3-2194fef39eeb');
INSERT INTO `4y2e9_fieldlayouts` (`id`, `type`, `dateCreated`, `dateUpdated`, `uid`) VALUES ('10', 'Entry', '2015-10-03 14:35:06', '2015-10-03 14:35:06', 'e10212f7-86a4-4e05-a383-193d20a72b9f');
INSERT INTO `4y2e9_fieldlayouts` (`id`, `type`, `dateCreated`, `dateUpdated`, `uid`) VALUES ('11', 'Asset', '2015-10-03 15:06:22', '2015-10-03 15:06:22', 'a603def8-febc-471a-98c7-eae6685b0ae4');
INSERT INTO `4y2e9_fieldlayouts` (`id`, `type`, `dateCreated`, `dateUpdated`, `uid`) VALUES ('14', 'Entry', '2015-10-03 15:31:36', '2015-10-03 15:31:36', '4e627ace-7c5f-4c29-8b44-8ff7603814e2');
INSERT INTO `4y2e9_fieldlayouts` (`id`, `type`, `dateCreated`, `dateUpdated`, `uid`) VALUES ('23', 'Entry', '2015-10-03 18:32:37', '2015-10-03 18:32:37', '16a5b508-0427-4db4-970e-c74d9f74eae5');
INSERT INTO `4y2e9_fieldlayouts` (`id`, `type`, `dateCreated`, `dateUpdated`, `uid`) VALUES ('28', 'GlobalSet', '2015-10-03 18:40:00', '2015-10-03 18:40:00', '61b1c066-bf84-44b8-b039-f4448ec64a02');
INSERT INTO `4y2e9_fieldlayouts` (`id`, `type`, `dateCreated`, `dateUpdated`, `uid`) VALUES ('29', 'Entry', '2015-10-03 21:26:13', '2015-10-03 21:26:13', '67d0349d-c672-44aa-9020-916046f37e91');
INSERT INTO `4y2e9_fieldlayouts` (`id`, `type`, `dateCreated`, `dateUpdated`, `uid`) VALUES ('30', 'Entry', '2015-10-03 23:07:51', '2015-10-03 23:07:51', '9964dd39-bd79-4540-97b0-172d816f5238');
INSERT INTO `4y2e9_fieldlayouts` (`id`, `type`, `dateCreated`, `dateUpdated`, `uid`) VALUES ('31', 'Entry', '2015-10-12 17:31:28', '2015-10-12 17:31:28', 'e153325c-807c-48f1-ab50-d23efecd92d1');
INSERT INTO `4y2e9_fieldlayouts` (`id`, `type`, `dateCreated`, `dateUpdated`, `uid`) VALUES ('47', 'MatrixBlock', '2015-10-12 19:07:43', '2015-10-12 19:07:43', 'bdef0ab0-3732-4da0-b57c-fea8fa02d905');
INSERT INTO `4y2e9_fieldlayouts` (`id`, `type`, `dateCreated`, `dateUpdated`, `uid`) VALUES ('48', 'MatrixBlock', '2015-10-12 19:07:44', '2015-10-12 19:07:44', '1a0521d6-2e8b-4c04-833a-a826942b4d1e');
INSERT INTO `4y2e9_fieldlayouts` (`id`, `type`, `dateCreated`, `dateUpdated`, `uid`) VALUES ('49', 'MatrixBlock', '2015-10-12 19:07:44', '2015-10-12 19:07:44', 'b81b9e62-2053-40e1-9850-aa1ba2d82086');
INSERT INTO `4y2e9_fieldlayouts` (`id`, `type`, `dateCreated`, `dateUpdated`, `uid`) VALUES ('50', 'MatrixBlock', '2015-10-12 19:07:44', '2015-10-12 19:07:44', '163cbb51-69b8-4d86-a9bd-5edd6e9d2c65');



DROP TABLE IF EXISTS `4y2e9_fieldlayouttabs`;


--
-- Schema for table `4y2e9_fieldlayouttabs`
--
CREATE TABLE `4y2e9_fieldlayouttabs` (
  `id` int(11) NOT NULL AUTO_INCREMENT,
  `layoutId` int(11) NOT NULL,
  `name` varchar(255) COLLATE utf8_unicode_ci NOT NULL,
  `sortOrder` tinyint(4) DEFAULT NULL,
  `dateCreated` datetime NOT NULL,
  `dateUpdated` datetime NOT NULL,
  `uid` char(36) COLLATE utf8_unicode_ci NOT NULL DEFAULT '0',
  PRIMARY KEY (`id`),
  KEY `4y2e9_fieldlayouttabs_sortOrder_idx` (`sortOrder`),
  KEY `4y2e9_fieldlayouttabs_layoutId_fk` (`layoutId`)
) ENGINE=InnoDB AUTO_INCREMENT=38 DEFAULT CHARSET=utf8 COLLATE=utf8_unicode_ci;

--
-- Data for table `4y2e9_fieldlayouttabs`
--

INSERT INTO `4y2e9_fieldlayouttabs` (`id`, `layoutId`, `name`, `sortOrder`, `dateCreated`, `dateUpdated`, `uid`) VALUES ('6', '10', 'Content', '1', '2015-10-03 14:35:06', '2015-10-03 14:35:06', '604f21ea-c6df-44f4-9267-58599506f45d');
INSERT INTO `4y2e9_fieldlayouttabs` (`id`, `layoutId`, `name`, `sortOrder`, `dateCreated`, `dateUpdated`, `uid`) VALUES ('7', '11', 'Content', '1', '2015-10-03 15:06:22', '2015-10-03 15:06:22', '118082e2-462e-488d-a6a3-be17ff2cd4ed');
INSERT INTO `4y2e9_fieldlayouttabs` (`id`, `layoutId`, `name`, `sortOrder`, `dateCreated`, `dateUpdated`, `uid`) VALUES ('12', '23', 'Tab 1', '1', '2015-10-03 18:32:37', '2015-10-03 18:32:37', 'fbc5b0f1-fbe6-40b5-94c7-9a3c55283140');
INSERT INTO `4y2e9_fieldlayouttabs` (`id`, `layoutId`, `name`, `sortOrder`, `dateCreated`, `dateUpdated`, `uid`) VALUES ('16', '28', 'Content', '1', '2015-10-03 18:40:00', '2015-10-03 18:40:00', 'c4cc0d31-ec75-4a57-a456-e56077eccc13');
INSERT INTO `4y2e9_fieldlayouttabs` (`id`, `layoutId`, `name`, `sortOrder`, `dateCreated`, `dateUpdated`, `uid`) VALUES ('17', '30', 'Content', '1', '2015-10-03 23:07:51', '2015-10-03 23:07:51', '523bd8dd-daaa-4fc7-b584-677b4efe6eed');
INSERT INTO `4y2e9_fieldlayouttabs` (`id`, `layoutId`, `name`, `sortOrder`, `dateCreated`, `dateUpdated`, `uid`) VALUES ('18', '31', 'Tab 1', '1', '2015-10-12 17:31:28', '2015-10-12 17:31:28', 'd7fee38d-db9e-450a-a48c-fbfbab0b1ada');
INSERT INTO `4y2e9_fieldlayouttabs` (`id`, `layoutId`, `name`, `sortOrder`, `dateCreated`, `dateUpdated`, `uid`) VALUES ('34', '47', 'Content', '1', '2015-10-12 19:07:43', '2015-10-12 19:07:43', '67e16e7e-50b8-42b3-bffb-fc7e2fb9123d');
INSERT INTO `4y2e9_fieldlayouttabs` (`id`, `layoutId`, `name`, `sortOrder`, `dateCreated`, `dateUpdated`, `uid`) VALUES ('35', '48', 'Content', '1', '2015-10-12 19:07:44', '2015-10-12 19:07:44', '9338933b-6507-4b2b-9bfa-46a07ce0eb5b');
INSERT INTO `4y2e9_fieldlayouttabs` (`id`, `layoutId`, `name`, `sortOrder`, `dateCreated`, `dateUpdated`, `uid`) VALUES ('36', '49', 'Content', '1', '2015-10-12 19:07:44', '2015-10-12 19:07:44', 'c1168e5e-ca6e-4052-a6d3-8cec04d6d521');
INSERT INTO `4y2e9_fieldlayouttabs` (`id`, `layoutId`, `name`, `sortOrder`, `dateCreated`, `dateUpdated`, `uid`) VALUES ('37', '50', 'Content', '1', '2015-10-12 19:07:44', '2015-10-12 19:07:44', '024be3a5-8cc1-437e-8e98-bead7a8939ba');



DROP TABLE IF EXISTS `4y2e9_fields`;


--
-- Schema for table `4y2e9_fields`
--
CREATE TABLE `4y2e9_fields` (
  `id` int(11) NOT NULL AUTO_INCREMENT,
  `groupId` int(11) DEFAULT NULL,
  `name` varchar(255) COLLATE utf8_unicode_ci NOT NULL,
  `handle` varchar(58) COLLATE utf8_unicode_ci NOT NULL,
  `context` varchar(255) COLLATE utf8_unicode_ci NOT NULL DEFAULT 'global',
  `instructions` text COLLATE utf8_unicode_ci,
  `translatable` tinyint(1) unsigned NOT NULL DEFAULT '0',
  `type` varchar(150) COLLATE utf8_unicode_ci NOT NULL,
  `settings` text COLLATE utf8_unicode_ci,
  `dateCreated` datetime NOT NULL,
  `dateUpdated` datetime NOT NULL,
  `uid` char(36) COLLATE utf8_unicode_ci NOT NULL DEFAULT '0',
  PRIMARY KEY (`id`),
  UNIQUE KEY `4y2e9_fields_handle_context_unq_idx` (`handle`,`context`),
  KEY `4y2e9_fields_context_idx` (`context`),
  KEY `4y2e9_fields_groupId_fk` (`groupId`)
) ENGINE=InnoDB AUTO_INCREMENT=31 DEFAULT CHARSET=utf8 COLLATE=utf8_unicode_ci;

--
-- Data for table `4y2e9_fields`
--

INSERT INTO `4y2e9_fields` (`id`, `groupId`, `name`, `handle`, `context`, `instructions`, `translatable`, `type`, `settings`, `dateCreated`, `dateUpdated`, `uid`) VALUES ('1', '1', 'Body', 'body', 'global', NULL, '1', 'RichText', '{\"configFile\":\"Standard.json\",\"columnType\":\"text\"}', '2015-09-26 20:51:48', '2015-09-26 20:51:48', '06d6526a-0d4f-4a9f-bf37-b24b1e71e9c1');
INSERT INTO `4y2e9_fields` (`id`, `groupId`, `name`, `handle`, `context`, `instructions`, `translatable`, `type`, `settings`, `dateCreated`, `dateUpdated`, `uid`) VALUES ('2', '1', 'Tags', 'tags', 'global', NULL, '0', 'Tags', '{\"source\":\"taggroup:1\"}', '2015-09-26 20:51:48', '2015-09-26 20:51:48', '1a1188b9-0424-480a-9354-a8aa0a1745ad');
INSERT INTO `4y2e9_fields` (`id`, `groupId`, `name`, `handle`, `context`, `instructions`, `translatable`, `type`, `settings`, `dateCreated`, `dateUpdated`, `uid`) VALUES ('3', '1', 'Tagline', 'tagline', 'global', 'Main text to display at the top of the homepage', '0', 'PlainText', '{\"placeholder\":\"\",\"maxLength\":\"140\",\"multiline\":\"\",\"initialRows\":\"4\"}', '2015-10-03 14:24:37', '2015-10-03 14:24:37', '6dea90f6-891f-4f1d-a212-fbed32e603ef');
INSERT INTO `4y2e9_fields` (`id`, `groupId`, `name`, `handle`, `context`, `instructions`, `translatable`, `type`, `settings`, `dateCreated`, `dateUpdated`, `uid`) VALUES ('4', '1', 'Title / Tagline Subtext', 'taglineSubtext', 'global', 'Smaller text to appear below the main page title / tagline', '0', 'PlainText', '{\"placeholder\":\"\",\"maxLength\":\"\",\"multiline\":\"\",\"initialRows\":\"4\"}', '2015-10-03 14:25:04', '2015-10-12 19:38:06', 'd0371870-b352-4090-864e-c4052cb80f08');
INSERT INTO `4y2e9_fields` (`id`, `groupId`, `name`, `handle`, `context`, `instructions`, `translatable`, `type`, `settings`, `dateCreated`, `dateUpdated`, `uid`) VALUES ('5', '1', 'Header Background Image', 'headerBackgroundImage', 'global', '', '0', 'Assets', '{\"useSingleFolder\":\"\",\"defaultUploadLocationSubpath\":\"\",\"singleUploadLocationSubpath\":\"\",\"restrictFiles\":\"1\",\"allowedKinds\":[\"image\"],\"limit\":\"1\",\"selectionLabel\":\"Add an asset\"}', '2015-10-03 14:26:56', '2015-10-03 14:26:56', '60ca43d6-5895-4da7-b136-cefdc75a277e');
INSERT INTO `4y2e9_fields` (`id`, `groupId`, `name`, `handle`, `context`, `instructions`, `translatable`, `type`, `settings`, `dateCreated`, `dateUpdated`, `uid`) VALUES ('6', '1', 'Caption', 'caption', 'global', 'Caption for the image', '0', 'PlainText', '{\"placeholder\":\"\",\"maxLength\":\"\",\"multiline\":\"\",\"initialRows\":\"4\"}', '2015-10-03 14:28:21', '2015-10-03 14:28:21', 'a275e539-74ed-467a-9fb8-a14efb54d18a');
INSERT INTO `4y2e9_fields` (`id`, `groupId`, `name`, `handle`, `context`, `instructions`, `translatable`, `type`, `settings`, `dateCreated`, `dateUpdated`, `uid`) VALUES ('7', '1', 'Page Layout', 'pageLayout', 'global', '', '0', 'Matrix', '{\"maxBlocks\":null}', '2015-10-03 18:29:41', '2015-10-12 19:07:43', '0a1aa819-1498-4539-a42c-e003cf04a245');
INSERT INTO `4y2e9_fields` (`id`, `groupId`, `name`, `handle`, `context`, `instructions`, `translatable`, `type`, `settings`, `dateCreated`, `dateUpdated`, `uid`) VALUES ('8', NULL, 'Background Color', 'backgroundColor', 'matrixBlockType:1', '', '0', 'RadioButtons', '{\"options\":[{\"label\":\"White\",\"value\":\"white\",\"default\":\"1\"},{\"label\":\"Grey\",\"value\":\"grey\",\"default\":\"\"},{\"label\":\"Blue\",\"value\":\"blue\",\"default\":\"\"}]}', '2015-10-03 18:29:42', '2015-10-12 19:07:43', '2a66b59a-45e7-473e-a764-7cc2840db678');
INSERT INTO `4y2e9_fields` (`id`, `groupId`, `name`, `handle`, `context`, `instructions`, `translatable`, `type`, `settings`, `dateCreated`, `dateUpdated`, `uid`) VALUES ('9', NULL, 'Section Heading', 'sectionHeading', 'matrixBlockType:1', '', '0', 'PlainText', '{\"placeholder\":\"\",\"maxLength\":\"140\",\"multiline\":\"\",\"initialRows\":\"4\"}', '2015-10-03 18:29:42', '2015-10-12 19:07:43', '3f1eab55-7063-4969-95bf-07f2bb6f49b5');
INSERT INTO `4y2e9_fields` (`id`, `groupId`, `name`, `handle`, `context`, `instructions`, `translatable`, `type`, `settings`, `dateCreated`, `dateUpdated`, `uid`) VALUES ('10', NULL, 'Text Content', 'textContent', 'matrixBlockType:1', '', '0', 'RichText', '{\"configFile\":\"Simple.json\",\"cleanupHtml\":\"1\",\"purifyHtml\":\"\",\"columnType\":\"text\"}', '2015-10-03 18:29:42', '2015-10-12 19:07:43', 'aff5340c-1ca8-4384-a176-3b0b970246e0');
INSERT INTO `4y2e9_fields` (`id`, `groupId`, `name`, `handle`, `context`, `instructions`, `translatable`, `type`, `settings`, `dateCreated`, `dateUpdated`, `uid`) VALUES ('11', NULL, 'Call To Action Text', 'callToActionText', 'matrixBlockType:1', '', '0', 'PlainText', '{\"placeholder\":\"\",\"maxLength\":\"50\",\"multiline\":\"\",\"initialRows\":\"4\"}', '2015-10-03 18:29:42', '2015-10-12 19:07:43', '51b2918c-0689-4d1f-8c58-66896b52c774');
INSERT INTO `4y2e9_fields` (`id`, `groupId`, `name`, `handle`, `context`, `instructions`, `translatable`, `type`, `settings`, `dateCreated`, `dateUpdated`, `uid`) VALUES ('12', NULL, 'Call To Action Link', 'callToActionLink', 'matrixBlockType:1', '', '0', 'Entries', '{\"sources\":\"*\",\"limit\":\"1\",\"selectionLabel\":\"Add an entry\"}', '2015-10-03 18:29:42', '2015-10-12 19:07:43', '51e68bfe-2b02-4cda-ba06-3801c3c3a6e1');
INSERT INTO `4y2e9_fields` (`id`, `groupId`, `name`, `handle`, `context`, `instructions`, `translatable`, `type`, `settings`, `dateCreated`, `dateUpdated`, `uid`) VALUES ('13', NULL, 'Photo', 'photo', 'matrixBlockType:1', '', '0', 'Assets', '{\"useSingleFolder\":\"\",\"sources\":\"*\",\"defaultUploadLocationSource\":\"1\",\"defaultUploadLocationSubpath\":\"\",\"singleUploadLocationSource\":\"1\",\"singleUploadLocationSubpath\":\"\",\"restrictFiles\":\"1\",\"allowedKinds\":[\"image\"],\"limit\":\"1\",\"selectionLabel\":\"Add an asset\"}', '2015-10-03 18:29:42', '2015-10-12 19:07:43', '77000f7d-ae4a-4c57-bc28-c9e0732ae900');
INSERT INTO `4y2e9_fields` (`id`, `groupId`, `name`, `handle`, `context`, `instructions`, `translatable`, `type`, `settings`, `dateCreated`, `dateUpdated`, `uid`) VALUES ('14', NULL, 'Photo Alignment', 'photoAlignment', 'matrixBlockType:1', '', '0', 'PositionSelect', '{\"options\":[\"left\",\"right\"]}', '2015-10-03 18:29:42', '2015-10-12 19:07:43', 'b9400af2-6790-4031-9057-fa028a0e5954');
INSERT INTO `4y2e9_fields` (`id`, `groupId`, `name`, `handle`, `context`, `instructions`, `translatable`, `type`, `settings`, `dateCreated`, `dateUpdated`, `uid`) VALUES ('15', NULL, 'Testimonials', 'testimonials', 'matrixBlockType:2', '', '0', 'Entries', '{\"sources\":[\"section:4\"],\"limit\":\"5\",\"selectionLabel\":\"Add a testimonial\"}', '2015-10-03 18:29:43', '2015-10-12 19:07:44', '8455b6d5-5bde-40f2-90c4-e97cd0089e28');
INSERT INTO `4y2e9_fields` (`id`, `groupId`, `name`, `handle`, `context`, `instructions`, `translatable`, `type`, `settings`, `dateCreated`, `dateUpdated`, `uid`) VALUES ('16', '1', 'Job Title', 'jobTitle', 'global', '', '0', 'PlainText', '{\"placeholder\":\"\",\"maxLength\":\"\",\"multiline\":\"\",\"initialRows\":\"4\"}', '2015-10-03 18:32:09', '2015-10-03 18:32:09', '9b1b3c09-cd7c-48cc-9063-6f3ba1b8a7d4');
INSERT INTO `4y2e9_fields` (`id`, `groupId`, `name`, `handle`, `context`, `instructions`, `translatable`, `type`, `settings`, `dateCreated`, `dateUpdated`, `uid`) VALUES ('17', '1', 'Email Address', 'emailAddress', 'global', '', '0', 'PlainText', '{\"placeholder\":\"\",\"maxLength\":\"\",\"multiline\":\"\",\"initialRows\":\"4\"}', '2015-10-03 18:38:34', '2015-10-03 18:38:34', '972ec5d4-7996-4a7f-b489-d5c9e6196992');
INSERT INTO `4y2e9_fields` (`id`, `groupId`, `name`, `handle`, `context`, `instructions`, `translatable`, `type`, `settings`, `dateCreated`, `dateUpdated`, `uid`) VALUES ('18', '1', 'Phone Number', 'phoneNumber', 'global', '', '0', 'PlainText', '{\"placeholder\":\"\",\"maxLength\":\"\",\"multiline\":\"\",\"initialRows\":\"4\"}', '2015-10-03 18:38:49', '2015-10-03 18:38:49', 'b3bab7d5-eb07-49d0-b0af-5a45fe2c15fe');
INSERT INTO `4y2e9_fields` (`id`, `groupId`, `name`, `handle`, `context`, `instructions`, `translatable`, `type`, `settings`, `dateCreated`, `dateUpdated`, `uid`) VALUES ('19', '1', 'Address', 'address', 'global', '', '0', 'PlainText', '{\"placeholder\":\"\",\"maxLength\":\"\",\"multiline\":\"\",\"initialRows\":\"4\"}', '2015-10-03 18:38:58', '2015-10-03 18:38:58', 'f1d30732-9e77-4101-a1be-6291962b61dc');
INSERT INTO `4y2e9_fields` (`id`, `groupId`, `name`, `handle`, `context`, `instructions`, `translatable`, `type`, `settings`, `dateCreated`, `dateUpdated`, `uid`) VALUES ('20', '1', 'Twitter URL', 'twitterUrl', 'global', '', '0', 'PlainText', '{\"placeholder\":\"\",\"maxLength\":\"\",\"multiline\":\"\",\"initialRows\":\"4\"}', '2015-10-03 18:39:23', '2015-10-03 18:39:23', 'ec3bdfcf-50bf-4aaa-83fc-0c3af3462d38');
INSERT INTO `4y2e9_fields` (`id`, `groupId`, `name`, `handle`, `context`, `instructions`, `translatable`, `type`, `settings`, `dateCreated`, `dateUpdated`, `uid`) VALUES ('21', '1', 'LinkedIn URL', 'linkedinUrl', 'global', '', '0', 'PlainText', '{\"placeholder\":\"\",\"maxLength\":\"\",\"multiline\":\"\",\"initialRows\":\"4\"}', '2015-10-03 18:39:33', '2015-10-03 18:39:33', 'ab79f5b8-002c-47fa-98a1-22b790a6b886');
INSERT INTO `4y2e9_fields` (`id`, `groupId`, `name`, `handle`, `context`, `instructions`, `translatable`, `type`, `settings`, `dateCreated`, `dateUpdated`, `uid`) VALUES ('22', '1', 'Blog Post Image', 'blogPostImage', 'global', '', '0', 'Assets', '{\"useSingleFolder\":\"\",\"sources\":\"*\",\"defaultUploadLocationSource\":\"1\",\"defaultUploadLocationSubpath\":\"\",\"singleUploadLocationSource\":\"1\",\"singleUploadLocationSubpath\":\"\",\"restrictFiles\":\"1\",\"allowedKinds\":[\"image\"],\"limit\":\"1\",\"selectionLabel\":\"Add an asset\"}', '2015-10-03 23:07:27', '2015-10-03 23:07:27', '823a27c4-ca7a-481f-8660-54120a4c458b');
INSERT INTO `4y2e9_fields` (`id`, `groupId`, `name`, `handle`, `context`, `instructions`, `translatable`, `type`, `settings`, `dateCreated`, `dateUpdated`, `uid`) VALUES ('23', NULL, 'Heading', 'heading', 'matrixBlockType:3', '', '0', 'PlainText', '{\"placeholder\":\"\",\"maxLength\":\"\",\"multiline\":\"\",\"initialRows\":\"4\"}', '2015-10-12 18:28:36', '2015-10-12 19:07:44', 'a71fe93f-7c76-4856-bb72-032537972bed');
INSERT INTO `4y2e9_fields` (`id`, `groupId`, `name`, `handle`, `context`, `instructions`, `translatable`, `type`, `settings`, `dateCreated`, `dateUpdated`, `uid`) VALUES ('24', NULL, 'Left Column Text', 'leftColumnText', 'matrixBlockType:3', '', '0', 'RichText', '{\"configFile\":\"\",\"cleanupHtml\":\"1\",\"purifyHtml\":\"\",\"columnType\":\"text\"}', '2015-10-12 18:28:36', '2015-10-12 19:07:44', '1317e854-ea90-40a0-bc49-87793e4fd450');
INSERT INTO `4y2e9_fields` (`id`, `groupId`, `name`, `handle`, `context`, `instructions`, `translatable`, `type`, `settings`, `dateCreated`, `dateUpdated`, `uid`) VALUES ('25', NULL, 'Right Column Text', 'rightColumnText', 'matrixBlockType:3', '', '0', 'RichText', '{\"configFile\":\"\",\"cleanupHtml\":\"1\",\"purifyHtml\":\"\",\"columnType\":\"text\"}', '2015-10-12 18:28:37', '2015-10-12 19:07:44', 'cdaabed9-8695-4b6a-84fa-4fd62fe68e20');
INSERT INTO `4y2e9_fields` (`id`, `groupId`, `name`, `handle`, `context`, `instructions`, `translatable`, `type`, `settings`, `dateCreated`, `dateUpdated`, `uid`) VALUES ('26', NULL, 'Background Color', 'backgroundColor', 'matrixBlockType:3', '', '0', 'RadioButtons', '{\"options\":[{\"label\":\"White\",\"value\":\"white\",\"default\":\"1\"},{\"label\":\"Grey\",\"value\":\"grey\",\"default\":\"\"}]}', '2015-10-12 18:28:37', '2015-10-12 19:07:44', '48552d7a-d598-495c-ac6f-a1c7ae6789bd');
INSERT INTO `4y2e9_fields` (`id`, `groupId`, `name`, `handle`, `context`, `instructions`, `translatable`, `type`, `settings`, `dateCreated`, `dateUpdated`, `uid`) VALUES ('27', NULL, 'Introductory Heading', 'introHeading', 'matrixBlockType:4', '', '0', 'PlainText', '{\"placeholder\":\"\",\"maxLength\":\"\",\"multiline\":\"\",\"initialRows\":\"4\"}', '2015-10-12 18:45:30', '2015-10-12 19:07:44', '95c9f724-93e7-47e2-8256-c28759d5232b');
INSERT INTO `4y2e9_fields` (`id`, `groupId`, `name`, `handle`, `context`, `instructions`, `translatable`, `type`, `settings`, `dateCreated`, `dateUpdated`, `uid`) VALUES ('28', NULL, 'CTA Button Text', 'ctaButtonText', 'matrixBlockType:4', '', '0', 'PlainText', '{\"placeholder\":\"\",\"maxLength\":\"\",\"multiline\":\"\",\"initialRows\":\"4\"}', '2015-10-12 18:45:30', '2015-10-12 19:07:44', '9033ae74-361a-49d8-bd69-16e6d1cd34e8');
INSERT INTO `4y2e9_fields` (`id`, `groupId`, `name`, `handle`, `context`, `instructions`, `translatable`, `type`, `settings`, `dateCreated`, `dateUpdated`, `uid`) VALUES ('29', NULL, 'CTA Button Link', 'ctaButtonLink', 'matrixBlockType:4', '', '0', 'Entries', '{\"sources\":\"*\",\"limit\":\"1\",\"selectionLabel\":\"Add an entry\"}', '2015-10-12 18:45:30', '2015-10-12 19:07:44', '940fc140-a6e4-4c3d-a861-4ba82d370d47');
INSERT INTO `4y2e9_fields` (`id`, `groupId`, `name`, `handle`, `context`, `instructions`, `translatable`, `type`, `settings`, `dateCreated`, `dateUpdated`, `uid`) VALUES ('30', NULL, 'Background Color', 'backgroundColor', 'matrixBlockType:4', '', '0', 'RadioButtons', '{\"options\":[{\"label\":\"White\",\"value\":\"white\",\"default\":\"1\"},{\"label\":\"Grey\",\"value\":\"grey\",\"default\":\"\"}]}', '2015-10-12 19:07:44', '2015-10-12 19:07:44', 'd9478e01-5517-4b8c-9bc7-f44141215c39');



DROP TABLE IF EXISTS `4y2e9_globalsets`;


--
-- Schema for table `4y2e9_globalsets`
--
CREATE TABLE `4y2e9_globalsets` (
  `id` int(11) NOT NULL,
  `name` varchar(255) COLLATE utf8_unicode_ci NOT NULL,
  `handle` varchar(255) COLLATE utf8_unicode_ci NOT NULL,
  `fieldLayoutId` int(11) DEFAULT NULL,
  `dateCreated` datetime NOT NULL,
  `dateUpdated` datetime NOT NULL,
  `uid` char(36) COLLATE utf8_unicode_ci NOT NULL DEFAULT '0',
  PRIMARY KEY (`id`),
  UNIQUE KEY `4y2e9_globalsets_name_unq_idx` (`name`),
  UNIQUE KEY `4y2e9_globalsets_handle_unq_idx` (`handle`),
  KEY `4y2e9_globalsets_fieldLayoutId_fk` (`fieldLayoutId`)
) ENGINE=InnoDB DEFAULT CHARSET=utf8 COLLATE=utf8_unicode_ci;

--
-- Data for table `4y2e9_globalsets`
--

INSERT INTO `4y2e9_globalsets` (`id`, `name`, `handle`, `fieldLayoutId`, `dateCreated`, `dateUpdated`, `uid`) VALUES ('15', 'Contact Information', 'contactInformation', '28', '2015-10-03 18:37:49', '2015-10-03 18:40:00', '44bd6021-1d28-4893-a782-d8598d69e056');



DROP TABLE IF EXISTS `4y2e9_info`;


--
-- Schema for table `4y2e9_info`
--
CREATE TABLE `4y2e9_info` (
  `id` int(11) NOT NULL AUTO_INCREMENT,
  `version` varchar(15) COLLATE utf8_unicode_ci NOT NULL,
  `build` int(11) unsigned NOT NULL,
  `schemaVersion` varchar(15) COLLATE utf8_unicode_ci NOT NULL,
  `releaseDate` datetime NOT NULL,
  `edition` tinyint(1) unsigned NOT NULL DEFAULT '0',
  `siteName` varchar(100) COLLATE utf8_unicode_ci NOT NULL,
  `siteUrl` varchar(255) COLLATE utf8_unicode_ci NOT NULL,
  `timezone` varchar(30) COLLATE utf8_unicode_ci DEFAULT NULL,
  `on` tinyint(1) unsigned NOT NULL DEFAULT '0',
  `maintenance` tinyint(1) unsigned NOT NULL DEFAULT '0',
  `track` varchar(40) COLLATE utf8_unicode_ci NOT NULL,
  `dateCreated` datetime NOT NULL,
  `dateUpdated` datetime NOT NULL,
  `uid` char(36) COLLATE utf8_unicode_ci NOT NULL DEFAULT '0',
  PRIMARY KEY (`id`)
) ENGINE=InnoDB AUTO_INCREMENT=2 DEFAULT CHARSET=utf8 COLLATE=utf8_unicode_ci;

--
-- Data for table `4y2e9_info`
--

INSERT INTO `4y2e9_info` (`id`, `version`, `build`, `schemaVersion`, `releaseDate`, `edition`, `siteName`, `siteUrl`, `timezone`, `on`, `maintenance`, `track`, `dateCreated`, `dateUpdated`, `uid`) VALUES ('1', '2.4', '2696', '2.4.0', '2015-10-08 20:51:31', '2', 'Konnexis', 'http://konnexis.dev', 'UTC', '1', '1', 'stable', '2015-09-26 20:51:46', '2015-10-17 13:26:49', '7f2603a0-91e1-47ca-ad5e-2e68c54e8486');



DROP TABLE IF EXISTS `4y2e9_locales`;


--
-- Schema for table `4y2e9_locales`
--
CREATE TABLE `4y2e9_locales` (
  `locale` char(12) COLLATE utf8_unicode_ci NOT NULL,
  `sortOrder` tinyint(4) DEFAULT NULL,
  `dateCreated` datetime NOT NULL,
  `dateUpdated` datetime NOT NULL,
  `uid` char(36) COLLATE utf8_unicode_ci NOT NULL DEFAULT '0',
  PRIMARY KEY (`locale`),
  KEY `4y2e9_locales_sortOrder_idx` (`sortOrder`)
) ENGINE=InnoDB DEFAULT CHARSET=utf8 COLLATE=utf8_unicode_ci;

--
-- Data for table `4y2e9_locales`
--

INSERT INTO `4y2e9_locales` (`locale`, `sortOrder`, `dateCreated`, `dateUpdated`, `uid`) VALUES ('en_ca', '1', '2015-09-26 20:51:46', '2015-09-26 20:51:46', '8a941cb3-b78b-40c4-b891-eca34bcee98b');



DROP TABLE IF EXISTS `4y2e9_matrixblocks`;


--
-- Schema for table `4y2e9_matrixblocks`
--
CREATE TABLE `4y2e9_matrixblocks` (
  `id` int(11) NOT NULL,
  `ownerId` int(11) NOT NULL,
  `fieldId` int(11) NOT NULL,
  `typeId` int(11) DEFAULT NULL,
  `sortOrder` tinyint(4) DEFAULT NULL,
  `ownerLocale` char(12) COLLATE utf8_unicode_ci DEFAULT NULL,
  `dateCreated` datetime NOT NULL,
  `dateUpdated` datetime NOT NULL,
  `uid` char(36) COLLATE utf8_unicode_ci NOT NULL DEFAULT '0',
  PRIMARY KEY (`id`),
  KEY `4y2e9_matrixblocks_ownerId_idx` (`ownerId`),
  KEY `4y2e9_matrixblocks_fieldId_idx` (`fieldId`),
  KEY `4y2e9_matrixblocks_typeId_idx` (`typeId`),
  KEY `4y2e9_matrixblocks_sortOrder_idx` (`sortOrder`),
  KEY `4y2e9_matrixblocks_ownerLocale_fk` (`ownerLocale`)
) ENGINE=InnoDB DEFAULT CHARSET=utf8 COLLATE=utf8_unicode_ci;

--
-- Data for table `4y2e9_matrixblocks`
--

INSERT INTO `4y2e9_matrixblocks` (`id`, `ownerId`, `fieldId`, `typeId`, `sortOrder`, `ownerLocale`, `dateCreated`, `dateUpdated`, `uid`) VALUES ('22', '6', '7', '3', '1', NULL, '2015-10-12 18:29:59', '2015-10-12 19:43:59', 'ca8077cc-ac2f-4852-91d7-f3395083c799');
INSERT INTO `4y2e9_matrixblocks` (`id`, `ownerId`, `fieldId`, `typeId`, `sortOrder`, `ownerLocale`, `dateCreated`, `dateUpdated`, `uid`) VALUES ('23', '6', '7', '2', '2', NULL, '2015-10-12 18:38:01', '2015-10-12 19:43:59', '9d2f3242-3cb2-4d7d-bd5d-28b3b32d67f4');
INSERT INTO `4y2e9_matrixblocks` (`id`, `ownerId`, `fieldId`, `typeId`, `sortOrder`, `ownerLocale`, `dateCreated`, `dateUpdated`, `uid`) VALUES ('24', '6', '7', '4', '3', NULL, '2015-10-12 18:47:12', '2015-10-12 19:43:59', '6011c73d-9368-4d2f-863c-d1f441c7febc');
INSERT INTO `4y2e9_matrixblocks` (`id`, `ownerId`, `fieldId`, `typeId`, `sortOrder`, `ownerLocale`, `dateCreated`, `dateUpdated`, `uid`) VALUES ('25', '13', '7', '3', '1', NULL, '2015-10-12 19:42:29', '2015-10-12 19:42:29', '1dd14d4e-deb7-4a6b-9f31-2f3d39095f8c');



DROP TABLE IF EXISTS `4y2e9_matrixblocktypes`;


--
-- Schema for table `4y2e9_matrixblocktypes`
--
CREATE TABLE `4y2e9_matrixblocktypes` (
  `id` int(11) NOT NULL AUTO_INCREMENT,
  `fieldId` int(11) NOT NULL,
  `fieldLayoutId` int(11) DEFAULT NULL,
  `name` varchar(255) COLLATE utf8_unicode_ci NOT NULL,
  `handle` varchar(255) COLLATE utf8_unicode_ci NOT NULL,
  `sortOrder` tinyint(4) DEFAULT NULL,
  `dateCreated` datetime NOT NULL,
  `dateUpdated` datetime NOT NULL,
  `uid` char(36) COLLATE utf8_unicode_ci NOT NULL DEFAULT '0',
  PRIMARY KEY (`id`),
  UNIQUE KEY `4y2e9_matrixblocktypes_name_fieldId_unq_idx` (`name`,`fieldId`),
  UNIQUE KEY `4y2e9_matrixblocktypes_handle_fieldId_unq_idx` (`handle`,`fieldId`),
  KEY `4y2e9_matrixblocktypes_fieldId_fk` (`fieldId`),
  KEY `4y2e9_matrixblocktypes_fieldLayoutId_fk` (`fieldLayoutId`)
) ENGINE=InnoDB AUTO_INCREMENT=5 DEFAULT CHARSET=utf8 COLLATE=utf8_unicode_ci;

--
-- Data for table `4y2e9_matrixblocktypes`
--

INSERT INTO `4y2e9_matrixblocktypes` (`id`, `fieldId`, `fieldLayoutId`, `name`, `handle`, `sortOrder`, `dateCreated`, `dateUpdated`, `uid`) VALUES ('1', '7', '47', 'Text With Photo', 'textWithPhoto', '1', '2015-10-03 18:29:42', '2015-10-12 19:07:44', 'efd899de-81de-48d9-a70d-7af1da24faa1');
INSERT INTO `4y2e9_matrixblocktypes` (`id`, `fieldId`, `fieldLayoutId`, `name`, `handle`, `sortOrder`, `dateCreated`, `dateUpdated`, `uid`) VALUES ('2', '7', '49', 'Testimonial Slider', 'testimonialSlider', '3', '2015-10-03 18:29:43', '2015-10-12 19:07:44', 'dd7632f0-c45d-4d23-bf80-f9ed4678c54f');
INSERT INTO `4y2e9_matrixblocktypes` (`id`, `fieldId`, `fieldLayoutId`, `name`, `handle`, `sortOrder`, `dateCreated`, `dateUpdated`, `uid`) VALUES ('3', '7', '48', 'Two-Column Text', 'twoColumnText', '2', '2015-10-12 18:28:36', '2015-10-12 19:07:44', 'ee1def63-6fc9-4e8c-82b1-6d5a72691cc0');
INSERT INTO `4y2e9_matrixblocktypes` (`id`, `fieldId`, `fieldLayoutId`, `name`, `handle`, `sortOrder`, `dateCreated`, `dateUpdated`, `uid`) VALUES ('4', '7', '50', 'Call To Action', 'callToAction', '4', '2015-10-12 18:45:30', '2015-10-12 19:07:44', 'e03a95f3-c92d-45c7-af75-6f20a842b3f0');



DROP TABLE IF EXISTS `4y2e9_matrixcontent_pagelayout`;


--
-- Schema for table `4y2e9_matrixcontent_pagelayout`
--
CREATE TABLE `4y2e9_matrixcontent_pagelayout` (
  `id` int(11) NOT NULL AUTO_INCREMENT,
  `elementId` int(11) NOT NULL,
  `locale` char(12) COLLATE utf8_unicode_ci NOT NULL,
  `field_textWithPhoto_backgroundColor` varchar(255) COLLATE utf8_unicode_ci DEFAULT 'white',
  `field_textWithPhoto_sectionHeading` varchar(140) COLLATE utf8_unicode_ci DEFAULT NULL,
  `field_textWithPhoto_textContent` text COLLATE utf8_unicode_ci,
  `field_textWithPhoto_callToActionText` varchar(50) COLLATE utf8_unicode_ci DEFAULT NULL,
  `field_textWithPhoto_photoAlignment` varchar(255) COLLATE utf8_unicode_ci DEFAULT NULL,
  `field_twoColumnText_heading` text COLLATE utf8_unicode_ci,
  `field_twoColumnText_leftColumnText` text COLLATE utf8_unicode_ci,
  `field_twoColumnText_rightColumnText` text COLLATE utf8_unicode_ci,
  `field_twoColumnText_backgroundColor` varchar(255) COLLATE utf8_unicode_ci DEFAULT 'white',
  `field_callToAction_introHeading` text COLLATE utf8_unicode_ci,
  `field_callToAction_ctaButtonText` text COLLATE utf8_unicode_ci,
  `field_callToAction_backgroundColor` varchar(255) COLLATE utf8_unicode_ci DEFAULT 'white',
  `dateCreated` datetime NOT NULL,
  `dateUpdated` datetime NOT NULL,
  `uid` char(36) COLLATE utf8_unicode_ci NOT NULL DEFAULT '0',
  PRIMARY KEY (`id`),
  UNIQUE KEY `4y2e9_matrixcontent_pagelayout_elementId_locale_unq_idx` (`elementId`,`locale`),
  KEY `4y2e9_matrixcontent_pagelayout_locale_fk` (`locale`)
) ENGINE=InnoDB AUTO_INCREMENT=5 DEFAULT CHARSET=utf8 COLLATE=utf8_unicode_ci;

--
-- Data for table `4y2e9_matrixcontent_pagelayout`
--

INSERT INTO `4y2e9_matrixcontent_pagelayout` (`id`, `elementId`, `locale`, `field_textWithPhoto_backgroundColor`, `field_textWithPhoto_sectionHeading`, `field_textWithPhoto_textContent`, `field_textWithPhoto_callToActionText`, `field_textWithPhoto_photoAlignment`, `field_twoColumnText_heading`, `field_twoColumnText_leftColumnText`, `field_twoColumnText_rightColumnText`, `field_twoColumnText_backgroundColor`, `field_callToAction_introHeading`, `field_callToAction_ctaButtonText`, `field_callToAction_backgroundColor`, `dateCreated`, `dateUpdated`, `uid`) VALUES ('1', '22', 'en_ca', NULL, NULL, NULL, NULL, NULL, 'Sterilization Service Contractors', '<p>Lorem ipsum dolor sit amet, consectetur adipisicing elit, sed do eiusmod tempor incididunt ut labore et dolore magna aliqua. Ut enim ad minim veniam, quis nostrud exercitation ullamco laboris nisi ut aliquip ex ea commodo consequat. Duis aute irure dolor in reprehenderit in voluptate velit esse cillum dolore eu fugiat nulla pariatur. Excepteur sint occaecat cupidatat non proident, sunt in culpa qui officia deserunt mollit anim id est laborum.\r\n</p>', '<p>Lorem ipsum dolor sit amet, consectetur adipisicing elit, sed do eiusmod tempor incididunt ut labore et dolore magna aliqua. Ut enim ad minim veniam, quis nostrud exercitation ullamco laboris nisi ut aliquip ex ea commodo consequat. Duis aute irure dolor in reprehenderit in voluptate velit esse cillum dolore eu fugiat nulla pariatur. Excepteur sint occaecat cupidatat non proident, sunt in culpa qui officia deserunt mollit anim id est laborum.\r\n</p>', 'White', NULL, NULL, NULL, '2015-10-12 18:29:59', '2015-10-12 19:43:59', 'df006b0d-c358-464e-b593-d4babdaa49df');
INSERT INTO `4y2e9_matrixcontent_pagelayout` (`id`, `elementId`, `locale`, `field_textWithPhoto_backgroundColor`, `field_textWithPhoto_sectionHeading`, `field_textWithPhoto_textContent`, `field_textWithPhoto_callToActionText`, `field_textWithPhoto_photoAlignment`, `field_twoColumnText_heading`, `field_twoColumnText_leftColumnText`, `field_twoColumnText_rightColumnText`, `field_twoColumnText_backgroundColor`, `field_callToAction_introHeading`, `field_callToAction_ctaButtonText`, `field_callToAction_backgroundColor`, `dateCreated`, `dateUpdated`, `uid`) VALUES ('2', '23', 'en_ca', NULL, NULL, NULL, NULL, NULL, NULL, NULL, NULL, NULL, NULL, NULL, NULL, '2015-10-12 18:38:01', '2015-10-12 19:43:59', '0071c66e-9bcf-4d66-8c23-a145bd760caa');
INSERT INTO `4y2e9_matrixcontent_pagelayout` (`id`, `elementId`, `locale`, `field_textWithPhoto_backgroundColor`, `field_textWithPhoto_sectionHeading`, `field_textWithPhoto_textContent`, `field_textWithPhoto_callToActionText`, `field_textWithPhoto_photoAlignment`, `field_twoColumnText_heading`, `field_twoColumnText_leftColumnText`, `field_twoColumnText_rightColumnText`, `field_twoColumnText_backgroundColor`, `field_callToAction_introHeading`, `field_callToAction_ctaButtonText`, `field_callToAction_backgroundColor`, `dateCreated`, `dateUpdated`, `uid`) VALUES ('3', '24', 'en_ca', NULL, NULL, NULL, NULL, NULL, NULL, NULL, NULL, NULL, 'For more information or to request a quote', 'Contact Us', 'white', '2015-10-12 18:47:12', '2015-10-12 19:43:59', '312977ca-56b8-4761-b6c6-187e84be80bb');
INSERT INTO `4y2e9_matrixcontent_pagelayout` (`id`, `elementId`, `locale`, `field_textWithPhoto_backgroundColor`, `field_textWithPhoto_sectionHeading`, `field_textWithPhoto_textContent`, `field_textWithPhoto_callToActionText`, `field_textWithPhoto_photoAlignment`, `field_twoColumnText_heading`, `field_twoColumnText_leftColumnText`, `field_twoColumnText_rightColumnText`, `field_twoColumnText_backgroundColor`, `field_callToAction_introHeading`, `field_callToAction_ctaButtonText`, `field_callToAction_backgroundColor`, `dateCreated`, `dateUpdated`, `uid`) VALUES ('4', '25', 'en_ca', NULL, NULL, NULL, NULL, NULL, '', '<h2>Dedicated to the Sterilization Industry</h2><p>Konnexis Inc. provides process control systems specifically for the sterilization industry delivering advanced and expert control and monitoring solutions for growth, production efficiency, and a future-proof system. Since 2000, Konnexis Inc. has grown to establish an international presence within the sterilization industry partnering with some of the world’s largest <a href=\"{entry:6:url}\">contract sterilization companies</a> and <a href=\"{entry:5:url}\">medical device manufacturers</a>.\r\n</p>', '<h2>Global Market Leaders in Sterilization Control Systems</h2><p>Konnexis is a global market leader of modern sterilization control systems. We have a range of proven solutions that have undergone rigorous testing to provide you with a reliable and dependable solution for any sterilization modality. Konnexis was selected as the control system for the world’s first high volume industrial sterilization x-ray facility. Our control systems are being used throughout the world which <strong>sterilize over 1 million pallets per year.</strong>\r\n</p>', 'white', NULL, NULL, NULL, '2015-10-12 19:42:29', '2015-10-12 19:42:29', '6f7a3ff3-3dc3-41ae-b9eb-f84289dda18f');



DROP TABLE IF EXISTS `4y2e9_migrations`;


--
-- Schema for table `4y2e9_migrations`
--
CREATE TABLE `4y2e9_migrations` (
  `id` int(11) NOT NULL AUTO_INCREMENT,
  `pluginId` int(11) DEFAULT NULL,
  `version` varchar(255) COLLATE utf8_unicode_ci NOT NULL,
  `applyTime` datetime NOT NULL,
  `dateCreated` datetime NOT NULL,
  `dateUpdated` datetime NOT NULL,
  `uid` char(36) COLLATE utf8_unicode_ci NOT NULL DEFAULT '0',
  PRIMARY KEY (`id`),
  UNIQUE KEY `4y2e9_migrations_version_unq_idx` (`version`),
  KEY `4y2e9_migrations_pluginId_fk` (`pluginId`)
) ENGINE=InnoDB AUTO_INCREMENT=16 DEFAULT CHARSET=utf8 COLLATE=utf8_unicode_ci;

--
-- Data for table `4y2e9_migrations`
--

INSERT INTO `4y2e9_migrations` (`id`, `pluginId`, `version`, `applyTime`, `dateCreated`, `dateUpdated`, `uid`) VALUES ('1', NULL, 'm000000_000000_base', '2015-09-26 20:51:46', '2015-09-26 20:51:46', '2015-09-26 20:51:46', '19ef81f0-d9b7-44c2-80d2-b7c7e22308dc');
INSERT INTO `4y2e9_migrations` (`id`, `pluginId`, `version`, `applyTime`, `dateCreated`, `dateUpdated`, `uid`) VALUES ('2', NULL, 'm140730_000001_add_filename_and_format_to_transformindex', '2015-09-26 20:51:46', '2015-09-26 20:51:46', '2015-09-26 20:51:46', '25210633-4fc8-4245-8174-861db0e2b3ed');
INSERT INTO `4y2e9_migrations` (`id`, `pluginId`, `version`, `applyTime`, `dateCreated`, `dateUpdated`, `uid`) VALUES ('3', NULL, 'm140815_000001_add_format_to_transforms', '2015-09-26 20:51:46', '2015-09-26 20:51:46', '2015-09-26 20:51:46', 'e69aea14-e850-4028-9299-4777ad144dd6');
INSERT INTO `4y2e9_migrations` (`id`, `pluginId`, `version`, `applyTime`, `dateCreated`, `dateUpdated`, `uid`) VALUES ('4', NULL, 'm140822_000001_allow_more_than_128_items_per_field', '2015-09-26 20:51:46', '2015-09-26 20:51:46', '2015-09-26 20:51:46', '9c418dff-5750-40e3-831b-278bbf6bacbf');
INSERT INTO `4y2e9_migrations` (`id`, `pluginId`, `version`, `applyTime`, `dateCreated`, `dateUpdated`, `uid`) VALUES ('5', NULL, 'm140829_000001_single_title_formats', '2015-09-26 20:51:46', '2015-09-26 20:51:46', '2015-09-26 20:51:46', 'a89d18b2-4683-4e73-b5c5-40a4abb47e28');
INSERT INTO `4y2e9_migrations` (`id`, `pluginId`, `version`, `applyTime`, `dateCreated`, `dateUpdated`, `uid`) VALUES ('6', NULL, 'm140831_000001_extended_cache_keys', '2015-09-26 20:51:46', '2015-09-26 20:51:46', '2015-09-26 20:51:46', '96ef8313-a890-43e9-a5ad-ae9de8e8df2a');
INSERT INTO `4y2e9_migrations` (`id`, `pluginId`, `version`, `applyTime`, `dateCreated`, `dateUpdated`, `uid`) VALUES ('7', NULL, 'm140922_000001_delete_orphaned_matrix_blocks', '2015-09-26 20:51:46', '2015-09-26 20:51:46', '2015-09-26 20:51:46', 'cd219161-8c20-4489-b8ec-e4b83be12c1d');
INSERT INTO `4y2e9_migrations` (`id`, `pluginId`, `version`, `applyTime`, `dateCreated`, `dateUpdated`, `uid`) VALUES ('8', NULL, 'm141008_000001_elements_index_tune', '2015-09-26 20:51:46', '2015-09-26 20:51:46', '2015-09-26 20:51:46', '6a37d029-1ae9-4f4d-87f6-56ea76122aed');
INSERT INTO `4y2e9_migrations` (`id`, `pluginId`, `version`, `applyTime`, `dateCreated`, `dateUpdated`, `uid`) VALUES ('9', NULL, 'm141009_000001_assets_source_handle', '2015-09-26 20:51:46', '2015-09-26 20:51:46', '2015-09-26 20:51:46', '70b81c81-1c1b-4fe0-b919-c6251001338d');
INSERT INTO `4y2e9_migrations` (`id`, `pluginId`, `version`, `applyTime`, `dateCreated`, `dateUpdated`, `uid`) VALUES ('10', NULL, 'm141024_000001_field_layout_tabs', '2015-09-26 20:51:46', '2015-09-26 20:51:46', '2015-09-26 20:51:46', '671bf284-f259-45ad-bb86-5274f104d22c');
INSERT INTO `4y2e9_migrations` (`id`, `pluginId`, `version`, `applyTime`, `dateCreated`, `dateUpdated`, `uid`) VALUES ('11', NULL, 'm141030_000001_drop_structure_move_permission', '2015-09-26 20:51:46', '2015-09-26 20:51:46', '2015-09-26 20:51:46', '3e003d96-5503-4e85-8015-a646f9c9be44');
INSERT INTO `4y2e9_migrations` (`id`, `pluginId`, `version`, `applyTime`, `dateCreated`, `dateUpdated`, `uid`) VALUES ('12', NULL, 'm141103_000001_tag_titles', '2015-09-26 20:51:46', '2015-09-26 20:51:46', '2015-09-26 20:51:46', '43c84b49-eb0e-48c4-89f5-d53fc5f7065b');
INSERT INTO `4y2e9_migrations` (`id`, `pluginId`, `version`, `applyTime`, `dateCreated`, `dateUpdated`, `uid`) VALUES ('13', NULL, 'm141109_000001_user_status_shuffle', '2015-09-26 20:51:46', '2015-09-26 20:51:46', '2015-09-26 20:51:46', '98ce0239-0f06-4edd-8a5d-97a9d8475624');
INSERT INTO `4y2e9_migrations` (`id`, `pluginId`, `version`, `applyTime`, `dateCreated`, `dateUpdated`, `uid`) VALUES ('14', NULL, 'm141126_000001_user_week_start_day', '2015-09-26 20:51:46', '2015-09-26 20:51:46', '2015-09-26 20:51:46', '4b29de06-e470-47a6-9f0b-5092c02463ef');
INSERT INTO `4y2e9_migrations` (`id`, `pluginId`, `version`, `applyTime`, `dateCreated`, `dateUpdated`, `uid`) VALUES ('15', NULL, 'm150210_000001_adjust_user_photo_size', '2015-09-26 20:51:46', '2015-09-26 20:51:46', '2015-09-26 20:51:46', 'b93ac035-3d4a-43c0-9d78-ca8582e096e2');



DROP TABLE IF EXISTS `4y2e9_plugins`;


--
-- Schema for table `4y2e9_plugins`
--
CREATE TABLE `4y2e9_plugins` (
  `id` int(11) NOT NULL AUTO_INCREMENT,
  `class` varchar(150) COLLATE utf8_unicode_ci NOT NULL,
  `version` char(15) COLLATE utf8_unicode_ci NOT NULL,
  `enabled` tinyint(1) unsigned NOT NULL DEFAULT '0',
  `settings` text COLLATE utf8_unicode_ci,
  `installDate` datetime NOT NULL,
  `dateCreated` datetime NOT NULL,
  `dateUpdated` datetime NOT NULL,
  `uid` char(36) COLLATE utf8_unicode_ci NOT NULL DEFAULT '0',
  PRIMARY KEY (`id`)
) ENGINE=InnoDB DEFAULT CHARSET=utf8 COLLATE=utf8_unicode_ci;

DROP TABLE IF EXISTS `4y2e9_rackspaceaccess`;


--
-- Schema for table `4y2e9_rackspaceaccess`
--
CREATE TABLE `4y2e9_rackspaceaccess` (
  `id` int(11) NOT NULL AUTO_INCREMENT,
  `connectionKey` varchar(255) COLLATE utf8_unicode_ci NOT NULL,
  `token` varchar(255) COLLATE utf8_unicode_ci NOT NULL,
  `storageUrl` varchar(255) COLLATE utf8_unicode_ci NOT NULL,
  `cdnUrl` varchar(255) COLLATE utf8_unicode_ci NOT NULL,
  `dateCreated` datetime NOT NULL,
  `dateUpdated` datetime NOT NULL,
  `uid` char(36) COLLATE utf8_unicode_ci NOT NULL DEFAULT '0',
  PRIMARY KEY (`id`),
  UNIQUE KEY `4y2e9_rackspaceaccess_connectionKey_unq_idx` (`connectionKey`)
) ENGINE=InnoDB DEFAULT CHARSET=utf8 COLLATE=utf8_unicode_ci;

DROP TABLE IF EXISTS `4y2e9_relations`;


--
-- Schema for table `4y2e9_relations`
--
CREATE TABLE `4y2e9_relations` (
  `id` int(11) NOT NULL AUTO_INCREMENT,
  `fieldId` int(11) NOT NULL,
  `sourceId` int(11) NOT NULL,
  `sourceLocale` char(12) COLLATE utf8_unicode_ci DEFAULT NULL,
  `targetId` int(11) NOT NULL,
  `sortOrder` smallint(6) DEFAULT NULL,
  `dateCreated` datetime NOT NULL,
  `dateUpdated` datetime NOT NULL,
  `uid` char(36) COLLATE utf8_unicode_ci NOT NULL DEFAULT '0',
  PRIMARY KEY (`id`),
  UNIQUE KEY `4y2e9_relations_fieldId_sourceId_sourceLocale_targetId_unq_idx` (`fieldId`,`sourceId`,`sourceLocale`,`targetId`),
  KEY `4y2e9_relations_sourceId_fk` (`sourceId`),
  KEY `4y2e9_relations_sourceLocale_fk` (`sourceLocale`),
  KEY `4y2e9_relations_targetId_fk` (`targetId`)
) ENGINE=InnoDB AUTO_INCREMENT=21 DEFAULT CHARSET=utf8 COLLATE=utf8_unicode_ci;

--
-- Data for table `4y2e9_relations`
--

INSERT INTO `4y2e9_relations` (`id`, `fieldId`, `sourceId`, `sourceLocale`, `targetId`, `sortOrder`, `dateCreated`, `dateUpdated`, `uid`) VALUES ('2', '5', '2', NULL, '4', '1', '2015-10-03 15:09:20', '2015-10-03 15:09:20', '08971b2b-e689-4273-9610-627b2bf6cd22');
INSERT INTO `4y2e9_relations` (`id`, `fieldId`, `sourceId`, `sourceLocale`, `targetId`, `sortOrder`, `dateCreated`, `dateUpdated`, `uid`) VALUES ('3', '22', '17', NULL, '21', '1', '2015-10-03 23:08:41', '2015-10-03 23:08:41', 'cb39d25c-7771-4c7c-83e0-e98ae0e389c8');
INSERT INTO `4y2e9_relations` (`id`, `fieldId`, `sourceId`, `sourceLocale`, `targetId`, `sortOrder`, `dateCreated`, `dateUpdated`, `uid`) VALUES ('4', '22', '20', NULL, '4', '1', '2015-10-03 23:13:41', '2015-10-03 23:13:41', '5e7498f8-d9e3-427a-b17e-013d93784502');
INSERT INTO `4y2e9_relations` (`id`, `fieldId`, `sourceId`, `sourceLocale`, `targetId`, `sortOrder`, `dateCreated`, `dateUpdated`, `uid`) VALUES ('5', '22', '18', NULL, '4', '1', '2015-10-03 23:13:53', '2015-10-03 23:13:53', 'dc7cf296-86e6-42d6-8b3e-fd7f31ce768d');
INSERT INTO `4y2e9_relations` (`id`, `fieldId`, `sourceId`, `sourceLocale`, `targetId`, `sortOrder`, `dateCreated`, `dateUpdated`, `uid`) VALUES ('6', '22', '3', NULL, '4', '1', '2015-10-03 23:14:07', '2015-10-03 23:14:07', 'b57f7bf3-d635-4426-b2c1-cff44dbd3d08');
INSERT INTO `4y2e9_relations` (`id`, `fieldId`, `sourceId`, `sourceLocale`, `targetId`, `sortOrder`, `dateCreated`, `dateUpdated`, `uid`) VALUES ('7', '22', '19', NULL, '21', '1', '2015-10-03 23:14:30', '2015-10-03 23:14:30', 'c4c387d5-8998-4da8-ae77-5a347f6814f2');
INSERT INTO `4y2e9_relations` (`id`, `fieldId`, `sourceId`, `sourceLocale`, `targetId`, `sortOrder`, `dateCreated`, `dateUpdated`, `uid`) VALUES ('16', '5', '13', NULL, '4', '1', '2015-10-12 19:42:28', '2015-10-12 19:42:28', 'ce1b7f14-df91-49ad-a789-2b6c80b4df47');
INSERT INTO `4y2e9_relations` (`id`, `fieldId`, `sourceId`, `sourceLocale`, `targetId`, `sortOrder`, `dateCreated`, `dateUpdated`, `uid`) VALUES ('17', '5', '6', NULL, '4', '1', '2015-10-12 19:43:59', '2015-10-12 19:43:59', '2ad6bd4d-9ce4-473a-8af5-9bbfee9104f0');
INSERT INTO `4y2e9_relations` (`id`, `fieldId`, `sourceId`, `sourceLocale`, `targetId`, `sortOrder`, `dateCreated`, `dateUpdated`, `uid`) VALUES ('18', '15', '23', NULL, '14', '1', '2015-10-12 19:43:59', '2015-10-12 19:43:59', '874885df-6ac8-45ce-b512-82b2a4849a73');
INSERT INTO `4y2e9_relations` (`id`, `fieldId`, `sourceId`, `sourceLocale`, `targetId`, `sortOrder`, `dateCreated`, `dateUpdated`, `uid`) VALUES ('19', '29', '24', NULL, '16', '1', '2015-10-12 19:43:59', '2015-10-12 19:43:59', '08df3ad3-49aa-455f-af8e-c709352d847b');
INSERT INTO `4y2e9_relations` (`id`, `fieldId`, `sourceId`, `sourceLocale`, `targetId`, `sortOrder`, `dateCreated`, `dateUpdated`, `uid`) VALUES ('20', '5', '5', NULL, '4', '1', '2015-10-12 19:44:17', '2015-10-12 19:44:17', '66d78f04-5587-4400-a1fb-5d1581b26e95');



DROP TABLE IF EXISTS `4y2e9_routes`;


--
-- Schema for table `4y2e9_routes`
--
CREATE TABLE `4y2e9_routes` (
  `id` int(11) NOT NULL AUTO_INCREMENT,
  `locale` char(12) COLLATE utf8_unicode_ci DEFAULT NULL,
  `urlParts` varchar(255) COLLATE utf8_unicode_ci NOT NULL,
  `urlPattern` varchar(255) COLLATE utf8_unicode_ci NOT NULL,
  `template` varchar(255) COLLATE utf8_unicode_ci NOT NULL,
  `sortOrder` tinyint(4) DEFAULT NULL,
  `dateCreated` datetime NOT NULL,
  `dateUpdated` datetime NOT NULL,
  `uid` char(36) COLLATE utf8_unicode_ci NOT NULL DEFAULT '0',
  PRIMARY KEY (`id`),
  UNIQUE KEY `4y2e9_routes_urlPattern_unq_idx` (`urlPattern`),
  KEY `4y2e9_routes_locale_idx` (`locale`)
) ENGINE=InnoDB DEFAULT CHARSET=utf8 COLLATE=utf8_unicode_ci;

DROP TABLE IF EXISTS `4y2e9_searchindex`;


--
-- Schema for table `4y2e9_searchindex`
--
CREATE TABLE `4y2e9_searchindex` (
  `elementId` int(11) NOT NULL,
  `attribute` varchar(25) COLLATE utf8_unicode_ci NOT NULL,
  `fieldId` int(11) NOT NULL,
  `locale` char(12) COLLATE utf8_unicode_ci NOT NULL,
  `keywords` text COLLATE utf8_unicode_ci NOT NULL,
  PRIMARY KEY (`elementId`,`attribute`,`fieldId`,`locale`),
  FULLTEXT KEY `4y2e9_searchindex_keywords_idx` (`keywords`)
) ENGINE=MyISAM DEFAULT CHARSET=utf8 COLLATE=utf8_unicode_ci;

--
-- Data for table `4y2e9_searchindex`
--

INSERT INTO `4y2e9_searchindex` (`elementId`, `attribute`, `fieldId`, `locale`, `keywords`) VALUES ('1', 'username', '0', 'en_ca', ' gregor ');
INSERT INTO `4y2e9_searchindex` (`elementId`, `attribute`, `fieldId`, `locale`, `keywords`) VALUES ('1', 'firstname', '0', 'en_ca', '');
INSERT INTO `4y2e9_searchindex` (`elementId`, `attribute`, `fieldId`, `locale`, `keywords`) VALUES ('1', 'lastname', '0', 'en_ca', '');
INSERT INTO `4y2e9_searchindex` (`elementId`, `attribute`, `fieldId`, `locale`, `keywords`) VALUES ('1', 'fullname', '0', 'en_ca', '');
INSERT INTO `4y2e9_searchindex` (`elementId`, `attribute`, `fieldId`, `locale`, `keywords`) VALUES ('1', 'email', '0', 'en_ca', ' heygregor gmail com ');
INSERT INTO `4y2e9_searchindex` (`elementId`, `attribute`, `fieldId`, `locale`, `keywords`) VALUES ('1', 'slug', '0', 'en_ca', '');
INSERT INTO `4y2e9_searchindex` (`elementId`, `attribute`, `fieldId`, `locale`, `keywords`) VALUES ('2', 'slug', '0', 'en_ca', ' homepage ');
INSERT INTO `4y2e9_searchindex` (`elementId`, `attribute`, `fieldId`, `locale`, `keywords`) VALUES ('2', 'title', '0', 'en_ca', ' konnexis ');
INSERT INTO `4y2e9_searchindex` (`elementId`, `attribute`, `fieldId`, `locale`, `keywords`) VALUES ('2', 'field', '1', 'en_ca', ' it s true this site doesn t have a whole lot of content yet but don t worry our web developers have just installed the cms and they re setting things up for the content editors this very moment soon konnexis dev will be an oasis of fresh perspectives sharp analyses and astute opinions that will keep you coming back again and again ');
INSERT INTO `4y2e9_searchindex` (`elementId`, `attribute`, `fieldId`, `locale`, `keywords`) VALUES ('3', 'field', '1', 'en_ca', ' craft is the cms that s powering konnexis dev it s beautiful powerful flexible and easy to use and it s made by pixel tonic we can t wait to dive in and see what it s capable of this is even more captivating content which you couldn t see on the news index page because it was entered after a page break and the news index template only likes to show the content on the first page craft a nice alternative to word if you re making a website ');
INSERT INTO `4y2e9_searchindex` (`elementId`, `attribute`, `fieldId`, `locale`, `keywords`) VALUES ('3', 'field', '2', 'en_ca', '');
INSERT INTO `4y2e9_searchindex` (`elementId`, `attribute`, `fieldId`, `locale`, `keywords`) VALUES ('3', 'slug', '0', 'en_ca', ' we just installed craft ');
INSERT INTO `4y2e9_searchindex` (`elementId`, `attribute`, `fieldId`, `locale`, `keywords`) VALUES ('3', 'title', '0', 'en_ca', ' we just installed craft ');
INSERT INTO `4y2e9_searchindex` (`elementId`, `attribute`, `fieldId`, `locale`, `keywords`) VALUES ('4', 'field', '6', 'en_ca', '');
INSERT INTO `4y2e9_searchindex` (`elementId`, `attribute`, `fieldId`, `locale`, `keywords`) VALUES ('4', 'filename', '0', 'en_ca', ' stock photo 27046268 steady hands for a delicate procedure jpg ');
INSERT INTO `4y2e9_searchindex` (`elementId`, `attribute`, `fieldId`, `locale`, `keywords`) VALUES ('4', 'extension', '0', 'en_ca', ' jpg ');
INSERT INTO `4y2e9_searchindex` (`elementId`, `attribute`, `fieldId`, `locale`, `keywords`) VALUES ('4', 'kind', '0', 'en_ca', ' image ');
INSERT INTO `4y2e9_searchindex` (`elementId`, `attribute`, `fieldId`, `locale`, `keywords`) VALUES ('4', 'slug', '0', 'en_ca', ' stock photo 27046268 steady hands for a delicate procedure ');
INSERT INTO `4y2e9_searchindex` (`elementId`, `attribute`, `fieldId`, `locale`, `keywords`) VALUES ('4', 'title', '0', 'en_ca', ' home header ');
INSERT INTO `4y2e9_searchindex` (`elementId`, `attribute`, `fieldId`, `locale`, `keywords`) VALUES ('2', 'field', '5', 'en_ca', ' home header ');
INSERT INTO `4y2e9_searchindex` (`elementId`, `attribute`, `fieldId`, `locale`, `keywords`) VALUES ('2', 'field', '3', 'en_ca', ' global market leaders in sterilization control and monitoring systems ');
INSERT INTO `4y2e9_searchindex` (`elementId`, `attribute`, `fieldId`, `locale`, `keywords`) VALUES ('2', 'field', '4', 'en_ca', ' advanced monitoring solutions designed for the sterilization industry for growth production efficiency and the long term ');
INSERT INTO `4y2e9_searchindex` (`elementId`, `attribute`, `fieldId`, `locale`, `keywords`) VALUES ('5', 'slug', '0', 'en_ca', ' medical device manufacturers ');
INSERT INTO `4y2e9_searchindex` (`elementId`, `attribute`, `fieldId`, `locale`, `keywords`) VALUES ('5', 'title', '0', 'en_ca', ' medical device manufacturers ');
INSERT INTO `4y2e9_searchindex` (`elementId`, `attribute`, `fieldId`, `locale`, `keywords`) VALUES ('6', 'slug', '0', 'en_ca', ' sterilization services contractors ');
INSERT INTO `4y2e9_searchindex` (`elementId`, `attribute`, `fieldId`, `locale`, `keywords`) VALUES ('6', 'title', '0', 'en_ca', ' sterilization services contractors ');
INSERT INTO `4y2e9_searchindex` (`elementId`, `attribute`, `fieldId`, `locale`, `keywords`) VALUES ('7', 'slug', '0', 'en_ca', ' products services ');
INSERT INTO `4y2e9_searchindex` (`elementId`, `attribute`, `fieldId`, `locale`, `keywords`) VALUES ('7', 'title', '0', 'en_ca', ' products services ');
INSERT INTO `4y2e9_searchindex` (`elementId`, `attribute`, `fieldId`, `locale`, `keywords`) VALUES ('8', 'slug', '0', 'en_ca', ' accusolo ');
INSERT INTO `4y2e9_searchindex` (`elementId`, `attribute`, `fieldId`, `locale`, `keywords`) VALUES ('8', 'title', '0', 'en_ca', ' accusolo ');
INSERT INTO `4y2e9_searchindex` (`elementId`, `attribute`, `fieldId`, `locale`, `keywords`) VALUES ('9', 'slug', '0', 'en_ca', ' konntrack ');
INSERT INTO `4y2e9_searchindex` (`elementId`, `attribute`, `fieldId`, `locale`, `keywords`) VALUES ('9', 'title', '0', 'en_ca', ' konntrack ');
INSERT INTO `4y2e9_searchindex` (`elementId`, `attribute`, `fieldId`, `locale`, `keywords`) VALUES ('10', 'slug', '0', 'en_ca', ' consulting ');
INSERT INTO `4y2e9_searchindex` (`elementId`, `attribute`, `fieldId`, `locale`, `keywords`) VALUES ('10', 'title', '0', 'en_ca', ' consulting ');
INSERT INTO `4y2e9_searchindex` (`elementId`, `attribute`, `fieldId`, `locale`, `keywords`) VALUES ('11', 'slug', '0', 'en_ca', ' sterilization methods ');
INSERT INTO `4y2e9_searchindex` (`elementId`, `attribute`, `fieldId`, `locale`, `keywords`) VALUES ('11', 'title', '0', 'en_ca', ' sterilization methods ');
INSERT INTO `4y2e9_searchindex` (`elementId`, `attribute`, `fieldId`, `locale`, `keywords`) VALUES ('12', 'slug', '0', 'en_ca', ' help desk ');
INSERT INTO `4y2e9_searchindex` (`elementId`, `attribute`, `fieldId`, `locale`, `keywords`) VALUES ('12', 'title', '0', 'en_ca', ' help desk ');
INSERT INTO `4y2e9_searchindex` (`elementId`, `attribute`, `fieldId`, `locale`, `keywords`) VALUES ('13', 'slug', '0', 'en_ca', ' about us ');
INSERT INTO `4y2e9_searchindex` (`elementId`, `attribute`, `fieldId`, `locale`, `keywords`) VALUES ('13', 'title', '0', 'en_ca', ' about us ');
INSERT INTO `4y2e9_searchindex` (`elementId`, `attribute`, `fieldId`, `locale`, `keywords`) VALUES ('14', 'field', '16', 'en_ca', ' director of operations systems development at steris isomedix services ');
INSERT INTO `4y2e9_searchindex` (`elementId`, `attribute`, `fieldId`, `locale`, `keywords`) VALUES ('14', 'field', '1', 'en_ca', ' konnexis continues to provide excellent consulting system development and end user support services to steris isomedix services with over a 6 year business relationship we have used konnexis resources for development and implementation of our erp application business to business web services customer web portal and various process control and monitoring systems for both gamma and ethylene oxide processing their system s expertise has delivered innovative solutions to our business requirements resulting in positive impacts on our daily operations and our overall customer satisfaction ratings ');
INSERT INTO `4y2e9_searchindex` (`elementId`, `attribute`, `fieldId`, `locale`, `keywords`) VALUES ('14', 'slug', '0', 'en_ca', ' ron nyegard ');
INSERT INTO `4y2e9_searchindex` (`elementId`, `attribute`, `fieldId`, `locale`, `keywords`) VALUES ('14', 'title', '0', 'en_ca', ' ron nyegard ');
INSERT INTO `4y2e9_searchindex` (`elementId`, `attribute`, `fieldId`, `locale`, `keywords`) VALUES ('15', 'slug', '0', 'en_ca', '');
INSERT INTO `4y2e9_searchindex` (`elementId`, `attribute`, `fieldId`, `locale`, `keywords`) VALUES ('15', 'field', '17', 'en_ca', ' sales konnexis com ');
INSERT INTO `4y2e9_searchindex` (`elementId`, `attribute`, `fieldId`, `locale`, `keywords`) VALUES ('15', 'field', '18', 'en_ca', ' 1 613 599 7371 x223 ');
INSERT INTO `4y2e9_searchindex` (`elementId`, `attribute`, `fieldId`, `locale`, `keywords`) VALUES ('15', 'field', '19', 'en_ca', ' 300 march road suite 102 kanata on k2k 2e2 ');
INSERT INTO `4y2e9_searchindex` (`elementId`, `attribute`, `fieldId`, `locale`, `keywords`) VALUES ('15', 'field', '20', 'en_ca', ' https twitter com konnexis ');
INSERT INTO `4y2e9_searchindex` (`elementId`, `attribute`, `fieldId`, `locale`, `keywords`) VALUES ('15', 'field', '21', 'en_ca', ' http www linkedin com company konnexis ');
INSERT INTO `4y2e9_searchindex` (`elementId`, `attribute`, `fieldId`, `locale`, `keywords`) VALUES ('16', 'slug', '0', 'en_ca', '');
INSERT INTO `4y2e9_searchindex` (`elementId`, `attribute`, `fieldId`, `locale`, `keywords`) VALUES ('16', 'title', '0', 'en_ca', ' kitchen sink ');
INSERT INTO `4y2e9_searchindex` (`elementId`, `attribute`, `fieldId`, `locale`, `keywords`) VALUES ('17', 'field', '1', 'en_ca', ' konnexis control systems do more than simply monitor your sterilization process this is because our systems are fully integrated with product tracking and process monitoring read about us why konnexis to find out about the benefits of our systems ');
INSERT INTO `4y2e9_searchindex` (`elementId`, `attribute`, `fieldId`, `locale`, `keywords`) VALUES ('17', 'field', '2', 'en_ca', '');
INSERT INTO `4y2e9_searchindex` (`elementId`, `attribute`, `fieldId`, `locale`, `keywords`) VALUES ('17', 'slug', '0', 'en_ca', ' integrated control systems ');
INSERT INTO `4y2e9_searchindex` (`elementId`, `attribute`, `fieldId`, `locale`, `keywords`) VALUES ('17', 'title', '0', 'en_ca', ' integrated control systems ');
INSERT INTO `4y2e9_searchindex` (`elementId`, `attribute`, `fieldId`, `locale`, `keywords`) VALUES ('18', 'field', '1', 'en_ca', ' lorem ipsum dolor sit amet consectetur adipisicing elit sed do eiusmod tempor incididunt ut labore et dolore magna aliqua ut enim ad minim veniam quis nostrud exercitation ullamco laboris nisi ut aliquip ex ea commodo consequat duis aute irure dolor in reprehenderit in voluptate velit esse cillum dolore eu fugiat nulla pariatur excepteur sint occaecat cupidatat non proident sunt in culpa qui officia deserunt mollit anim id est laborum ');
INSERT INTO `4y2e9_searchindex` (`elementId`, `attribute`, `fieldId`, `locale`, `keywords`) VALUES ('18', 'field', '2', 'en_ca', '');
INSERT INTO `4y2e9_searchindex` (`elementId`, `attribute`, `fieldId`, `locale`, `keywords`) VALUES ('18', 'slug', '0', 'en_ca', ' test entry ');
INSERT INTO `4y2e9_searchindex` (`elementId`, `attribute`, `fieldId`, `locale`, `keywords`) VALUES ('18', 'title', '0', 'en_ca', ' test entry ');
INSERT INTO `4y2e9_searchindex` (`elementId`, `attribute`, `fieldId`, `locale`, `keywords`) VALUES ('19', 'field', '1', 'en_ca', ' lorem ipsum dolor sit amet consectetur adipisicing elit sed do eiusmod tempor incididunt ut labore et dolore magna aliqua ut enim ad minim veniam quis nostrud exercitation ullamco laboris nisi ut aliquip ex ea commodo consequat duis aute irure dolor in reprehenderit in voluptate velit esse cillum dolore eu fugiat nulla pariatur excepteur sint occaecat cupidatat non proident sunt in culpa qui officia deserunt mollit anim id est laborum ');
INSERT INTO `4y2e9_searchindex` (`elementId`, `attribute`, `fieldId`, `locale`, `keywords`) VALUES ('19', 'field', '2', 'en_ca', '');
INSERT INTO `4y2e9_searchindex` (`elementId`, `attribute`, `fieldId`, `locale`, `keywords`) VALUES ('19', 'slug', '0', 'en_ca', ' test 2 ');
INSERT INTO `4y2e9_searchindex` (`elementId`, `attribute`, `fieldId`, `locale`, `keywords`) VALUES ('19', 'title', '0', 'en_ca', ' test 2 ');
INSERT INTO `4y2e9_searchindex` (`elementId`, `attribute`, `fieldId`, `locale`, `keywords`) VALUES ('20', 'field', '1', 'en_ca', ' lorem ipsum dolor sit amet consectetur adipisicing elit sed do eiusmod tempor incididunt ut labore et dolore magna aliqua ut enim ad minim veniam quis nostrud exercitation ullamco laboris nisi ut aliquip ex ea commodo consequat duis aute irure dolor in reprehenderit in voluptate velit esse cillum dolore eu fugiat nulla pariatur excepteur sint occaecat cupidatat non proident sunt in culpa qui officia deserunt mollit anim id est laborum ');
INSERT INTO `4y2e9_searchindex` (`elementId`, `attribute`, `fieldId`, `locale`, `keywords`) VALUES ('20', 'field', '2', 'en_ca', '');
INSERT INTO `4y2e9_searchindex` (`elementId`, `attribute`, `fieldId`, `locale`, `keywords`) VALUES ('20', 'slug', '0', 'en_ca', ' test 3 ');
INSERT INTO `4y2e9_searchindex` (`elementId`, `attribute`, `fieldId`, `locale`, `keywords`) VALUES ('20', 'title', '0', 'en_ca', ' test 3 ');
INSERT INTO `4y2e9_searchindex` (`elementId`, `attribute`, `fieldId`, `locale`, `keywords`) VALUES ('21', 'field', '6', 'en_ca', '');
INSERT INTO `4y2e9_searchindex` (`elementId`, `attribute`, `fieldId`, `locale`, `keywords`) VALUES ('21', 'filename', '0', 'en_ca', ' disk_cropped 1617373_220x165 jpg ');
INSERT INTO `4y2e9_searchindex` (`elementId`, `attribute`, `fieldId`, `locale`, `keywords`) VALUES ('21', 'extension', '0', 'en_ca', ' jpg ');
INSERT INTO `4y2e9_searchindex` (`elementId`, `attribute`, `fieldId`, `locale`, `keywords`) VALUES ('21', 'kind', '0', 'en_ca', ' image ');
INSERT INTO `4y2e9_searchindex` (`elementId`, `attribute`, `fieldId`, `locale`, `keywords`) VALUES ('21', 'slug', '0', 'en_ca', '');
INSERT INTO `4y2e9_searchindex` (`elementId`, `attribute`, `fieldId`, `locale`, `keywords`) VALUES ('21', 'title', '0', 'en_ca', ' disk cropped 1617373 220x165 ');
INSERT INTO `4y2e9_searchindex` (`elementId`, `attribute`, `fieldId`, `locale`, `keywords`) VALUES ('17', 'field', '22', 'en_ca', ' disk cropped 1617373 220x165 ');
INSERT INTO `4y2e9_searchindex` (`elementId`, `attribute`, `fieldId`, `locale`, `keywords`) VALUES ('20', 'field', '22', 'en_ca', ' home header ');
INSERT INTO `4y2e9_searchindex` (`elementId`, `attribute`, `fieldId`, `locale`, `keywords`) VALUES ('18', 'field', '22', 'en_ca', ' home header ');
INSERT INTO `4y2e9_searchindex` (`elementId`, `attribute`, `fieldId`, `locale`, `keywords`) VALUES ('3', 'field', '22', 'en_ca', ' home header ');
INSERT INTO `4y2e9_searchindex` (`elementId`, `attribute`, `fieldId`, `locale`, `keywords`) VALUES ('19', 'field', '22', 'en_ca', ' disk cropped 1617373 220x165 ');
INSERT INTO `4y2e9_searchindex` (`elementId`, `attribute`, `fieldId`, `locale`, `keywords`) VALUES ('6', 'field', '5', 'en_ca', ' home header ');
INSERT INTO `4y2e9_searchindex` (`elementId`, `attribute`, `fieldId`, `locale`, `keywords`) VALUES ('6', 'field', '4', 'en_ca', ' konnexis provides competitive advantage through affordable scalability through integration of data management in irradiator and chamber control our systems include product tracking specification management and process monitoring we offer seamless integration with our customers mrp systems providing enterprise wide access to on the floor information in real time ');
INSERT INTO `4y2e9_searchindex` (`elementId`, `attribute`, `fieldId`, `locale`, `keywords`) VALUES ('6', 'field', '7', 'en_ca', ' white sterilization service contractors lorem ipsum dolor sit amet consectetur adipisicing elit sed do eiusmod tempor incididunt ut labore et dolore magna aliqua ut enim ad minim veniam quis nostrud exercitation ullamco laboris nisi ut aliquip ex ea commodo consequat duis aute irure dolor in reprehenderit in voluptate velit esse cillum dolore eu fugiat nulla pariatur excepteur sint occaecat cupidatat non proident sunt in culpa qui officia deserunt mollit anim id est laborum lorem ipsum dolor sit amet consectetur adipisicing elit sed do eiusmod tempor incididunt ut labore et dolore magna aliqua ut enim ad minim veniam quis nostrud exercitation ullamco laboris nisi ut aliquip ex ea commodo consequat duis aute irure dolor in reprehenderit in voluptate velit esse cillum dolore eu fugiat nulla pariatur excepteur sint occaecat cupidatat non proident sunt in culpa qui officia deserunt mollit anim id est laborum ron nyegard white kitchen sink contact us for more information or to request a quote ');
INSERT INTO `4y2e9_searchindex` (`elementId`, `attribute`, `fieldId`, `locale`, `keywords`) VALUES ('22', 'field', '23', 'en_ca', ' sterilization service contractors ');
INSERT INTO `4y2e9_searchindex` (`elementId`, `attribute`, `fieldId`, `locale`, `keywords`) VALUES ('22', 'field', '24', 'en_ca', ' lorem ipsum dolor sit amet consectetur adipisicing elit sed do eiusmod tempor incididunt ut labore et dolore magna aliqua ut enim ad minim veniam quis nostrud exercitation ullamco laboris nisi ut aliquip ex ea commodo consequat duis aute irure dolor in reprehenderit in voluptate velit esse cillum dolore eu fugiat nulla pariatur excepteur sint occaecat cupidatat non proident sunt in culpa qui officia deserunt mollit anim id est laborum ');
INSERT INTO `4y2e9_searchindex` (`elementId`, `attribute`, `fieldId`, `locale`, `keywords`) VALUES ('22', 'field', '25', 'en_ca', ' lorem ipsum dolor sit amet consectetur adipisicing elit sed do eiusmod tempor incididunt ut labore et dolore magna aliqua ut enim ad minim veniam quis nostrud exercitation ullamco laboris nisi ut aliquip ex ea commodo consequat duis aute irure dolor in reprehenderit in voluptate velit esse cillum dolore eu fugiat nulla pariatur excepteur sint occaecat cupidatat non proident sunt in culpa qui officia deserunt mollit anim id est laborum ');
INSERT INTO `4y2e9_searchindex` (`elementId`, `attribute`, `fieldId`, `locale`, `keywords`) VALUES ('22', 'field', '26', 'en_ca', ' white ');
INSERT INTO `4y2e9_searchindex` (`elementId`, `attribute`, `fieldId`, `locale`, `keywords`) VALUES ('22', 'slug', '0', 'en_ca', '');
INSERT INTO `4y2e9_searchindex` (`elementId`, `attribute`, `fieldId`, `locale`, `keywords`) VALUES ('23', 'field', '15', 'en_ca', ' ron nyegard ');
INSERT INTO `4y2e9_searchindex` (`elementId`, `attribute`, `fieldId`, `locale`, `keywords`) VALUES ('23', 'slug', '0', 'en_ca', '');
INSERT INTO `4y2e9_searchindex` (`elementId`, `attribute`, `fieldId`, `locale`, `keywords`) VALUES ('24', 'field', '27', 'en_ca', ' for more information or to request a quote ');
INSERT INTO `4y2e9_searchindex` (`elementId`, `attribute`, `fieldId`, `locale`, `keywords`) VALUES ('24', 'field', '28', 'en_ca', ' contact us ');
INSERT INTO `4y2e9_searchindex` (`elementId`, `attribute`, `fieldId`, `locale`, `keywords`) VALUES ('24', 'field', '29', 'en_ca', ' kitchen sink ');
INSERT INTO `4y2e9_searchindex` (`elementId`, `attribute`, `fieldId`, `locale`, `keywords`) VALUES ('24', 'slug', '0', 'en_ca', '');
INSERT INTO `4y2e9_searchindex` (`elementId`, `attribute`, `fieldId`, `locale`, `keywords`) VALUES ('13', 'field', '5', 'en_ca', ' home header ');
INSERT INTO `4y2e9_searchindex` (`elementId`, `attribute`, `fieldId`, `locale`, `keywords`) VALUES ('13', 'field', '4', 'en_ca', ' originally from slovakia peter veselovsky came to canada to study process engineering at the university of toronto as an avid skier he fell in love with canadian winters and decided to stay while working with nordion leading their irradiator control systems group and their radiation therapy controls group he realized that the level of integration into large company systems was severely lacking peter believed that it was possible to integrate sterilization control systems with manufacturer s complex work flows and still have highly effective and safe systems that would meet stringent regulatory standards with this aim peter formed konnexis in 2000 and now with his hand picked team provides control systems and integration services for sterilization systems of all kinds around the world ');
INSERT INTO `4y2e9_searchindex` (`elementId`, `attribute`, `fieldId`, `locale`, `keywords`) VALUES ('13', 'field', '7', 'en_ca', ' white dedicated to the sterilization industrykonnexis inc provides process control systems specifically for the sterilization industry delivering advanced and expert control and monitoring solutions for growth production efficiency and a future proof system since 2000 konnexis inc has grown to establish an international presence within the sterilization industry partnering with some of the world s largest contract sterilization companies and medical device manufacturers global market leaders in sterilization control systemskonnexis is a global market leader of modern sterilization control systems we have a range of proven solutions that have undergone rigorous testing to provide you with a reliable and dependable solution for any sterilization modality konnexis was selected as the control system for the world s first high volume industrial sterilization x ray facility our control systems are being used throughout the world which sterilize over 1 million pallets per year ');
INSERT INTO `4y2e9_searchindex` (`elementId`, `attribute`, `fieldId`, `locale`, `keywords`) VALUES ('25', 'field', '23', 'en_ca', '');
INSERT INTO `4y2e9_searchindex` (`elementId`, `attribute`, `fieldId`, `locale`, `keywords`) VALUES ('25', 'field', '24', 'en_ca', ' dedicated to the sterilization industrykonnexis inc provides process control systems specifically for the sterilization industry delivering advanced and expert control and monitoring solutions for growth production efficiency and a future proof system since 2000 konnexis inc has grown to establish an international presence within the sterilization industry partnering with some of the world s largest contract sterilization companies and medical device manufacturers ');
INSERT INTO `4y2e9_searchindex` (`elementId`, `attribute`, `fieldId`, `locale`, `keywords`) VALUES ('25', 'field', '25', 'en_ca', ' global market leaders in sterilization control systemskonnexis is a global market leader of modern sterilization control systems we have a range of proven solutions that have undergone rigorous testing to provide you with a reliable and dependable solution for any sterilization modality konnexis was selected as the control system for the world s first high volume industrial sterilization x ray facility our control systems are being used throughout the world which sterilize over 1 million pallets per year ');
INSERT INTO `4y2e9_searchindex` (`elementId`, `attribute`, `fieldId`, `locale`, `keywords`) VALUES ('25', 'field', '26', 'en_ca', ' white ');
INSERT INTO `4y2e9_searchindex` (`elementId`, `attribute`, `fieldId`, `locale`, `keywords`) VALUES ('25', 'slug', '0', 'en_ca', '');
INSERT INTO `4y2e9_searchindex` (`elementId`, `attribute`, `fieldId`, `locale`, `keywords`) VALUES ('24', 'field', '30', 'en_ca', ' white ');
INSERT INTO `4y2e9_searchindex` (`elementId`, `attribute`, `fieldId`, `locale`, `keywords`) VALUES ('5', 'field', '5', 'en_ca', ' home header ');
INSERT INTO `4y2e9_searchindex` (`elementId`, `attribute`, `fieldId`, `locale`, `keywords`) VALUES ('5', 'field', '4', 'en_ca', ' konnexis helps you ensure that your products are efficiently and properly sterilized through integration of data management systems in irradiator and chamber control our systems include product tracking specification management and process monitoring we offer seamless integration with our customers mrp systems providing enterprise wide access to on the floor information in real time ');
INSERT INTO `4y2e9_searchindex` (`elementId`, `attribute`, `fieldId`, `locale`, `keywords`) VALUES ('5', 'field', '7', 'en_ca', '');



DROP TABLE IF EXISTS `4y2e9_sections`;


--
-- Schema for table `4y2e9_sections`
--
CREATE TABLE `4y2e9_sections` (
  `id` int(11) NOT NULL AUTO_INCREMENT,
  `structureId` int(11) DEFAULT NULL,
  `name` varchar(255) COLLATE utf8_unicode_ci NOT NULL,
  `handle` varchar(255) COLLATE utf8_unicode_ci NOT NULL,
  `type` enum('single','channel','structure') COLLATE utf8_unicode_ci NOT NULL DEFAULT 'channel',
  `hasUrls` tinyint(1) unsigned NOT NULL DEFAULT '1',
  `template` varchar(500) COLLATE utf8_unicode_ci DEFAULT NULL,
  `enableVersioning` tinyint(1) unsigned NOT NULL DEFAULT '0',
  `dateCreated` datetime NOT NULL,
  `dateUpdated` datetime NOT NULL,
  `uid` char(36) COLLATE utf8_unicode_ci NOT NULL DEFAULT '0',
  PRIMARY KEY (`id`),
  UNIQUE KEY `4y2e9_sections_name_unq_idx` (`name`),
  UNIQUE KEY `4y2e9_sections_handle_unq_idx` (`handle`),
  KEY `4y2e9_sections_structureId_fk` (`structureId`)
) ENGINE=InnoDB AUTO_INCREMENT=6 DEFAULT CHARSET=utf8 COLLATE=utf8_unicode_ci;

--
-- Data for table `4y2e9_sections`
--

INSERT INTO `4y2e9_sections` (`id`, `structureId`, `name`, `handle`, `type`, `hasUrls`, `template`, `enableVersioning`, `dateCreated`, `dateUpdated`, `uid`) VALUES ('1', NULL, 'Homepage', 'homepage', 'single', '1', 'index', '1', '2015-09-26 20:51:48', '2015-09-26 20:51:48', '10bfc9ec-2f7d-495a-b1f6-6029f6dfcc34');
INSERT INTO `4y2e9_sections` (`id`, `structureId`, `name`, `handle`, `type`, `hasUrls`, `template`, `enableVersioning`, `dateCreated`, `dateUpdated`, `uid`) VALUES ('2', NULL, 'Blog', 'blog', 'channel', '1', 'blog/_entry', '1', '2015-09-26 20:51:49', '2015-10-03 15:32:43', 'fc15e9e6-e502-4e2e-abe2-694083ebd9e4');
INSERT INTO `4y2e9_sections` (`id`, `structureId`, `name`, `handle`, `type`, `hasUrls`, `template`, `enableVersioning`, `dateCreated`, `dateUpdated`, `uid`) VALUES ('3', '1', 'Pages', 'pages', 'structure', '1', 'pages/_entry', '1', '2015-10-03 15:30:55', '2015-10-03 15:32:05', 'e7176c90-d12f-41b4-ba90-5c8990876384');
INSERT INTO `4y2e9_sections` (`id`, `structureId`, `name`, `handle`, `type`, `hasUrls`, `template`, `enableVersioning`, `dateCreated`, `dateUpdated`, `uid`) VALUES ('4', NULL, 'Testimonials', 'testimonials', 'channel', '0', NULL, '0', '2015-10-03 18:30:10', '2015-10-03 18:30:10', '075fe856-1f3e-4148-b0fd-3649295132c6');
INSERT INTO `4y2e9_sections` (`id`, `structureId`, `name`, `handle`, `type`, `hasUrls`, `template`, `enableVersioning`, `dateCreated`, `dateUpdated`, `uid`) VALUES ('5', NULL, 'Kitchen Sink', 'kitchenSink', 'single', '1', 'kitchensink', '0', '2015-10-03 21:26:13', '2015-10-03 21:26:13', '6d0f7a80-a142-4edd-8886-9f3b1a87da35');



DROP TABLE IF EXISTS `4y2e9_sections_i18n`;


--
-- Schema for table `4y2e9_sections_i18n`
--
CREATE TABLE `4y2e9_sections_i18n` (
  `id` int(11) NOT NULL AUTO_INCREMENT,
  `sectionId` int(11) NOT NULL,
  `locale` char(12) COLLATE utf8_unicode_ci NOT NULL,
  `enabledByDefault` tinyint(1) unsigned NOT NULL DEFAULT '1',
  `urlFormat` varchar(255) COLLATE utf8_unicode_ci DEFAULT NULL,
  `nestedUrlFormat` varchar(255) COLLATE utf8_unicode_ci DEFAULT NULL,
  `dateCreated` datetime NOT NULL,
  `dateUpdated` datetime NOT NULL,
  `uid` char(36) COLLATE utf8_unicode_ci NOT NULL DEFAULT '0',
  PRIMARY KEY (`id`),
  UNIQUE KEY `4y2e9_sections_i18n_sectionId_locale_unq_idx` (`sectionId`,`locale`),
  KEY `4y2e9_sections_i18n_locale_fk` (`locale`)
) ENGINE=InnoDB AUTO_INCREMENT=6 DEFAULT CHARSET=utf8 COLLATE=utf8_unicode_ci;

--
-- Data for table `4y2e9_sections_i18n`
--

INSERT INTO `4y2e9_sections_i18n` (`id`, `sectionId`, `locale`, `enabledByDefault`, `urlFormat`, `nestedUrlFormat`, `dateCreated`, `dateUpdated`, `uid`) VALUES ('1', '1', 'en_ca', '1', '__home__', NULL, '2015-09-26 20:51:48', '2015-09-26 20:51:48', 'b9f865a6-7771-4e7a-b57f-fd108ce450e8');
INSERT INTO `4y2e9_sections_i18n` (`id`, `sectionId`, `locale`, `enabledByDefault`, `urlFormat`, `nestedUrlFormat`, `dateCreated`, `dateUpdated`, `uid`) VALUES ('2', '2', 'en_ca', '0', 'blog/{postDate.year}/{slug}', NULL, '2015-09-26 20:51:49', '2015-10-03 15:32:43', 'ed153525-db57-44b4-a31f-2dc7e5221a6f');
INSERT INTO `4y2e9_sections_i18n` (`id`, `sectionId`, `locale`, `enabledByDefault`, `urlFormat`, `nestedUrlFormat`, `dateCreated`, `dateUpdated`, `uid`) VALUES ('3', '3', 'en_ca', '0', '{slug}', '{parent.uri}/{slug}', '2015-10-03 15:30:55', '2015-10-03 15:30:55', '55da3d34-c0ae-4b9e-98f8-ca0e9543991b');
INSERT INTO `4y2e9_sections_i18n` (`id`, `sectionId`, `locale`, `enabledByDefault`, `urlFormat`, `nestedUrlFormat`, `dateCreated`, `dateUpdated`, `uid`) VALUES ('4', '4', 'en_ca', '0', NULL, NULL, '2015-10-03 18:30:10', '2015-10-03 18:30:10', '00872c4b-ec10-4632-b6fc-0d2ed8712d88');
INSERT INTO `4y2e9_sections_i18n` (`id`, `sectionId`, `locale`, `enabledByDefault`, `urlFormat`, `nestedUrlFormat`, `dateCreated`, `dateUpdated`, `uid`) VALUES ('5', '5', 'en_ca', '0', 'kitchen-sink', NULL, '2015-10-03 21:26:13', '2015-10-03 21:26:13', '1551806a-823e-4337-9e84-936560a45e42');



DROP TABLE IF EXISTS `4y2e9_sessions`;


--
-- Schema for table `4y2e9_sessions`
--
CREATE TABLE `4y2e9_sessions` (
  `id` int(11) NOT NULL AUTO_INCREMENT,
  `userId` int(11) NOT NULL,
  `token` char(100) COLLATE utf8_unicode_ci NOT NULL,
  `dateCreated` datetime NOT NULL,
  `dateUpdated` datetime NOT NULL,
  `uid` char(36) COLLATE utf8_unicode_ci NOT NULL DEFAULT '0',
  PRIMARY KEY (`id`),
  KEY `4y2e9_sessions_uid_idx` (`uid`),
  KEY `4y2e9_sessions_token_idx` (`token`),
  KEY `4y2e9_sessions_dateUpdated_idx` (`dateUpdated`),
  KEY `4y2e9_sessions_userId_fk` (`userId`)
) ENGINE=InnoDB AUTO_INCREMENT=6 DEFAULT CHARSET=utf8 COLLATE=utf8_unicode_ci;

DROP TABLE IF EXISTS `4y2e9_shunnedmessages`;


--
-- Schema for table `4y2e9_shunnedmessages`
--
CREATE TABLE `4y2e9_shunnedmessages` (
  `id` int(11) NOT NULL AUTO_INCREMENT,
  `userId` int(11) NOT NULL,
  `message` varchar(255) COLLATE utf8_unicode_ci NOT NULL,
  `expiryDate` datetime DEFAULT NULL,
  `dateCreated` datetime NOT NULL,
  `dateUpdated` datetime NOT NULL,
  `uid` char(36) COLLATE utf8_unicode_ci NOT NULL DEFAULT '0',
  PRIMARY KEY (`id`),
  UNIQUE KEY `4y2e9_shunnedmessages_userId_message_unq_idx` (`userId`,`message`)
) ENGINE=InnoDB DEFAULT CHARSET=utf8 COLLATE=utf8_unicode_ci;

DROP TABLE IF EXISTS `4y2e9_structureelements`;


--
-- Schema for table `4y2e9_structureelements`
--
CREATE TABLE `4y2e9_structureelements` (
  `id` int(11) NOT NULL AUTO_INCREMENT,
  `structureId` int(11) NOT NULL,
  `elementId` int(11) DEFAULT NULL,
  `root` int(11) unsigned DEFAULT NULL,
  `lft` int(11) unsigned NOT NULL,
  `rgt` int(11) unsigned NOT NULL,
  `level` smallint(6) unsigned NOT NULL,
  `dateCreated` datetime NOT NULL,
  `dateUpdated` datetime NOT NULL,
  `uid` char(36) COLLATE utf8_unicode_ci NOT NULL DEFAULT '0',
  PRIMARY KEY (`id`),
  UNIQUE KEY `4y2e9_structureelements_structureId_elementId_unq_idx` (`structureId`,`elementId`),
  KEY `4y2e9_structureelements_root_idx` (`root`),
  KEY `4y2e9_structureelements_lft_idx` (`lft`),
  KEY `4y2e9_structureelements_rgt_idx` (`rgt`),
  KEY `4y2e9_structureelements_level_idx` (`level`),
  KEY `4y2e9_structureelements_elementId_fk` (`elementId`)
) ENGINE=InnoDB AUTO_INCREMENT=11 DEFAULT CHARSET=utf8 COLLATE=utf8_unicode_ci;

--
-- Data for table `4y2e9_structureelements`
--

INSERT INTO `4y2e9_structureelements` (`id`, `structureId`, `elementId`, `root`, `lft`, `rgt`, `level`, `dateCreated`, `dateUpdated`, `uid`) VALUES ('1', '1', NULL, '1', '1', '20', '0', '2015-10-03 15:33:54', '2015-10-03 15:33:54', '567fad18-5d33-433b-ba0b-2287106dd482');
INSERT INTO `4y2e9_structureelements` (`id`, `structureId`, `elementId`, `root`, `lft`, `rgt`, `level`, `dateCreated`, `dateUpdated`, `uid`) VALUES ('2', '1', '5', '1', '2', '3', '1', '2015-10-03 15:33:54', '2015-10-03 15:33:54', '5eb8bd67-d4fa-4f69-92b0-4e91cd06ead9');
INSERT INTO `4y2e9_structureelements` (`id`, `structureId`, `elementId`, `root`, `lft`, `rgt`, `level`, `dateCreated`, `dateUpdated`, `uid`) VALUES ('3', '1', '6', '1', '4', '5', '1', '2015-10-03 15:34:10', '2015-10-03 15:34:10', '11d89025-0011-42ba-b845-039e56f538ef');
INSERT INTO `4y2e9_structureelements` (`id`, `structureId`, `elementId`, `root`, `lft`, `rgt`, `level`, `dateCreated`, `dateUpdated`, `uid`) VALUES ('4', '1', '7', '1', '6', '13', '1', '2015-10-03 15:34:33', '2015-10-03 15:34:33', '3d9afc83-55ad-4ce9-8b50-ae36cd4c2285');
INSERT INTO `4y2e9_structureelements` (`id`, `structureId`, `elementId`, `root`, `lft`, `rgt`, `level`, `dateCreated`, `dateUpdated`, `uid`) VALUES ('5', '1', '8', '1', '7', '8', '2', '2015-10-03 15:34:54', '2015-10-03 15:34:54', '6bfbf16a-acaa-465b-87fe-d45597d353c9');
INSERT INTO `4y2e9_structureelements` (`id`, `structureId`, `elementId`, `root`, `lft`, `rgt`, `level`, `dateCreated`, `dateUpdated`, `uid`) VALUES ('6', '1', '9', '1', '9', '10', '2', '2015-10-03 15:35:41', '2015-10-03 15:35:41', 'a49342e7-b287-4aa1-93f1-e5481aba1b9e');
INSERT INTO `4y2e9_structureelements` (`id`, `structureId`, `elementId`, `root`, `lft`, `rgt`, `level`, `dateCreated`, `dateUpdated`, `uid`) VALUES ('7', '1', '10', '1', '11', '12', '2', '2015-10-03 15:36:12', '2015-10-03 15:36:12', 'cc4e4fd6-b155-40fc-8860-0094090e634d');
INSERT INTO `4y2e9_structureelements` (`id`, `structureId`, `elementId`, `root`, `lft`, `rgt`, `level`, `dateCreated`, `dateUpdated`, `uid`) VALUES ('8', '1', '11', '1', '14', '15', '1', '2015-10-03 15:36:29', '2015-10-03 15:36:29', 'b87c0314-9ec5-4511-9243-282719d115df');
INSERT INTO `4y2e9_structureelements` (`id`, `structureId`, `elementId`, `root`, `lft`, `rgt`, `level`, `dateCreated`, `dateUpdated`, `uid`) VALUES ('9', '1', '12', '1', '16', '17', '1', '2015-10-03 15:36:40', '2015-10-03 15:36:40', 'd18ec26e-9a2b-40a3-8fd2-b977855605ef');
INSERT INTO `4y2e9_structureelements` (`id`, `structureId`, `elementId`, `root`, `lft`, `rgt`, `level`, `dateCreated`, `dateUpdated`, `uid`) VALUES ('10', '1', '13', '1', '18', '19', '1', '2015-10-03 15:36:49', '2015-10-03 15:36:49', '1991cec7-0b83-4382-9c12-efda6a4d3a42');



DROP TABLE IF EXISTS `4y2e9_structures`;


--
-- Schema for table `4y2e9_structures`
--
CREATE TABLE `4y2e9_structures` (
  `id` int(11) NOT NULL AUTO_INCREMENT,
  `maxLevels` smallint(6) unsigned DEFAULT NULL,
  `dateCreated` datetime NOT NULL,
  `dateUpdated` datetime NOT NULL,
  `uid` char(36) COLLATE utf8_unicode_ci NOT NULL DEFAULT '0',
  PRIMARY KEY (`id`)
) ENGINE=InnoDB AUTO_INCREMENT=2 DEFAULT CHARSET=utf8 COLLATE=utf8_unicode_ci;

--
-- Data for table `4y2e9_structures`
--

INSERT INTO `4y2e9_structures` (`id`, `maxLevels`, `dateCreated`, `dateUpdated`, `uid`) VALUES ('1', NULL, '2015-10-03 15:30:55', '2015-10-03 15:32:05', '569128a8-fbc6-4b5e-96f4-64450540f114');



DROP TABLE IF EXISTS `4y2e9_systemsettings`;


--
-- Schema for table `4y2e9_systemsettings`
--
CREATE TABLE `4y2e9_systemsettings` (
  `id` int(11) NOT NULL AUTO_INCREMENT,
  `category` varchar(15) COLLATE utf8_unicode_ci NOT NULL,
  `settings` text COLLATE utf8_unicode_ci,
  `dateCreated` datetime NOT NULL,
  `dateUpdated` datetime NOT NULL,
  `uid` char(36) COLLATE utf8_unicode_ci NOT NULL DEFAULT '0',
  PRIMARY KEY (`id`),
  UNIQUE KEY `4y2e9_systemsettings_category_unq_idx` (`category`)
) ENGINE=InnoDB AUTO_INCREMENT=2 DEFAULT CHARSET=utf8 COLLATE=utf8_unicode_ci;

--
-- Data for table `4y2e9_systemsettings`
--

INSERT INTO `4y2e9_systemsettings` (`id`, `category`, `settings`, `dateCreated`, `dateUpdated`, `uid`) VALUES ('1', 'email', '{\"protocol\":\"php\",\"emailAddress\":\"heygregor@gmail.com\",\"senderName\":\"Konnexis\"}', '2015-09-26 20:51:48', '2015-09-26 20:51:48', 'eeef685d-3bde-4470-8173-ba0b9d2e12e5');



DROP TABLE IF EXISTS `4y2e9_taggroups`;


--
-- Schema for table `4y2e9_taggroups`
--
CREATE TABLE `4y2e9_taggroups` (
  `id` int(11) NOT NULL AUTO_INCREMENT,
  `name` varchar(255) COLLATE utf8_unicode_ci NOT NULL,
  `handle` varchar(255) COLLATE utf8_unicode_ci NOT NULL,
  `fieldLayoutId` int(11) DEFAULT NULL,
  `dateCreated` datetime NOT NULL,
  `dateUpdated` datetime NOT NULL,
  `uid` char(36) COLLATE utf8_unicode_ci NOT NULL DEFAULT '0',
  PRIMARY KEY (`id`),
  UNIQUE KEY `4y2e9_taggroups_name_unq_idx` (`name`),
  UNIQUE KEY `4y2e9_taggroups_handle_unq_idx` (`handle`),
  KEY `4y2e9_taggroups_fieldLayoutId_fk` (`fieldLayoutId`)
) ENGINE=InnoDB AUTO_INCREMENT=2 DEFAULT CHARSET=utf8 COLLATE=utf8_unicode_ci;

--
-- Data for table `4y2e9_taggroups`
--

INSERT INTO `4y2e9_taggroups` (`id`, `name`, `handle`, `fieldLayoutId`, `dateCreated`, `dateUpdated`, `uid`) VALUES ('1', 'Default', 'default', '1', '2015-09-26 20:51:48', '2015-09-26 20:51:48', '3489ad21-5b6a-4287-81cb-1652492b3e43');



DROP TABLE IF EXISTS `4y2e9_tags`;


--
-- Schema for table `4y2e9_tags`
--
CREATE TABLE `4y2e9_tags` (
  `id` int(11) NOT NULL,
  `groupId` int(11) NOT NULL,
  `dateCreated` datetime NOT NULL,
  `dateUpdated` datetime NOT NULL,
  `uid` char(36) COLLATE utf8_unicode_ci NOT NULL DEFAULT '0',
  PRIMARY KEY (`id`),
  KEY `4y2e9_tags_groupId_fk` (`groupId`)
) ENGINE=InnoDB DEFAULT CHARSET=utf8 COLLATE=utf8_unicode_ci;

DROP TABLE IF EXISTS `4y2e9_tasks`;


--
-- Schema for table `4y2e9_tasks`
--
CREATE TABLE `4y2e9_tasks` (
  `id` int(11) NOT NULL AUTO_INCREMENT,
  `root` int(11) unsigned DEFAULT NULL,
  `lft` int(11) unsigned NOT NULL,
  `rgt` int(11) unsigned NOT NULL,
  `level` smallint(6) unsigned NOT NULL,
  `currentStep` int(11) unsigned DEFAULT NULL,
  `totalSteps` int(11) unsigned DEFAULT NULL,
  `status` enum('pending','error','running') COLLATE utf8_unicode_ci DEFAULT NULL,
  `type` varchar(150) COLLATE utf8_unicode_ci NOT NULL,
  `description` varchar(255) COLLATE utf8_unicode_ci DEFAULT NULL,
  `settings` text COLLATE utf8_unicode_ci,
  `dateCreated` datetime NOT NULL,
  `dateUpdated` datetime NOT NULL,
  `uid` char(36) COLLATE utf8_unicode_ci NOT NULL DEFAULT '0',
  PRIMARY KEY (`id`),
  KEY `4y2e9_tasks_root_idx` (`root`),
  KEY `4y2e9_tasks_lft_idx` (`lft`),
  KEY `4y2e9_tasks_rgt_idx` (`rgt`),
  KEY `4y2e9_tasks_level_idx` (`level`)
) ENGINE=InnoDB AUTO_INCREMENT=13 DEFAULT CHARSET=utf8 COLLATE=utf8_unicode_ci;

DROP TABLE IF EXISTS `4y2e9_templatecachecriteria`;


--
-- Schema for table `4y2e9_templatecachecriteria`
--
CREATE TABLE `4y2e9_templatecachecriteria` (
  `id` int(11) NOT NULL AUTO_INCREMENT,
  `cacheId` int(11) NOT NULL,
  `type` varchar(150) COLLATE utf8_unicode_ci NOT NULL,
  `criteria` text COLLATE utf8_unicode_ci NOT NULL,
  PRIMARY KEY (`id`),
  KEY `4y2e9_templatecachecriteria_cacheId_fk` (`cacheId`),
  KEY `4y2e9_templatecachecriteria_type_idx` (`type`)
) ENGINE=InnoDB DEFAULT CHARSET=utf8 COLLATE=utf8_unicode_ci;

DROP TABLE IF EXISTS `4y2e9_templatecacheelements`;


--
-- Schema for table `4y2e9_templatecacheelements`
--
CREATE TABLE `4y2e9_templatecacheelements` (
  `cacheId` int(11) NOT NULL,
  `elementId` int(11) NOT NULL,
  KEY `4y2e9_templatecacheelements_cacheId_fk` (`cacheId`),
  KEY `4y2e9_templatecacheelements_elementId_fk` (`elementId`)
) ENGINE=InnoDB DEFAULT CHARSET=utf8 COLLATE=utf8_unicode_ci;

DROP TABLE IF EXISTS `4y2e9_templatecaches`;


--
-- Schema for table `4y2e9_templatecaches`
--
CREATE TABLE `4y2e9_templatecaches` (
  `id` int(11) NOT NULL AUTO_INCREMENT,
  `cacheKey` varchar(255) COLLATE utf8_unicode_ci NOT NULL,
  `locale` char(12) COLLATE utf8_unicode_ci NOT NULL,
  `path` varchar(255) COLLATE utf8_unicode_ci DEFAULT NULL,
  `expiryDate` datetime NOT NULL,
  `body` mediumtext COLLATE utf8_unicode_ci NOT NULL,
  PRIMARY KEY (`id`),
  KEY `4y2e9_templatecaches_expiryDate_cacheKey_locale_path_idx` (`expiryDate`,`cacheKey`,`locale`,`path`),
  KEY `4y2e9_templatecaches_locale_fk` (`locale`)
) ENGINE=InnoDB DEFAULT CHARSET=utf8 COLLATE=utf8_unicode_ci;

DROP TABLE IF EXISTS `4y2e9_tokens`;


--
-- Schema for table `4y2e9_tokens`
--
CREATE TABLE `4y2e9_tokens` (
  `id` int(11) NOT NULL AUTO_INCREMENT,
  `token` char(32) COLLATE utf8_unicode_ci NOT NULL,
  `route` text COLLATE utf8_unicode_ci,
  `usageLimit` tinyint(3) unsigned DEFAULT NULL,
  `usageCount` tinyint(3) unsigned DEFAULT NULL,
  `expiryDate` datetime NOT NULL,
  `dateCreated` datetime NOT NULL,
  `dateUpdated` datetime NOT NULL,
  `uid` char(36) COLLATE utf8_unicode_ci NOT NULL DEFAULT '0',
  PRIMARY KEY (`id`),
  UNIQUE KEY `4y2e9_tokens_token_unq_idx` (`token`),
  KEY `4y2e9_tokens_expiryDate_idx` (`expiryDate`)
) ENGINE=InnoDB DEFAULT CHARSET=utf8 COLLATE=utf8_unicode_ci;

DROP TABLE IF EXISTS `4y2e9_usergroups`;


--
-- Schema for table `4y2e9_usergroups`
--
CREATE TABLE `4y2e9_usergroups` (
  `id` int(11) NOT NULL AUTO_INCREMENT,
  `name` varchar(255) COLLATE utf8_unicode_ci NOT NULL,
  `handle` varchar(255) COLLATE utf8_unicode_ci NOT NULL,
  `dateCreated` datetime NOT NULL,
  `dateUpdated` datetime NOT NULL,
  `uid` char(36) COLLATE utf8_unicode_ci NOT NULL DEFAULT '0',
  PRIMARY KEY (`id`)
) ENGINE=InnoDB DEFAULT CHARSET=utf8 COLLATE=utf8_unicode_ci;

DROP TABLE IF EXISTS `4y2e9_usergroups_users`;


--
-- Schema for table `4y2e9_usergroups_users`
--
CREATE TABLE `4y2e9_usergroups_users` (
  `id` int(11) NOT NULL AUTO_INCREMENT,
  `groupId` int(11) NOT NULL,
  `userId` int(11) NOT NULL,
  `dateCreated` datetime NOT NULL,
  `dateUpdated` datetime NOT NULL,
  `uid` char(36) COLLATE utf8_unicode_ci NOT NULL DEFAULT '0',
  PRIMARY KEY (`id`),
  UNIQUE KEY `4y2e9_usergroups_users_groupId_userId_unq_idx` (`groupId`,`userId`),
  KEY `4y2e9_usergroups_users_userId_fk` (`userId`)
) ENGINE=InnoDB DEFAULT CHARSET=utf8 COLLATE=utf8_unicode_ci;

DROP TABLE IF EXISTS `4y2e9_userpermissions`;


--
-- Schema for table `4y2e9_userpermissions`
--
CREATE TABLE `4y2e9_userpermissions` (
  `id` int(11) NOT NULL AUTO_INCREMENT,
  `name` varchar(255) COLLATE utf8_unicode_ci NOT NULL,
  `dateCreated` datetime NOT NULL,
  `dateUpdated` datetime NOT NULL,
  `uid` char(36) COLLATE utf8_unicode_ci NOT NULL DEFAULT '0',
  PRIMARY KEY (`id`),
  UNIQUE KEY `4y2e9_userpermissions_name_unq_idx` (`name`)
) ENGINE=InnoDB DEFAULT CHARSET=utf8 COLLATE=utf8_unicode_ci;

DROP TABLE IF EXISTS `4y2e9_userpermissions_usergroups`;


--
-- Schema for table `4y2e9_userpermissions_usergroups`
--
CREATE TABLE `4y2e9_userpermissions_usergroups` (
  `id` int(11) NOT NULL AUTO_INCREMENT,
  `permissionId` int(11) NOT NULL,
  `groupId` int(11) NOT NULL,
  `dateCreated` datetime NOT NULL,
  `dateUpdated` datetime NOT NULL,
  `uid` char(36) COLLATE utf8_unicode_ci NOT NULL DEFAULT '0',
  PRIMARY KEY (`id`),
  UNIQUE KEY `4y2e9_userpermissions_usergroups_permissionId_groupId_unq_idx` (`permissionId`,`groupId`),
  KEY `4y2e9_userpermissions_usergroups_groupId_fk` (`groupId`)
) ENGINE=InnoDB DEFAULT CHARSET=utf8 COLLATE=utf8_unicode_ci;

DROP TABLE IF EXISTS `4y2e9_userpermissions_users`;


--
-- Schema for table `4y2e9_userpermissions_users`
--
CREATE TABLE `4y2e9_userpermissions_users` (
  `id` int(11) NOT NULL AUTO_INCREMENT,
  `permissionId` int(11) NOT NULL,
  `userId` int(11) NOT NULL,
  `dateCreated` datetime NOT NULL,
  `dateUpdated` datetime NOT NULL,
  `uid` char(36) COLLATE utf8_unicode_ci NOT NULL DEFAULT '0',
  PRIMARY KEY (`id`),
  UNIQUE KEY `4y2e9_userpermissions_users_permissionId_userId_unq_idx` (`permissionId`,`userId`),
  KEY `4y2e9_userpermissions_users_userId_fk` (`userId`)
) ENGINE=InnoDB DEFAULT CHARSET=utf8 COLLATE=utf8_unicode_ci;

DROP TABLE IF EXISTS `4y2e9_users`;


--
-- Schema for table `4y2e9_users`
--
CREATE TABLE `4y2e9_users` (
  `id` int(11) NOT NULL,
  `username` varchar(100) COLLATE utf8_unicode_ci NOT NULL,
  `photo` varchar(100) COLLATE utf8_unicode_ci DEFAULT NULL,
  `firstName` varchar(100) COLLATE utf8_unicode_ci DEFAULT NULL,
  `lastName` varchar(100) COLLATE utf8_unicode_ci DEFAULT NULL,
  `email` varchar(255) COLLATE utf8_unicode_ci NOT NULL,
  `password` char(255) COLLATE utf8_unicode_ci DEFAULT NULL,
  `preferredLocale` char(12) COLLATE utf8_unicode_ci DEFAULT NULL,
  `weekStartDay` tinyint(1) unsigned NOT NULL DEFAULT '0',
  `admin` tinyint(1) unsigned NOT NULL DEFAULT '0',
  `client` tinyint(1) unsigned NOT NULL DEFAULT '0',
  `locked` tinyint(1) unsigned NOT NULL DEFAULT '0',
  `suspended` tinyint(1) unsigned NOT NULL DEFAULT '0',
  `pending` tinyint(1) unsigned NOT NULL DEFAULT '0',
  `archived` tinyint(1) unsigned NOT NULL DEFAULT '0',
  `lastLoginDate` datetime DEFAULT NULL,
  `lastLoginAttemptIPAddress` varchar(45) COLLATE utf8_unicode_ci DEFAULT NULL,
  `invalidLoginWindowStart` datetime DEFAULT NULL,
  `invalidLoginCount` tinyint(4) unsigned DEFAULT NULL,
  `lastInvalidLoginDate` datetime DEFAULT NULL,
  `lockoutDate` datetime DEFAULT NULL,
  `verificationCode` char(100) COLLATE utf8_unicode_ci DEFAULT NULL,
  `verificationCodeIssuedDate` datetime DEFAULT NULL,
  `unverifiedEmail` varchar(255) COLLATE utf8_unicode_ci DEFAULT NULL,
  `passwordResetRequired` tinyint(1) unsigned NOT NULL DEFAULT '0',
  `lastPasswordChangeDate` datetime DEFAULT NULL,
  `dateCreated` datetime NOT NULL,
  `dateUpdated` datetime NOT NULL,
  `uid` char(36) COLLATE utf8_unicode_ci NOT NULL DEFAULT '0',
  PRIMARY KEY (`id`),
  UNIQUE KEY `4y2e9_users_username_unq_idx` (`username`),
  UNIQUE KEY `4y2e9_users_email_unq_idx` (`email`),
  KEY `4y2e9_users_verificationCode_idx` (`verificationCode`),
  KEY `4y2e9_users_uid_idx` (`uid`),
  KEY `4y2e9_users_preferredLocale_fk` (`preferredLocale`)
) ENGINE=InnoDB DEFAULT CHARSET=utf8 COLLATE=utf8_unicode_ci;

--
-- Data for table `4y2e9_users`
--

INSERT INTO `4y2e9_users` (`id`, `username`, `photo`, `firstName`, `lastName`, `email`, `password`, `preferredLocale`, `weekStartDay`, `admin`, `client`, `locked`, `suspended`, `pending`, `archived`, `lastLoginDate`, `lastLoginAttemptIPAddress`, `invalidLoginWindowStart`, `invalidLoginCount`, `lastInvalidLoginDate`, `lockoutDate`, `verificationCode`, `verificationCodeIssuedDate`, `unverifiedEmail`, `passwordResetRequired`, `lastPasswordChangeDate`, `dateCreated`, `dateUpdated`, `uid`) VALUES ('1', 'gregor', NULL, NULL, NULL, 'heygregor@gmail.com', '$2y$13$z2LNmTh66aKWsPO2M8EZGODMrcePjqUfSQ7GS1KtYsFSKR0AEHjPi', NULL, '0', '1', '0', '0', '0', '0', '0', '2015-10-15 22:30:12', '127.0.0.1', NULL, NULL, '2015-10-03 21:25:20', NULL, NULL, NULL, NULL, '0', '2015-09-26 20:51:47', '2015-09-26 20:51:47', '2015-10-15 22:30:12', '6ba0b428-7b0e-425e-861c-a7eb48b54da4');



DROP TABLE IF EXISTS `4y2e9_widgets`;


--
-- Schema for table `4y2e9_widgets`
--
CREATE TABLE `4y2e9_widgets` (
  `id` int(11) NOT NULL AUTO_INCREMENT,
  `userId` int(11) NOT NULL,
  `type` varchar(150) COLLATE utf8_unicode_ci NOT NULL,
  `sortOrder` tinyint(4) DEFAULT NULL,
  `settings` text COLLATE utf8_unicode_ci,
  `enabled` tinyint(1) unsigned NOT NULL DEFAULT '1',
  `dateCreated` datetime NOT NULL,
  `dateUpdated` datetime NOT NULL,
  `uid` char(36) COLLATE utf8_unicode_ci NOT NULL DEFAULT '0',
  PRIMARY KEY (`id`),
  KEY `4y2e9_widgets_userId_fk` (`userId`)
) ENGINE=InnoDB AUTO_INCREMENT=5 DEFAULT CHARSET=utf8 COLLATE=utf8_unicode_ci;

--
-- Data for table `4y2e9_widgets`
--

INSERT INTO `4y2e9_widgets` (`id`, `userId`, `type`, `sortOrder`, `settings`, `enabled`, `dateCreated`, `dateUpdated`, `uid`) VALUES ('1', '1', 'RecentEntries', '1', NULL, '1', '2015-09-26 20:53:27', '2015-09-26 20:53:27', '7f62c6fa-038c-4826-8b46-ff5ec5bdc847');
INSERT INTO `4y2e9_widgets` (`id`, `userId`, `type`, `sortOrder`, `settings`, `enabled`, `dateCreated`, `dateUpdated`, `uid`) VALUES ('2', '1', 'GetHelp', '2', NULL, '1', '2015-09-26 20:53:27', '2015-09-26 20:53:27', 'da74255c-d9cd-421c-9ed8-70f63999aa79');
INSERT INTO `4y2e9_widgets` (`id`, `userId`, `type`, `sortOrder`, `settings`, `enabled`, `dateCreated`, `dateUpdated`, `uid`) VALUES ('3', '1', 'Updates', '3', NULL, '1', '2015-09-26 20:53:27', '2015-09-26 20:53:27', '5404e0d3-b670-46b5-a198-dd044f1324e6');
INSERT INTO `4y2e9_widgets` (`id`, `userId`, `type`, `sortOrder`, `settings`, `enabled`, `dateCreated`, `dateUpdated`, `uid`) VALUES ('4', '1', 'Feed', '4', '{\"url\":\"http:\\/\\/feeds.feedburner.com\\/blogandtonic\",\"title\":\"Blog & Tonic\"}', '1', '2015-09-26 20:53:27', '2015-09-26 20:53:27', '66a7ca4c-9765-46f9-8275-1cef1d7abd72');


--
-- Constraints for tables
--


--
-- Constraints for table `4y2e9_assetfiles`
--
ALTER TABLE `4y2e9_assetfiles`
	ADD CONSTRAINT `4y2e9_assetfiles_folderId_fk` FOREIGN KEY (`folderId`) REFERENCES `4y2e9_assetfolders` (`id`) ON DELETE CASCADE,
	ADD CONSTRAINT `4y2e9_assetfiles_id_fk` FOREIGN KEY (`id`) REFERENCES `4y2e9_elements` (`id`) ON DELETE CASCADE,
	ADD CONSTRAINT `4y2e9_assetfiles_sourceId_fk` FOREIGN KEY (`sourceId`) REFERENCES `4y2e9_assetsources` (`id`) ON DELETE CASCADE;

--
-- Constraints for table `4y2e9_assetfolders`
--
ALTER TABLE `4y2e9_assetfolders`
	ADD CONSTRAINT `4y2e9_assetfolders_parentId_fk` FOREIGN KEY (`parentId`) REFERENCES `4y2e9_assetfolders` (`id`) ON DELETE CASCADE,
	ADD CONSTRAINT `4y2e9_assetfolders_sourceId_fk` FOREIGN KEY (`sourceId`) REFERENCES `4y2e9_assetsources` (`id`) ON DELETE CASCADE;

--
-- Constraints for table `4y2e9_assetindexdata`
--
ALTER TABLE `4y2e9_assetindexdata`
	ADD CONSTRAINT `4y2e9_assetindexdata_sourceId_fk` FOREIGN KEY (`sourceId`) REFERENCES `4y2e9_assetsources` (`id`) ON DELETE CASCADE;

--
-- Constraints for table `4y2e9_assetsources`
--
ALTER TABLE `4y2e9_assetsources`
	ADD CONSTRAINT `4y2e9_assetsources_fieldLayoutId_fk` FOREIGN KEY (`fieldLayoutId`) REFERENCES `4y2e9_fieldlayouts` (`id`) ON DELETE SET NULL;

--
-- Constraints for table `4y2e9_categories`
--
ALTER TABLE `4y2e9_categories`
	ADD CONSTRAINT `4y2e9_categories_groupId_fk` FOREIGN KEY (`groupId`) REFERENCES `4y2e9_categorygroups` (`id`) ON DELETE CASCADE,
	ADD CONSTRAINT `4y2e9_categories_id_fk` FOREIGN KEY (`id`) REFERENCES `4y2e9_elements` (`id`) ON DELETE CASCADE;

--
-- Constraints for table `4y2e9_categorygroups`
--
ALTER TABLE `4y2e9_categorygroups`
	ADD CONSTRAINT `4y2e9_categorygroups_fieldLayoutId_fk` FOREIGN KEY (`fieldLayoutId`) REFERENCES `4y2e9_fieldlayouts` (`id`) ON DELETE SET NULL,
	ADD CONSTRAINT `4y2e9_categorygroups_structureId_fk` FOREIGN KEY (`structureId`) REFERENCES `4y2e9_structures` (`id`) ON DELETE CASCADE;

--
-- Constraints for table `4y2e9_categorygroups_i18n`
--
ALTER TABLE `4y2e9_categorygroups_i18n`
	ADD CONSTRAINT `4y2e9_categorygroups_i18n_groupId_fk` FOREIGN KEY (`groupId`) REFERENCES `4y2e9_categorygroups` (`id`) ON DELETE CASCADE,
	ADD CONSTRAINT `4y2e9_categorygroups_i18n_locale_fk` FOREIGN KEY (`locale`) REFERENCES `4y2e9_locales` (`locale`) ON DELETE CASCADE ON UPDATE CASCADE;

--
-- Constraints for table `4y2e9_content`
--
ALTER TABLE `4y2e9_content`
	ADD CONSTRAINT `4y2e9_content_elementId_fk` FOREIGN KEY (`elementId`) REFERENCES `4y2e9_elements` (`id`) ON DELETE CASCADE,
	ADD CONSTRAINT `4y2e9_content_locale_fk` FOREIGN KEY (`locale`) REFERENCES `4y2e9_locales` (`locale`) ON DELETE CASCADE ON UPDATE CASCADE;

--
-- Constraints for table `4y2e9_elements_i18n`
--
ALTER TABLE `4y2e9_elements_i18n`
	ADD CONSTRAINT `4y2e9_elements_i18n_elementId_fk` FOREIGN KEY (`elementId`) REFERENCES `4y2e9_elements` (`id`) ON DELETE CASCADE,
	ADD CONSTRAINT `4y2e9_elements_i18n_locale_fk` FOREIGN KEY (`locale`) REFERENCES `4y2e9_locales` (`locale`) ON DELETE CASCADE ON UPDATE CASCADE;

--
-- Constraints for table `4y2e9_emailmessages`
--
ALTER TABLE `4y2e9_emailmessages`
	ADD CONSTRAINT `4y2e9_emailmessages_locale_fk` FOREIGN KEY (`locale`) REFERENCES `4y2e9_locales` (`locale`) ON DELETE CASCADE ON UPDATE CASCADE;

--
-- Constraints for table `4y2e9_entries`
--
ALTER TABLE `4y2e9_entries`
	ADD CONSTRAINT `4y2e9_entries_authorId_fk` FOREIGN KEY (`authorId`) REFERENCES `4y2e9_users` (`id`) ON DELETE CASCADE,
	ADD CONSTRAINT `4y2e9_entries_id_fk` FOREIGN KEY (`id`) REFERENCES `4y2e9_elements` (`id`) ON DELETE CASCADE,
	ADD CONSTRAINT `4y2e9_entries_sectionId_fk` FOREIGN KEY (`sectionId`) REFERENCES `4y2e9_sections` (`id`) ON DELETE CASCADE,
	ADD CONSTRAINT `4y2e9_entries_typeId_fk` FOREIGN KEY (`typeId`) REFERENCES `4y2e9_entrytypes` (`id`) ON DELETE CASCADE;

--
-- Constraints for table `4y2e9_entrydrafts`
--
ALTER TABLE `4y2e9_entrydrafts`
	ADD CONSTRAINT `4y2e9_entrydrafts_creatorId_fk` FOREIGN KEY (`creatorId`) REFERENCES `4y2e9_users` (`id`) ON DELETE CASCADE,
	ADD CONSTRAINT `4y2e9_entrydrafts_entryId_fk` FOREIGN KEY (`entryId`) REFERENCES `4y2e9_entries` (`id`) ON DELETE CASCADE,
	ADD CONSTRAINT `4y2e9_entrydrafts_locale_fk` FOREIGN KEY (`locale`) REFERENCES `4y2e9_locales` (`locale`) ON DELETE CASCADE ON UPDATE CASCADE,
	ADD CONSTRAINT `4y2e9_entrydrafts_sectionId_fk` FOREIGN KEY (`sectionId`) REFERENCES `4y2e9_sections` (`id`) ON DELETE CASCADE;

--
-- Constraints for table `4y2e9_entrytypes`
--
ALTER TABLE `4y2e9_entrytypes`
	ADD CONSTRAINT `4y2e9_entrytypes_fieldLayoutId_fk` FOREIGN KEY (`fieldLayoutId`) REFERENCES `4y2e9_fieldlayouts` (`id`) ON DELETE SET NULL,
	ADD CONSTRAINT `4y2e9_entrytypes_sectionId_fk` FOREIGN KEY (`sectionId`) REFERENCES `4y2e9_sections` (`id`) ON DELETE CASCADE;

--
-- Constraints for table `4y2e9_entryversions`
--
ALTER TABLE `4y2e9_entryversions`
	ADD CONSTRAINT `4y2e9_entryversions_creatorId_fk` FOREIGN KEY (`creatorId`) REFERENCES `4y2e9_users` (`id`) ON DELETE SET NULL,
	ADD CONSTRAINT `4y2e9_entryversions_entryId_fk` FOREIGN KEY (`entryId`) REFERENCES `4y2e9_entries` (`id`) ON DELETE CASCADE,
	ADD CONSTRAINT `4y2e9_entryversions_locale_fk` FOREIGN KEY (`locale`) REFERENCES `4y2e9_locales` (`locale`) ON DELETE CASCADE ON UPDATE CASCADE,
	ADD CONSTRAINT `4y2e9_entryversions_sectionId_fk` FOREIGN KEY (`sectionId`) REFERENCES `4y2e9_sections` (`id`) ON DELETE CASCADE;

--
-- Constraints for table `4y2e9_fieldlayoutfields`
--
ALTER TABLE `4y2e9_fieldlayoutfields`
	ADD CONSTRAINT `4y2e9_fieldlayoutfields_fieldId_fk` FOREIGN KEY (`fieldId`) REFERENCES `4y2e9_fields` (`id`) ON DELETE CASCADE,
	ADD CONSTRAINT `4y2e9_fieldlayoutfields_layoutId_fk` FOREIGN KEY (`layoutId`) REFERENCES `4y2e9_fieldlayouts` (`id`) ON DELETE CASCADE,
	ADD CONSTRAINT `4y2e9_fieldlayoutfields_tabId_fk` FOREIGN KEY (`tabId`) REFERENCES `4y2e9_fieldlayouttabs` (`id`) ON DELETE CASCADE;

--
-- Constraints for table `4y2e9_fieldlayouttabs`
--
ALTER TABLE `4y2e9_fieldlayouttabs`
	ADD CONSTRAINT `4y2e9_fieldlayouttabs_layoutId_fk` FOREIGN KEY (`layoutId`) REFERENCES `4y2e9_fieldlayouts` (`id`) ON DELETE CASCADE;

--
-- Constraints for table `4y2e9_fields`
--
ALTER TABLE `4y2e9_fields`
	ADD CONSTRAINT `4y2e9_fields_groupId_fk` FOREIGN KEY (`groupId`) REFERENCES `4y2e9_fieldgroups` (`id`) ON DELETE CASCADE;

--
-- Constraints for table `4y2e9_globalsets`
--
ALTER TABLE `4y2e9_globalsets`
	ADD CONSTRAINT `4y2e9_globalsets_fieldLayoutId_fk` FOREIGN KEY (`fieldLayoutId`) REFERENCES `4y2e9_fieldlayouts` (`id`) ON DELETE SET NULL,
	ADD CONSTRAINT `4y2e9_globalsets_id_fk` FOREIGN KEY (`id`) REFERENCES `4y2e9_elements` (`id`) ON DELETE CASCADE;

--
-- Constraints for table `4y2e9_matrixblocks`
--
ALTER TABLE `4y2e9_matrixblocks`
	ADD CONSTRAINT `4y2e9_matrixblocks_fieldId_fk` FOREIGN KEY (`fieldId`) REFERENCES `4y2e9_fields` (`id`) ON DELETE CASCADE,
	ADD CONSTRAINT `4y2e9_matrixblocks_id_fk` FOREIGN KEY (`id`) REFERENCES `4y2e9_elements` (`id`) ON DELETE CASCADE,
	ADD CONSTRAINT `4y2e9_matrixblocks_ownerId_fk` FOREIGN KEY (`ownerId`) REFERENCES `4y2e9_elements` (`id`) ON DELETE CASCADE,
	ADD CONSTRAINT `4y2e9_matrixblocks_ownerLocale_fk` FOREIGN KEY (`ownerLocale`) REFERENCES `4y2e9_locales` (`locale`) ON DELETE CASCADE ON UPDATE CASCADE,
	ADD CONSTRAINT `4y2e9_matrixblocks_typeId_fk` FOREIGN KEY (`typeId`) REFERENCES `4y2e9_matrixblocktypes` (`id`) ON DELETE CASCADE;

--
-- Constraints for table `4y2e9_matrixblocktypes`
--
ALTER TABLE `4y2e9_matrixblocktypes`
	ADD CONSTRAINT `4y2e9_matrixblocktypes_fieldId_fk` FOREIGN KEY (`fieldId`) REFERENCES `4y2e9_fields` (`id`) ON DELETE CASCADE,
	ADD CONSTRAINT `4y2e9_matrixblocktypes_fieldLayoutId_fk` FOREIGN KEY (`fieldLayoutId`) REFERENCES `4y2e9_fieldlayouts` (`id`) ON DELETE SET NULL;

--
-- Constraints for table `4y2e9_matrixcontent_pagelayout`
--
ALTER TABLE `4y2e9_matrixcontent_pagelayout`
	ADD CONSTRAINT `4y2e9_matrixcontent_pagelayout_elementId_fk` FOREIGN KEY (`elementId`) REFERENCES `4y2e9_elements` (`id`) ON DELETE CASCADE,
	ADD CONSTRAINT `4y2e9_matrixcontent_pagelayout_locale_fk` FOREIGN KEY (`locale`) REFERENCES `4y2e9_locales` (`locale`) ON DELETE CASCADE ON UPDATE CASCADE;

--
-- Constraints for table `4y2e9_migrations`
--
ALTER TABLE `4y2e9_migrations`
	ADD CONSTRAINT `4y2e9_migrations_pluginId_fk` FOREIGN KEY (`pluginId`) REFERENCES `4y2e9_plugins` (`id`) ON DELETE CASCADE;

--
-- Constraints for table `4y2e9_relations`
--
ALTER TABLE `4y2e9_relations`
	ADD CONSTRAINT `4y2e9_relations_fieldId_fk` FOREIGN KEY (`fieldId`) REFERENCES `4y2e9_fields` (`id`) ON DELETE CASCADE,
	ADD CONSTRAINT `4y2e9_relations_sourceId_fk` FOREIGN KEY (`sourceId`) REFERENCES `4y2e9_elements` (`id`) ON DELETE CASCADE,
	ADD CONSTRAINT `4y2e9_relations_sourceLocale_fk` FOREIGN KEY (`sourceLocale`) REFERENCES `4y2e9_locales` (`locale`) ON DELETE CASCADE ON UPDATE CASCADE,
	ADD CONSTRAINT `4y2e9_relations_targetId_fk` FOREIGN KEY (`targetId`) REFERENCES `4y2e9_elements` (`id`) ON DELETE CASCADE;

--
-- Constraints for table `4y2e9_routes`
--
ALTER TABLE `4y2e9_routes`
	ADD CONSTRAINT `4y2e9_routes_locale_fk` FOREIGN KEY (`locale`) REFERENCES `4y2e9_locales` (`locale`) ON DELETE CASCADE ON UPDATE CASCADE;

--
-- Constraints for table `4y2e9_sections`
--
ALTER TABLE `4y2e9_sections`
	ADD CONSTRAINT `4y2e9_sections_structureId_fk` FOREIGN KEY (`structureId`) REFERENCES `4y2e9_structures` (`id`) ON DELETE SET NULL;

--
-- Constraints for table `4y2e9_sections_i18n`
--
ALTER TABLE `4y2e9_sections_i18n`
	ADD CONSTRAINT `4y2e9_sections_i18n_locale_fk` FOREIGN KEY (`locale`) REFERENCES `4y2e9_locales` (`locale`) ON DELETE CASCADE ON UPDATE CASCADE,
	ADD CONSTRAINT `4y2e9_sections_i18n_sectionId_fk` FOREIGN KEY (`sectionId`) REFERENCES `4y2e9_sections` (`id`) ON DELETE CASCADE;

--
-- Constraints for table `4y2e9_sessions`
--
ALTER TABLE `4y2e9_sessions`
	ADD CONSTRAINT `4y2e9_sessions_userId_fk` FOREIGN KEY (`userId`) REFERENCES `4y2e9_users` (`id`) ON DELETE CASCADE;

--
-- Constraints for table `4y2e9_shunnedmessages`
--
ALTER TABLE `4y2e9_shunnedmessages`
	ADD CONSTRAINT `4y2e9_shunnedmessages_userId_fk` FOREIGN KEY (`userId`) REFERENCES `4y2e9_users` (`id`) ON DELETE CASCADE;

--
-- Constraints for table `4y2e9_structureelements`
--
ALTER TABLE `4y2e9_structureelements`
	ADD CONSTRAINT `4y2e9_structureelements_elementId_fk` FOREIGN KEY (`elementId`) REFERENCES `4y2e9_elements` (`id`) ON DELETE CASCADE,
	ADD CONSTRAINT `4y2e9_structureelements_structureId_fk` FOREIGN KEY (`structureId`) REFERENCES `4y2e9_structures` (`id`) ON DELETE CASCADE;

--
-- Constraints for table `4y2e9_taggroups`
--
ALTER TABLE `4y2e9_taggroups`
	ADD CONSTRAINT `4y2e9_taggroups_fieldLayoutId_fk` FOREIGN KEY (`fieldLayoutId`) REFERENCES `4y2e9_fieldlayouts` (`id`) ON DELETE SET NULL;

--
-- Constraints for table `4y2e9_tags`
--
ALTER TABLE `4y2e9_tags`
	ADD CONSTRAINT `4y2e9_tags_groupId_fk` FOREIGN KEY (`groupId`) REFERENCES `4y2e9_taggroups` (`id`) ON DELETE CASCADE,
	ADD CONSTRAINT `4y2e9_tags_id_fk` FOREIGN KEY (`id`) REFERENCES `4y2e9_elements` (`id`) ON DELETE CASCADE;

--
-- Constraints for table `4y2e9_templatecachecriteria`
--
ALTER TABLE `4y2e9_templatecachecriteria`
	ADD CONSTRAINT `4y2e9_templatecachecriteria_cacheId_fk` FOREIGN KEY (`cacheId`) REFERENCES `4y2e9_templatecaches` (`id`) ON DELETE CASCADE;

--
-- Constraints for table `4y2e9_templatecacheelements`
--
ALTER TABLE `4y2e9_templatecacheelements`
	ADD CONSTRAINT `4y2e9_templatecacheelements_cacheId_fk` FOREIGN KEY (`cacheId`) REFERENCES `4y2e9_templatecaches` (`id`) ON DELETE CASCADE,
	ADD CONSTRAINT `4y2e9_templatecacheelements_elementId_fk` FOREIGN KEY (`elementId`) REFERENCES `4y2e9_elements` (`id`) ON DELETE CASCADE;

--
-- Constraints for table `4y2e9_templatecaches`
--
ALTER TABLE `4y2e9_templatecaches`
	ADD CONSTRAINT `4y2e9_templatecaches_locale_fk` FOREIGN KEY (`locale`) REFERENCES `4y2e9_locales` (`locale`) ON DELETE CASCADE ON UPDATE CASCADE;

--
-- Constraints for table `4y2e9_usergroups_users`
--
ALTER TABLE `4y2e9_usergroups_users`
	ADD CONSTRAINT `4y2e9_usergroups_users_groupId_fk` FOREIGN KEY (`groupId`) REFERENCES `4y2e9_usergroups` (`id`) ON DELETE CASCADE,
	ADD CONSTRAINT `4y2e9_usergroups_users_userId_fk` FOREIGN KEY (`userId`) REFERENCES `4y2e9_users` (`id`) ON DELETE CASCADE;

--
-- Constraints for table `4y2e9_userpermissions_usergroups`
--
ALTER TABLE `4y2e9_userpermissions_usergroups`
	ADD CONSTRAINT `4y2e9_userpermissions_usergroups_groupId_fk` FOREIGN KEY (`groupId`) REFERENCES `4y2e9_usergroups` (`id`) ON DELETE CASCADE,
	ADD CONSTRAINT `4y2e9_userpermissions_usergroups_permissionId_fk` FOREIGN KEY (`permissionId`) REFERENCES `4y2e9_userpermissions` (`id`) ON DELETE CASCADE;

--
-- Constraints for table `4y2e9_userpermissions_users`
--
ALTER TABLE `4y2e9_userpermissions_users`
	ADD CONSTRAINT `4y2e9_userpermissions_users_permissionId_fk` FOREIGN KEY (`permissionId`) REFERENCES `4y2e9_userpermissions` (`id`) ON DELETE CASCADE,
	ADD CONSTRAINT `4y2e9_userpermissions_users_userId_fk` FOREIGN KEY (`userId`) REFERENCES `4y2e9_users` (`id`) ON DELETE CASCADE;

--
-- Constraints for table `4y2e9_users`
--
ALTER TABLE `4y2e9_users`
	ADD CONSTRAINT `4y2e9_users_id_fk` FOREIGN KEY (`id`) REFERENCES `4y2e9_elements` (`id`) ON DELETE CASCADE,
	ADD CONSTRAINT `4y2e9_users_preferredLocale_fk` FOREIGN KEY (`preferredLocale`) REFERENCES `4y2e9_locales` (`locale`) ON DELETE SET NULL ON UPDATE CASCADE;

--
-- Constraints for table `4y2e9_widgets`
--
ALTER TABLE `4y2e9_widgets`
	ADD CONSTRAINT `4y2e9_widgets_userId_fk` FOREIGN KEY (`userId`) REFERENCES `4y2e9_users` (`id`) ON DELETE CASCADE;

SET FOREIGN_KEY_CHECKS = 1;
